{
	"__comment": "Designed by Nick1701 with Cubik Studio - https://cubik.studio",
	"textures": {
		"0": "minecart/minecart",
		"1": "minecart/chest"
	},
	"elements": [ 	 
		{
			"__comment": "Element",
			"from": [ 1, 4, 1 ],
			"to": [ 15, 18, 15 ],
			"faces": {
				"down": { "uv": [ 7, 0, 10.5, 3.5 ], "texture": "#1" },
				"up": { "uv": [ 7, 0, 10.5, 3.5 ], "texture": "#1" },
				"north": { "uv": [ 10.5, 8.25, 14, 12 ], "texture": "#1", "rotation": 180 },
				"south": { "uv": [ 0, 8.249999, 3.5, 12 ], "texture": "#1", "rotation": 180 },
				"west": { "uv": [ 7, 8.25, 3.5, 12 ], "texture": "#1", "rotation": 180 },
				"east": { "uv": [ 0, 8.25, 3.5, 12 ], "texture": "#1", "rotation": 180 }
			}
		},
		{
			"__comment": "Element",
			"from": [ 7, 11, 0 ],
			"to": [ 9, 15, 2 ],
			"faces": {
				"down": { "uv": [ 0.25, 0, 0.75, 0.25 ], "texture": "#1", "rotation": 180 },
				"up": { "uv": [ 1.25, 0, 0.75, 0.25 ], "texture": "#1" },
				"north": { "uv": [ 0.25, 0.25, 0.75, 1.25 ], "texture": "#1", "rotation": 180 },
				"west": { "uv": [ 1, 0.25, 1.25, 1.25 ], "texture": "#1", "rotation": 180 },
				"east": { "uv": [ 0.5, 0.25, 0.75, 1.25 ], "texture": "#1", "rotation": 180 }
			}
		},
		{
			"__comment": "Element",
			"from": [ -2.4, -2.4, -5 ],
			"to": [ 18.4, 0.2000003, 21 ],
			"faces": {
				"down": { "uv": [ 5.5, 6, 0.5, 14 ], "texture": "#0", "rotation": 90 },
				"up": { "uv": [ 6, 6, 11, 14 ], "texture": "#0", "rotation": 90 },
				"north": { "uv": [ 5.5, 6, 6, 14 ], "texture": "#0", "rotation": 90 },
				"south": { "uv": [ 0, 6, 0.5, 14 ], "texture": "#0", "rotation": 90 },
				"west": { "uv": [ 5.5, 5, 10.5, 6 ], "texture": "#0" },
				"east": { "uv": [ 0.5, 5, 5.5, 6 ], "texture": "#0" }
			}
		},
		{
			"__comment": "Element",
			"from": [ -2.4, 0.2, -5 ],
			"to": [ 18.4, 10.6, -2.4 ],
			"faces": {
				"down": { "uv": [ 0.5, 0, 4.5, 1 ], "texture": "#0" },
				"up": { "uv": [ 0.5, 0, 4.5, 1 ], "texture": "#0" },
				"north": { "uv": [ 5, 1, 9, 5 ], "texture": "#0" },
				"south": { "uv": [ 0.5, 1, 4.5, 5 ], "texture": "#0" },
				"west": { "uv": [ 0, 1, 0.5, 5 ], "texture": "#0" },
				"east": { "uv": [ 4.5, 1, 5, 5 ], "texture": "#0" }
			}
		},
		{
			"__comment": "Element",
			"from": [ -2.4, 0.2, 18.4 ],
			"to": [ 18.4, 10.6, 21 ],
			"faces": {
				"down": { "uv": [ 0.5, 0, 4.5, 1 ], "texture": "#0" },
				"up": { "uv": [ 0.5, 1, 4.5, 0 ], "texture": "#0" },
				"north": { "uv": [ 0.5, 1, 4.5, 5 ], "texture": "#0" },
				"south": { "uv": [ 5, 1, 9, 5 ], "texture": "#0" },
				"west": { "uv": [ 4.5, 1, 5, 5 ], "texture": "#0" },
				"east": { "uv": [ 0, 1, 0.5, 5 ], "texture": "#0" }
			}
		},
		{
			"__comment": "Element",
			"from": [ -2.4, 0.2, -2.4 ],
			"to": [ 0.2000003, 10.6, 18.4 ],
			"faces": {
				"up": { "uv": [ 0.5, 0, 4.5, 1 ], "texture": "#0", "rotation": 270 },
				"west": { "uv": [ 5, 1, 9, 5 ], "texture": "#0" },
				"east": { "uv": [ 0.5, 1, 4.5, 5 ], "texture": "#0" }
			}
		},
		{
			"__comment": "Element",
			"from": [ 15.8, 0.2, -2.4 ],
			"to": [ 18.4, 10.6, 18.4 ],
			"faces": {
				"up": { "uv": [ 0.5, 0, 4.5, 1 ], "texture": "#0", "rotation": 90 },
				"west": { "uv": [ 0.5, 1, 4.5, 5 ], "texture": "#0" },
				"east": { "uv": [ 5, 1, 9, 5 ], "texture": "#0" }
			}
		}
	]
}