{
    "providers": [
        {
            "type": "ttf",
            "file": "minecraft:negative_spaces.ttf",
            "shift": [0.0, 0.0],
            "size": 10.0,
            "oversample": 1.0
        },
        {
            "type": "bitmap",
            "file": "minecraft:font/star.png",
            "ascent": -14,
            "height": 10,
            "chars": [
                "\uEff1"
            ]
        },
        {
            "type": "bitmap",
            "file": "minecraft:font/star_outline.png",
            "ascent": -14,
            "height": 10,
            "chars": [
                "\uEff2"
            ]
        },
        {
            "type": "bitmap",
            "file": "minecraft:font/back.png",
            "ascent": -12,
            "height": 15,
            "chars": [
                "\uEff3"
            ]
        },
        {
            "type": "bitmap",
            "file": "minecraft:font/filter.png",
            "ascent": 24,
            "height": 139,
            "chars": [
                "\uEff4"
            ]
        }
    ]
}