{
    "parent": "item/generated",
    "textures": {
        "layer0": "item/barrier"
    },

	"overrides": [
		{"predicate": {"custom_model_data":1}, "model": "item/gui_item"},
		{"predicate": {"custom_model_data":2}, "model": "item/gui_item_slot_aura"},
		{"predicate": {"custom_model_data":3}, "model": "item/gui_item_slot_active"},
		{"predicate": {"custom_model_data":4}, "model": "item/gui_item_slot_booster"},
		{"predicate": {"custom_model_data":4}, "model": "item/gui_item_slot_ring"},
		{"predicate": {"custom_model_data":6}, "model": "item/custom/gui_talisman"},
		{"predicate": {"custom_model_data":7}, "model": "item/custom/gui_questionmark"}
	]
}
