{
    "parent": "item/handheld_rod",
    "textures": {
        "layer0": "item/carrot_on_a_stick"
    },

	"overrides": [
		{"predicate": {"custom_model_data":1}, "model": "item/custom/upgrade"},
		{"predicate": {"custom_model_data":2}, "model": "item/custom/potion/potion_33"},
		{"predicate": {"custom_model_data":3}, "model": "item/custom/elfenfeder"},
		{"predicate": {"custom_model_data":10}, "model": "item/custom/speed_staff"},
		{"predicate": {"custom_model_data":11}, "model": "item/custom/ice_staff"},
		{"predicate": {"custom_model_data":12}, "model": "item/custom/ice_wall_staff"},
		{"predicate": {"custom_model_data":13}, "model": "item/custom/glowing_staff"},
		{"predicate": {"custom_model_data":14}, "model": "item/custom/fire_staff_lvl1"},
		{"predicate": {"custom_model_data":15}, "model": "item/custom/fire_staff_lvl2"},
		{"predicate": {"custom_model_data":16}, "model": "item/custom/fire_staff_lvl3"},
		{"predicate": {"custom_model_data":17}, "model": "item/custom/gravity_staff_lvl1"},
		{"predicate": {"custom_model_data":18}, "model": "item/custom/gravity_staff_lvl2"},
		{"predicate": {"custom_model_data":19}, "model": "item/custom/speed_staff_2"}
	]
}
