{
    "parent": "item/handheld",
    "textures": {
        "layer0": "item/diamond_axe"
    },
	"overrides": [
		{"predicate": {"custom_model_data":1}, "model": "item/custom/dia_axt"},
		{"predicate": {"custom_model_data":200}, "model": "item/custom/skin/axe/axe_1"},
		{"predicate": {"custom_model_data":201}, "model": "item/custom/skin/axe/axe_2"},
		{"predicate": {"custom_model_data":202}, "model": "item/custom/skin/axe/axe_3"},
		{"predicate": {"custom_model_data":203}, "model": "item/custom/skin/axe/axe_4"},
		{"predicate": {"custom_model_data":204}, "model": "item/custom/skin/axe/axe_5"},
		{"predicate": {"custom_model_data":205}, "model": "item/custom/skin/axe/axe_6"},
		{"predicate": {"custom_model_data":206}, "model": "item/custom/skin/axe/axe_7"}
		]
	
	
}
