{
    "parent": "item/handheld",
    "textures": {
        "layer0": "item/golden_sword"
    },

	"overrides": [
		{"predicate": {"custom_model_data":100}, "model": "item/custom/skin/sword_1"},
		{"predicate": {"custom_model_data":101}, "model": "item/custom/skin/sword_2"},
		{"predicate": {"custom_model_data":102}, "model": "item/custom/skin/sword_3"},
		{"predicate": {"custom_model_data":103}, "model": "item/custom/skin/sword_4"},
		{"predicate": {"custom_model_data":104}, "model": "item/custom/skin/sword_5"},
		{"predicate": {"custom_model_data":105}, "model": "item/custom/skin/money_dagger"},
		{"predicate": {"custom_model_data":106}, "model": "item/custom/skin/flaming_sword"},
		{"predicate": {"custom_model_data":107}, "model": "item/custom/skin/evil_dagger"},
		{"predicate": {"custom_model_data":108}, "model": "item/custom/skin/dagger_frost"},
		{"predicate": {"custom_model_data":109}, "model": "item/custom/skin/sword_6"},
		{"predicate": {"custom_model_data":110}, "model": "item/custom/skin/sword_7"},
		{"predicate": {"custom_model_data":111}, "model": "item/custom/skin/sword_8"},
		{"predicate": {"custom_model_data":112}, "model": "item/custom/skin/sword_10"},
		{"predicate": {"custom_model_data":113}, "model": "item/custom/skin/sword_11"},
		{"predicate": {"custom_model_data":114}, "model": "item/custom/skin/sword_12"},
		{"predicate": {"custom_model_data":115}, "model": "item/custom/skin/sword_13"},
		{"predicate": {"custom_model_data":116}, "model": "item/custom/skin/sword_14"},
		{"predicate": {"custom_model_data":117}, "model": "item/custom/skin/sword_15"},
		{"predicate": {"custom_model_data":118}, "model": "item/custom/skin/sword_16"},
		{"predicate": {"custom_model_data":119}, "model": "item/custom/skin/sword_17"},
		{"predicate": {"custom_model_data":120}, "model": "item/custom/skin/sword_18"},
		{"predicate": {"custom_model_data":121}, "model": "item/custom/skin/sword_19"},
		{"predicate": {"custom_model_data":122}, "model": "item/custom/skin/sword_20"},
		{"predicate": {"custom_model_data":123}, "model": "item/custom/skin/sword_21"},
		{"predicate": {"custom_model_data":124}, "model": "item/custom/skin/sword_22"},
		{"predicate": {"custom_model_data":125}, "model": "item/custom/skin/sword_23"},
		{"predicate": {"custom_model_data":126}, "model": "item/custom/skin/sword_24"},
		{"predicate": {"custom_model_data":127}, "model": "item/custom/skin/sword_25"},
		{"predicate": {"custom_model_data":128}, "model": "item/custom/skin/sword_26"},
		{"predicate": {"custom_model_data":129}, "model": "item/custom/skin/sword_28"},
		{"predicate": {"custom_model_data":130}, "model": "item/custom/skin/sword_30"},
		{"predicate": {"custom_model_data":131}, "model": "item/custom/skin/sword_31"},
		{"predicate": {"custom_model_data":132}, "model": "item/custom/skin/sword_9"},
		{"predicate": {"custom_model_data":133}, "model": "item/custom/skin/sword_27"},
		{"predicate": {"custom_model_data":134}, "model": "item/custom/skin/sword_29"},
		{"predicate": {"custom_model_data":135}, "model": "item/custom/skin/spear_frost"},
		{"predicate": {"custom_model_data":136}, "model": "item/custom/golden_sword"}
		
	]
}
