{
    "parent": "item/handheld",
    "textures": {
        "layer0": "item/iron_pickaxe"
    },
	"overrides": [
		{"predicate": {"custom_model_data":1}, "model": "item/custom/pickaxe_1"},
		{"predicate": {"custom_model_data":2}, "model": "item/custom/pickaxe_2"},
		{"predicate": {"custom_model_data":3}, "model": "item/custom/pickaxe_3"},
		{"predicate": {"custom_model_data":4}, "model": "item/custom/pickaxe_4"},
		{"predicate": {"custom_model_data":5}, "model": "item/custom/zwergenspitzhacke_1"},
		{"predicate": {"custom_model_data":6}, "model": "item/custom/zwergenspitzhacke_2"},
		{"predicate": {"custom_model_data":7}, "model": "item/custom/zwergenspitzhacke_3"}
		]
}
