{
    "parent": "item/generated",
    "textures": {
        "layer0": "item/potion_overlay",
        "layer1": "item/lingering_potion"
    },

	"overrides": [
		{"predicate": {"custom_model_data":1}, "model": "item/custom/potion/potion_1"},
		{"predicate": {"custom_model_data":2}, "model": "item/custom/potion/potion_2"},
		{"predicate": {"custom_model_data":3}, "model": "item/custom/potion/potion_3"},
		{"predicate": {"custom_model_data":4}, "model": "item/custom/potion/potion_4"},
		{"predicate": {"custom_model_data":5}, "model": "item/custom/potion/potion_5"},
		{"predicate": {"custom_model_data":6}, "model": "item/custom/potion/potion_6"},
		{"predicate": {"custom_model_data":7}, "model": "item/custom/potion/potion_7"},
		{"predicate": {"custom_model_data":8}, "model": "item/custom/potion/potion_8"},
		{"predicate": {"custom_model_data":9}, "model": "item/custom/potion/potion_9"},
		{"predicate": {"custom_model_data":10}, "model": "item/custom/potion/potion_10"},
		{"predicate": {"custom_model_data":11}, "model": "item/custom/potion/potion_11"},
		{"predicate": {"custom_model_data":12}, "model": "item/custom/potion/potion_12"},
		{"predicate": {"custom_model_data":13}, "model": "item/custom/potion/potion_13"},
		{"predicate": {"custom_model_data":14}, "model": "item/custom/potion/potion_14"},
		{"predicate": {"custom_model_data":15}, "model": "item/custom/potion/potion_15"},
		{"predicate": {"custom_model_data":16}, "model": "item/custom/potion/potion_16"},
		{"predicate": {"custom_model_data":17}, "model": "item/custom/potion/potion_17"},
		{"predicate": {"custom_model_data":18}, "model": "item/custom/potion/potion_18"},
		{"predicate": {"custom_model_data":19}, "model": "item/custom/potion/potion_19"},
		{"predicate": {"custom_model_data":20}, "model": "item/custom/potion/potion_20"},
		{"predicate": {"custom_model_data":21}, "model": "item/custom/potion/potion_21"},
		{"predicate": {"custom_model_data":22}, "model": "item/custom/potion/potion_22"},
		{"predicate": {"custom_model_data":23}, "model": "item/custom/potion/potion_23"},
		{"predicate": {"custom_model_data":24}, "model": "item/custom/potion/potion_24"},
		{"predicate": {"custom_model_data":25}, "model": "item/custom/potion/potion_25"},
		{"predicate": {"custom_model_data":26}, "model": "item/custom/potion/potion_26"},
		{"predicate": {"custom_model_data":27}, "model": "item/custom/potion/potion_27"},
		{"predicate": {"custom_model_data":28}, "model": "item/custom/potion/potion_28"},
		{"predicate": {"custom_model_data":29}, "model": "item/custom/potion/potion_29"},
		{"predicate": {"custom_model_data":30}, "model": "item/custom/potion/potion_30"},
		{"predicate": {"custom_model_data":31}, "model": "item/custom/potion/potion_31"},
		{"predicate": {"custom_model_data":32}, "model": "item/custom/potion/potion_32"},
		{"predicate": {"custom_model_data":33}, "model": "item/custom/potion/potion_33"},
		{"predicate": {"custom_model_data":34}, "model": "item/custom/potion/potion_34"},
		{"predicate": {"custom_model_data":35}, "model": "item/custom/potion/potion_35"},
		{"predicate": {"custom_model_data":36}, "model": "item/custom/potion/potion_36"},
		{"predicate": {"custom_model_data":37}, "model": "item/custom/potion/potion_37"},
		{"predicate": {"custom_model_data":38}, "model": "item/custom/potion/potion_38"},
		{"predicate": {"custom_model_data":39}, "model": "item/custom/potion/potion_39"},
		{"predicate": {"custom_model_data":40}, "model": "item/custom/potion/potion_40"},
		{"predicate": {"custom_model_data":41}, "model": "item/custom/potion/potion_41"},
		{"predicate": {"custom_model_data":42}, "model": "item/custom/potion/potion_42"},
		{"predicate": {"custom_model_data":43}, "model": "item/custom/potion/potion_43"},
		{"predicate": {"custom_model_data":44}, "model": "item/custom/potion/potion_44"},
		{"predicate": {"custom_model_data":45}, "model": "item/custom/potion/potion_45"},
		{"predicate": {"custom_model_data":46}, "model": "item/custom/potion/potion_46"},
		{"predicate": {"custom_model_data":47}, "model": "item/custom/potion/potion_47"},
		{"predicate": {"custom_model_data":48}, "model": "item/custom/potion/potion_48"},
		{"predicate": {"custom_model_data":49}, "model": "item/custom/potion/potion_49"},
		{"predicate": {"custom_model_data":50}, "model": "item/custom/potion/potion_50"},
		{"predicate": {"custom_model_data":51}, "model": "item/custom/potion/potion_51"},
		{"predicate": {"custom_model_data":52}, "model": "item/custom/potion/potion_52"},
		{"predicate": {"custom_model_data":53}, "model": "item/custom/potion/potion_53"},
		{"predicate": {"custom_model_data":54}, "model": "item/custom/potion/potion_54"},
		{"predicate": {"custom_model_data":55}, "model": "item/custom/potion/potion_55"},
		{"predicate": {"custom_model_data":56}, "model": "item/custom/potion/potion_56"}
		
	]
}
