{
    "parent": "item/generated",
    "textures": {
        "layer0": "item/trident"
    },

	"overrides": [
		{"predicate": {"custom_model_data":132}, "model": "item/custom/skin/sword_9"},
		{"predicate": {"custom_model_data":133}, "model": "item/custom/skin/sword_27"},
		{"predicate": {"custom_model_data":134}, "model": "item/custom/skin/sword_29"},
		{"predicate": {"custom_model_data":135}, "model": "item/custom/skin/spear_frost"},
		{"predicate": {"custom_model_data":136}, "model": "item/custom/trident"}
	]
}
