{
    "parent": "item/handheld",
    "textures": {
        "layer0": "item/wooden_sword"
    },

	"overrides": [
		{"predicate": {"custom_model_data":1}, "model": "item/custom/invisible_sword"},
		{"predicate": {"custom_model_data":2}, "model": "item/custom/big_xp"},
		{"predicate": {"custom_model_data":100}, "model": "item/custom/skin/sword_1"},
		{"predicate": {"custom_model_data":101}, "model": "item/custom/skin/sword_2"},
		{"predicate": {"custom_model_data":102}, "model": "item/custom/skin/sword_3"},
		{"predicate": {"custom_model_data":103}, "model": "item/custom/skin/sword_4"},
		{"predicate": {"custom_model_data":104}, "model": "item/custom/skin/sword_5"},
		{"predicate": {"custom_model_data":105}, "model": "item/custom/skin/spear_frost"},
		{"predicate": {"custom_model_data":106}, "model": "item/custom/skin/money_dagger"},
		{"predicate": {"custom_model_data":107}, "model": "item/custom/skin/flaming_sword"},
		{"predicate": {"custom_model_data":108}, "model": "item/custom/skin/evil_dagger"},
		{"predicate": {"custom_model_data":109}, "model": "item/custom/skin/dagger_frost"}
		
	]
}
