{
	"__comment": "Designed by Nick1701 with Cubik Studio - https://cubik.studio",
	"textures": {
		"particle": "blocks/e_particle",
		"texture": "block/gold_block",
		"texture1": "block/redstone_block"
	},
	"elements": [ 	 
		{
			"__comment": "Box1",
			"from": [ 5.75, 12, -1.75 ],
			"to": [ 10.25, 12.75, -1.25 ],
			"faces": {
				"down": { "uv": [ 5.75, 1.25, 10.25, 1.75 ], "texture": "#texture" },
				"up": { "uv": [ 5.75, 14.25, 10.25, 14.75 ], "texture": "#texture" },
				"north": { "uv": [ 5.75, 3.25, 10.25, 4 ], "texture": "#texture" },
				"south": { "uv": [ 5.75, 3.25, 10.25, 4 ], "texture": "#texture" },
				"west": { "uv": [ 14.25, 3.25, 14.75, 4 ], "texture": "#texture" },
				"east": { "uv": [ 1.25, 3.25, 1.75, 4 ], "texture": "#texture" }
			}
		},
		{
			"__comment": "Box2",
			"from": [ 5, 7, -1.75 ],
			"to": [ 5.75, 12, -1.25 ],
			"faces": {
				"down": { "uv": [ 5, 1.25, 5.75, 1.75 ], "texture": "#texture" },
				"up": { "uv": [ 5, 14.25, 5.75, 14.75 ], "texture": "#texture" },
				"north": { "uv": [ 10.25, 4, 11, 9 ], "texture": "#texture" },
				"south": { "uv": [ 5, 4, 5.75, 9 ], "texture": "#texture" },
				"west": { "uv": [ 14.25, 4, 14.75, 9 ], "texture": "#texture" },
				"east": { "uv": [ 1.25, 4, 1.75, 9 ], "texture": "#texture" }
			}
		},
		{
			"__comment": "Box3",
			"from": [ 10.25, 7, -1.75 ],
			"to": [ 11, 12, -1.25 ],
			"faces": {
				"down": { "uv": [ 10.25, 1.25, 11, 1.75 ], "texture": "#texture" },
				"up": { "uv": [ 10.25, 14.25, 11, 14.75 ], "texture": "#texture" },
				"north": { "uv": [ 5, 4, 5.75, 9 ], "texture": "#texture" },
				"south": { "uv": [ 10.25, 4, 11, 9 ], "texture": "#texture" },
				"west": { "uv": [ 14.25, 4, 14.75, 9 ], "texture": "#texture" },
				"east": { "uv": [ 1.25, 4, 1.75, 9 ], "texture": "#texture" }
			}
		},
		{
			"__comment": "Box10",
			"from": [ 7, 2, -1.75 ],
			"to": [ 9, 5, -0.75 ],
			"faces": {
				"down": { "uv": [ 7, 0.75, 9, 1.75 ], "texture": "#texture" },
				"up": { "uv": [ 7, 14.25, 9, 15.25 ], "texture": "#texture" },
				"north": { "uv": [ 7, 11, 9, 14 ], "texture": "#texture" },
				"south": { "uv": [ 7, 11, 9, 14 ], "texture": "#texture" },
				"west": { "uv": [ 14.25, 11, 15.25, 14 ], "texture": "#texture" },
				"east": { "uv": [ 0.75, 11, 1.75, 14 ], "texture": "#texture" }
			}
		},
		{
			"__comment": "Box11",
			"from": [ 6.5, 2.5, -1.75 ],
			"to": [ 7, 4.5, -0.75 ],
			"faces": {
				"down": { "uv": [ 6.5, 0.75, 7, 1.75 ], "texture": "#texture" },
				"up": { "uv": [ 6.5, 14.25, 7, 15.25 ], "texture": "#texture" },
				"north": { "uv": [ 9, 11.5, 9.5, 13.5 ], "texture": "#texture" },
				"south": { "uv": [ 6.5, 11.5, 7, 13.5 ], "texture": "#texture" },
				"west": { "uv": [ 14.25, 11.5, 15.25, 13.5 ], "texture": "#texture" },
				"east": { "uv": [ 0.75, 11.5, 1.75, 13.5 ], "texture": "#texture" }
			}
		},
		{
			"__comment": "Box12",
			"from": [ 5.75, 11.25, -1.75 ],
			"to": [ 6.5, 12, -1.25 ],
			"faces": {
				"down": { "uv": [ 5.75, 1.25, 6.5, 1.75 ], "texture": "#texture" },
				"up": { "uv": [ 5.75, 14.25, 6.5, 14.75 ], "texture": "#texture" },
				"north": { "uv": [ 9.5, 4, 10.25, 4.75 ], "texture": "#texture" },
				"south": { "uv": [ 5.75, 4, 6.5, 4.75 ], "texture": "#texture" },
				"west": { "uv": [ 14.25, 4, 14.75, 4.75 ], "texture": "#texture" },
				"east": { "uv": [ 1.25, 4, 1.75, 4.75 ], "texture": "#texture" }
			}
		},
		{
			"__comment": "Box13",
			"from": [ 9.5, 11.25, -1.75 ],
			"to": [ 10.25, 12, -1.25 ],
			"faces": {
				"down": { "uv": [ 9.5, 1.25, 10.25, 1.75 ], "texture": "#texture" },
				"up": { "uv": [ 9.5, 14.25, 10.25, 14.75 ], "texture": "#texture" },
				"north": { "uv": [ 5.75, 4, 6.5, 4.75 ], "texture": "#texture" },
				"south": { "uv": [ 9.5, 4, 10.25, 4.75 ], "texture": "#texture" },
				"west": { "uv": [ 14.25, 4, 14.75, 4.75 ], "texture": "#texture" },
				"east": { "uv": [ 1.25, 4, 1.75, 4.75 ], "texture": "#texture" }
			}
		},
		{
			"__comment": "Box14",
			"from": [ 5.75, 4, -1.75 ],
			"to": [ 6.5, 8, -1.25 ],
			"faces": {
				"down": { "uv": [ 5.75, 1.25, 6.5, 1.75 ], "texture": "#texture" },
				"up": { "uv": [ 5.75, 14.25, 6.5, 14.75 ], "texture": "#texture" },
				"north": { "uv": [ 9.5, 8, 10.25, 12 ], "texture": "#texture" },
				"south": { "uv": [ 5.75, 8, 6.5, 12 ], "texture": "#texture" },
				"west": { "uv": [ 14.25, 8, 14.75, 12 ], "texture": "#texture" },
				"east": { "uv": [ 1.25, 8, 1.75, 12 ], "texture": "#texture" }
			}
		},
		{
			"__comment": "Box15",
			"from": [ 9.5, 4, -1.75 ],
			"to": [ 10.25, 8, -1.25 ],
			"faces": {
				"down": { "uv": [ 9.5, 1.25, 10.25, 1.75 ], "texture": "#texture" },
				"up": { "uv": [ 9.5, 14.25, 10.25, 14.75 ], "texture": "#texture" },
				"north": { "uv": [ 5.75, 8, 6.5, 12 ], "texture": "#texture" },
				"south": { "uv": [ 9.5, 8, 10.25, 12 ], "texture": "#texture" },
				"west": { "uv": [ 14.25, 8, 14.75, 12 ], "texture": "#texture" },
				"east": { "uv": [ 1.25, 8, 1.75, 12 ], "texture": "#texture" }
			}
		},
		{
			"__comment": "Box16",
			"from": [ 9, 2.5, -1.75 ],
			"to": [ 9.5, 4.5, -0.75 ],
			"faces": {
				"down": { "uv": [ 9, 0.75, 9.5, 1.75 ], "texture": "#texture" },
				"up": { "uv": [ 9, 14.25, 9.5, 15.25 ], "texture": "#texture" },
				"north": { "uv": [ 6.5, 11.5, 7, 13.5 ], "texture": "#texture" },
				"south": { "uv": [ 9, 11.5, 9.5, 13.5 ], "texture": "#texture" },
				"west": { "uv": [ 14.25, 11.5, 15.25, 13.5 ], "texture": "#texture" },
				"east": { "uv": [ 0.75, 11.5, 1.75, 13.5 ], "texture": "#texture" }
			}
		},
		{
			"__comment": "Box17",
			"from": [ 7, 2.5, -0.75 ],
			"to": [ 9, 4.5, -0.25 ],
			"faces": {
				"down": { "uv": [ 7, 0.25, 9, 0.75 ], "texture": "#texture1" },
				"up": { "uv": [ 7, 15.25, 9, 15.75 ], "texture": "#texture1" },
				"north": { "uv": [ 7, 11.5, 9, 13.5 ], "texture": "#texture1" },
				"south": { "uv": [ 7, 11.5, 9, 13.5 ], "texture": "#texture1" },
				"west": { "uv": [ 15.25, 11.5, 15.75, 13.5 ], "texture": "#texture1" },
				"east": { "uv": [ 0.25, 11.5, 0.75, 13.5 ], "texture": "#texture1" }
			}
		}
	],
	"display": {
		"thirdperson_righthand": {
			"rotation":  [ -30, 0, -160 ],
			"translation":  [ 0, 6.2595, 6.26 ],
			"scale":  [ 0.8, 0.8, 0.8 ]
		},
		"thirdperson_lefthand": {
			"rotation":  [ -30, 0, -160 ],
			"translation":  [ 0, 6.2595, 6.26 ],
			"scale":  [ 0.8, 0.8, 0.8 ]
		},
		"firstperson_righthand": {
			"rotation":  [ 0, -85, -3 ],
			"translation":  [ -1.652, 1.8089, -5.825 ]
		},
		"firstperson_lefthand": {
			"rotation":  [ 0, -85, -3 ],
			"translation":  [ -1.652, 1.8089, -5.825 ]
		},
		"gui": {
			"rotation":  [ 16, -44, -5 ],
			"translation":  [ -6.259, -1.391, 0 ]
		},
		"ground": {
			"translation":  [ 0, 2, 5 ],
			"scale":  [ 0.5, 0.5, 0.5 ]
		},
		"fixed": {
			"rotation":  [ 0, -180, 0 ],
			"translation":  [ 0, 0.0003, -9.044 ]
		}
	}
}