{
	"__comment": "Designed by Nick1701 with BDcraft Cubik PRO 0.96 Beta - http://bdcraft.net",
	"textures": {
		"particle": "block/iron_block",
		"texture": "block/iron_block"
	},
	"elements": [ 	 
		{
			"__comment": "Element",
			"from": [ 0.5, 0, 0.5 ],
			"to": [ 14.5, 1, 1.5 ],
			"faces": {
				"down": { "uv": [ 15.5, 1.5, 1.5, 0.5 ], "texture": "#texture" },
				"up": { "uv": [ 0.5, 0.5, 14.5, 1.5 ], "texture": "#texture" },
				"north": { "uv": [ 1.5, 15, 15.5, 16 ], "texture": "#texture" },
				"south": { "uv": [ 0.5, 15, 14.5, 16 ], "texture": "#texture" },
				"west": { "uv": [ 0.5, 15, 1.5, 16 ], "texture": "#texture" }
			}
		},
		{
			"__comment": "Element",
			"from": [ 14.5, 0, 0.5 ],
			"to": [ 15.5, 1, 14.5 ],
			"faces": {
				"down": { "uv": [ 1.5, 14.5, 0.5, 0.5 ], "texture": "#texture" },
				"up": { "uv": [ 14.5, 0.5, 15.5, 14.5 ], "texture": "#texture" },
				"north": { "uv": [ 0.5, 15, 1.5, 16 ], "texture": "#texture" },
				"west": { "uv": [ 0.5, 15, 14.5, 16 ], "texture": "#texture" },
				"east": { "uv": [ 1.5, 15, 15.5, 16 ], "texture": "#texture" }
			}
		},
		{
			"__comment": "Element",
			"from": [ 0.5, 0, 1.5 ],
			"to": [ 1.5, 1, 15.5 ],
			"faces": {
				"down": { "uv": [ 15.5, 15.5, 14.5, 1.5 ], "texture": "#texture" },
				"up": { "uv": [ 0.5, 1.5, 1.5, 15.5 ], "texture": "#texture" },
				"south": { "uv": [ 0.5, 15, 1.5, 16 ], "texture": "#texture" },
				"west": { "uv": [ 1.5, 15, 15.5, 16 ], "texture": "#texture" },
				"east": { "uv": [ 0.5, 15, 14.5, 16 ], "texture": "#texture" }
			}
		},
		{
			"__comment": "Element",
			"from": [ 1.5, 0, 14.5 ],
			"to": [ 15.5, 1, 15.5 ],
			"faces": {
				"down": { "uv": [ 14.5, 15.5, 0.5, 14.5 ], "texture": "#texture" },
				"up": { "uv": [ 1.5, 14.5, 15.5, 15.5 ], "texture": "#texture" },
				"north": { "uv": [ 0.5, 15, 14.5, 16 ], "texture": "#texture" },
				"south": { "uv": [ 1.5, 15, 15.5, 16 ], "texture": "#texture" },
				"east": { "uv": [ 0.5, 15, 1.5, 16 ], "texture": "#texture" }
			}
		},
		{
			"__comment": "Element",
			"from": [ 7.5, 0, 1.5 ],
			"to": [ 8.5, 0.5, 14.5 ],
			"faces": {
				"down": { "uv": [ 8.5, 14.5, 7.5, 1.5 ], "texture": "#texture" },
				"up": { "uv": [ 7.5, 1.5, 8.5, 14.5 ], "texture": "#texture" },
				"west": { "uv": [ 1.5, 15.5, 14.5, 16 ], "texture": "#texture" },
				"east": { "uv": [ 1.5, 15.5, 14.5, 16 ], "texture": "#texture" }
			}
		},
		{
			"__comment": "Element",
			"from": [ 7, 0, 5 ],
			"to": [ 7.5, 0.5, 6 ],
			"faces": {
				"down": { "uv": [ 9, 6, 8.5, 5 ], "texture": "#texture" },
				"up": { "uv": [ 7, 5, 7.5, 6 ], "texture": "#texture" },
				"north": { "uv": [ 8.5, 15.5, 9, 16 ], "texture": "#texture" },
				"south": { "uv": [ 7, 15.5, 7.5, 16 ], "texture": "#texture" },
				"west": { "uv": [ 5, 15.5, 6, 16 ], "texture": "#texture" }
			}
		},
		{
			"__comment": "Element",
			"from": [ 7, 0, 10 ],
			"to": [ 7.5, 0.5, 11 ],
			"faces": {
				"down": { "uv": [ 9, 11, 8.5, 10 ], "texture": "#texture" },
				"up": { "uv": [ 7, 10, 7.5, 11 ], "texture": "#texture" },
				"north": { "uv": [ 8.5, 15.5, 9, 16 ], "texture": "#texture" },
				"south": { "uv": [ 7, 15.5, 7.5, 16 ], "texture": "#texture" },
				"west": { "uv": [ 10, 15.5, 11, 16 ], "texture": "#texture" }
			}
		},
		{
			"__comment": "Element",
			"from": [ 6, 0, 6 ],
			"to": [ 7, 0.5, 7 ],
			"faces": {
				"down": { "uv": [ 10, 7, 9, 6 ], "texture": "#texture" },
				"up": { "uv": [ 6, 6, 7, 7 ], "texture": "#texture" },
				"north": { "uv": [ 9, 15.5, 10, 16 ], "texture": "#texture" },
				"south": { "uv": [ 6, 15.5, 7, 16 ], "texture": "#texture" },
				"west": { "uv": [ 6, 15.5, 7, 16 ], "texture": "#texture" },
				"east": { "uv": [ 9, 15.5, 10, 16 ], "texture": "#texture" }
			}
		},
		{
			"__comment": "Element",
			"from": [ 9, 0, 6 ],
			"to": [ 10, 0.5, 7 ],
			"faces": {
				"down": { "uv": [ 7, 7, 6, 6 ], "texture": "#texture" },
				"up": { "uv": [ 9, 6, 10, 7 ], "texture": "#texture" },
				"north": { "uv": [ 6, 15.5, 7, 16 ], "texture": "#texture" },
				"south": { "uv": [ 9, 15.5, 10, 16 ], "texture": "#texture" },
				"west": { "uv": [ 6, 15.5, 7, 16 ], "texture": "#texture" },
				"east": { "uv": [ 9, 15.5, 10, 16 ], "texture": "#texture" }
			}
		},
		{
			"__comment": "Element",
			"from": [ 6, 0, 9 ],
			"to": [ 7, 0.5, 10 ],
			"faces": {
				"down": { "uv": [ 10, 10, 9, 9 ], "texture": "#texture" },
				"up": { "uv": [ 6, 9, 7, 10 ], "texture": "#texture" },
				"north": { "uv": [ 9, 15.5, 10, 16 ], "texture": "#texture" },
				"south": { "uv": [ 6, 15.5, 7, 16 ], "texture": "#texture" },
				"west": { "uv": [ 9, 15.5, 10, 16 ], "texture": "#texture" },
				"east": { "uv": [ 6, 15.5, 7, 16 ], "texture": "#texture" }
			}
		},
		{
			"__comment": "Element",
			"from": [ 9, 0, 9 ],
			"to": [ 10, 0.5, 10 ],
			"faces": {
				"down": { "uv": [ 7, 10, 6, 9 ], "texture": "#texture" },
				"up": { "uv": [ 9, 9, 10, 10 ], "texture": "#texture" },
				"north": { "uv": [ 6, 15.5, 7, 16 ], "texture": "#texture" },
				"south": { "uv": [ 9, 15.5, 10, 16 ], "texture": "#texture" },
				"west": { "uv": [ 9, 15.5, 10, 16 ], "texture": "#texture" },
				"east": { "uv": [ 6, 15.5, 7, 16 ], "texture": "#texture" }
			}
		},
		{
			"__comment": "Element",
			"from": [ 5, 0, 7 ],
			"to": [ 6, 0.5, 9 ],
			"faces": {
				"down": { "uv": [ 11, 9, 10, 7 ], "texture": "#texture" },
				"up": { "uv": [ 5, 7, 6, 9 ], "texture": "#texture" },
				"north": { "uv": [ 10, 15.5, 11, 16 ], "texture": "#texture" },
				"south": { "uv": [ 5, 15.5, 6, 16 ], "texture": "#texture" },
				"west": { "uv": [ 7, 15.5, 9, 16 ], "texture": "#texture" },
				"east": { "uv": [ 7, 15.5, 9, 16 ], "texture": "#texture" }
			}
		},
		{
			"__comment": "Element",
			"from": [ 8.5, 0, 5 ],
			"to": [ 9, 0.5, 6 ],
			"faces": {
				"down": { "uv": [ 7.5, 6, 7, 5 ], "texture": "#texture" },
				"up": { "uv": [ 8.5, 5, 9, 6 ], "texture": "#texture" },
				"north": { "uv": [ 7, 15.5, 7.5, 16 ], "texture": "#texture" },
				"south": { "uv": [ 8.5, 15.5, 9, 16 ], "texture": "#texture" },
				"east": { "uv": [ 10, 15.5, 11, 16 ], "texture": "#texture" }
			}
		},
		{
			"__comment": "Element",
			"from": [ 10, 0, 7 ],
			"to": [ 11, 0.5, 9 ],
			"faces": {
				"down": { "uv": [ 6, 9, 5, 7 ], "texture": "#texture" },
				"up": { "uv": [ 10, 7, 11, 9 ], "texture": "#texture" },
				"north": { "uv": [ 5, 15.5, 6, 16 ], "texture": "#texture" },
				"south": { "uv": [ 10, 15.5, 11, 16 ], "texture": "#texture" },
				"west": { "uv": [ 7, 15.5, 9, 16 ], "texture": "#texture" },
				"east": { "uv": [ 7, 15.5, 9, 16 ], "texture": "#texture" }
			}
		},
		{
			"__comment": "Element",
			"from": [ 8.5, 0, 10 ],
			"to": [ 9, 0.5, 11 ],
			"faces": {
				"down": { "uv": [ 7.5, 11, 7, 10 ], "texture": "#texture" },
				"up": { "uv": [ 8.5, 10, 9, 11 ], "texture": "#texture" },
				"north": { "uv": [ 7, 15.5, 7.5, 16 ], "texture": "#texture" },
				"south": { "uv": [ 8.5, 15.5, 9, 16 ], "texture": "#texture" },
				"east": { "uv": [ 5, 15.5, 6, 16 ], "texture": "#texture" }
			}
		},
		{
			"__comment": "Element",
			"from": [ 0.5, 1, 1 ],
			"to": [ 0.5625, 2, 2 ],
			"faces": {
				"west": { "uv": [ 1, 14, 2, 15 ], "texture": "#texture" },
				"east": { "uv": [ 14, 14, 15, 15 ], "texture": "#texture" }
			}
		},
		{
			"__comment": "Element",
			"from": [ 0.5, 1, 3 ],
			"to": [ 0.5625, 2, 4 ],
			"faces": {
				"west": { "uv": [ 3, 14, 4, 15 ], "texture": "#texture" },
				"east": { "uv": [ 12, 14, 13, 15 ], "texture": "#texture" }
			}
		},
		{
			"__comment": "Element",
			"from": [ 0.5, 1, 5 ],
			"to": [ 0.5625, 2, 6 ],
			"faces": {
				"west": { "uv": [ 5, 14, 6, 15 ], "texture": "#texture" },
				"east": { "uv": [ 10, 14, 11, 15 ], "texture": "#texture" }
			}
		},
		{
			"__comment": "Element",
			"from": [ 0.5, 1, 7 ],
			"to": [ 0.5625, 2, 9 ],
			"faces": {
				"west": { "uv": [ 7, 14, 9, 15 ], "texture": "#texture" },
				"east": { "uv": [ 7, 14, 9, 15 ], "texture": "#texture" }
			}
		},
		{
			"__comment": "Element",
			"from": [ 0.5, 1, 10 ],
			"to": [ 0.5625, 2, 11 ],
			"faces": {
				"west": { "uv": [ 10, 14, 11, 15 ], "texture": "#texture" },
				"east": { "uv": [ 5, 14, 6, 15 ], "texture": "#texture" }
			}
		},
		{
			"__comment": "Element",
			"from": [ 0.5, 1, 12 ],
			"to": [ 0.5625, 2, 13 ],
			"faces": {
				"west": { "uv": [ 12, 14, 13, 15 ], "texture": "#texture" },
				"east": { "uv": [ 3, 14, 4, 15 ], "texture": "#texture" }
			}
		},
		{
			"__comment": "Element",
			"from": [ 0.5, 1, 14 ],
			"to": [ 0.5625, 2, 15 ],
			"faces": {
				"west": { "uv": [ 14, 14, 15, 15 ], "texture": "#texture" },
				"east": { "uv": [ 1, 14, 2, 15 ], "texture": "#texture" }
			}
		},
		{
			"__comment": "Element",
			"from": [ 15.5, 1, 1 ],
			"to": [ 15.5625, 2, 2 ],
			"faces": {
				"west": { "uv": [ 1, 14, 2, 15 ], "texture": "#texture" },
				"east": { "uv": [ 14, 14, 15, 15 ], "texture": "#texture" }
			}
		},
		{
			"__comment": "Element",
			"from": [ 15.5, 1, 3 ],
			"to": [ 15.5625, 2, 4 ],
			"faces": {
				"west": { "uv": [ 3, 14, 4, 15 ], "texture": "#texture" },
				"east": { "uv": [ 12, 14, 13, 15 ], "texture": "#texture" }
			}
		},
		{
			"__comment": "Element",
			"from": [ 15.5, 1, 5 ],
			"to": [ 15.5625, 2, 6 ],
			"faces": {
				"west": { "uv": [ 5, 14, 6, 15 ], "texture": "#texture" },
				"east": { "uv": [ 10, 14, 11, 15 ], "texture": "#texture" }
			}
		},
		{
			"__comment": "Element",
			"from": [ 15.5, 1, 7 ],
			"to": [ 15.5625, 2, 9 ],
			"faces": {
				"west": { "uv": [ 7, 14, 9, 15 ], "texture": "#texture" },
				"east": { "uv": [ 7, 14, 9, 15 ], "texture": "#texture" }
			}
		},
		{
			"__comment": "Element",
			"from": [ 15.5, 1, 10 ],
			"to": [ 15.5625, 2, 11 ],
			"faces": {
				"west": { "uv": [ 10, 14, 11, 15 ], "texture": "#texture" },
				"east": { "uv": [ 5, 14, 6, 15 ], "texture": "#texture" }
			}
		},
		{
			"__comment": "Element",
			"from": [ 15.5, 1, 12 ],
			"to": [ 15.5625, 2, 13 ],
			"faces": {
				"west": { "uv": [ 12, 14, 13, 15 ], "texture": "#texture" },
				"east": { "uv": [ 3, 14, 4, 15 ], "texture": "#texture" }
			}
		},
		{
			"__comment": "Element",
			"from": [ 15.5, 1, 14 ],
			"to": [ 15.5625, 2, 15 ],
			"faces": {
				"west": { "uv": [ 14, 14, 15, 15 ], "texture": "#texture" },
				"east": { "uv": [ 1, 14, 2, 15 ], "texture": "#texture" }
			}
		},
		{
			"__comment": "Element",
			"from": [ 1.5, 1, 0.5 ],
			"to": [ 2.5, 2, 0.5625 ],
			"faces": {
				"north": { "uv": [ 13.5, 14, 14.5, 15 ], "texture": "#texture" },
				"south": { "uv": [ 1.5, 14, 2.5, 15 ], "texture": "#texture" }
			}
		},
		{
			"__comment": "Element",
			"from": [ 13.5, 1, 0.5 ],
			"to": [ 14.5, 2, 0.5625 ],
			"faces": {
				"north": { "uv": [ 1.5, 14, 2.5, 15 ], "texture": "#texture" },
				"south": { "uv": [ 13.5, 14, 14.5, 15 ], "texture": "#texture" }
			}
		},
		{
			"__comment": "Element",
			"from": [ 11.5, 1, 0.5 ],
			"to": [ 12.5, 2, 0.5625 ],
			"faces": {
				"north": { "uv": [ 3.5, 14, 4.5, 15 ], "texture": "#texture" },
				"south": { "uv": [ 11.5, 14, 12.5, 15 ], "texture": "#texture" }
			}
		},
		{
			"__comment": "Element",
			"from": [ 3.5, 1, 0.5 ],
			"to": [ 4.5, 2, 0.5625 ],
			"faces": {
				"north": { "uv": [ 11.5, 14, 12.5, 15 ], "texture": "#texture" },
				"south": { "uv": [ 3.5, 14, 4.5, 15 ], "texture": "#texture" }
			}
		},
		{
			"__comment": "Element",
			"from": [ 13.5, 1, 15.5 ],
			"to": [ 14.5, 2, 15.5625 ],
			"faces": {
				"north": { "uv": [ 1.5, 14, 2.5, 15 ], "texture": "#texture" },
				"south": { "uv": [ 13.5, 14, 14.5, 15 ], "texture": "#texture" }
			}
		},
		{
			"__comment": "Element",
			"from": [ 11.5, 1, 15.5 ],
			"to": [ 12.5, 2, 15.5625 ],
			"faces": {
				"north": { "uv": [ 3.5, 14, 4.5, 15 ], "texture": "#texture" },
				"south": { "uv": [ 11.5, 14, 12.5, 15 ], "texture": "#texture" }
			}
		},
		{
			"__comment": "Element",
			"from": [ 3.5, 1, 15.5 ],
			"to": [ 4.5, 2, 15.5625 ],
			"faces": {
				"north": { "uv": [ 11.5, 14, 12.5, 15 ], "texture": "#texture" },
				"south": { "uv": [ 3.5, 14, 4.5, 15 ], "texture": "#texture" }
			}
		},
		{
			"__comment": "Element",
			"from": [ 1.5, 1, 15.5 ],
			"to": [ 2.5, 2, 15.5625 ],
			"faces": {
				"north": { "uv": [ 13.5, 14, 14.5, 15 ], "texture": "#texture" },
				"south": { "uv": [ 1.5, 14, 2.5, 15 ], "texture": "#texture" }
			}
		}
	],
	"display": {
		"thirdperson_righthand": {
			"rotation":  [ 75, 45, 0 ],
			"translation":  [ 0, 2.5, 0 ],
			"scale":  [ 0.375, 0.375, 0.375 ]
		},
		"thirdperson_lefthand": {
			"rotation":  [ 75, 45, 0 ],
			"translation":  [ 0, 2.5, 0 ],
			"scale":  [ 0.375, 0.375, 0.375 ]
		},
		"firstperson_righthand": {
			"rotation":  [ -16, 9, 4 ],
			"translation":  [ 3.21, 6.1282, -3.59 ]
		},
		"firstperson_lefthand": {
			"rotation":  [ -16, 9, 4 ],
			"translation":  [ 3.21, 6.1282, -3.59 ]
		},
		"gui": {
			"rotation":  [ 30, 34, 0 ],
			"translation":  [ 0, 4.16, 0 ],
			"scale":  [ 0.75, 0.75, 0.75 ]
		},
		"ground": {
			"translation":  [ 0, 3, 0 ],
			"scale":  [ 0.5, 0.5, 0.5 ]
		},
		"fixed": {
			"rotation":  [ 9, 30, 0 ],
			"translation":  [ 0, 0.19, 4.35 ],
			"scale":  [ 0.66, 0.66, 0.66 ]
		}
	}
}