{
	"__comment": "Designed by Nick1701 with Cubik Studio - https://cubik.studio",
	"textures": {
		"particle": "blocks/e_particle",
		"texture": "block/stone",
		"feather": "item/custom/elfenfeather"
	},
	"elements": [ 	 
		{
			"__comment": "Box1",
			"from": [ 2, 8, 13 ],
			"to": [ 9, 9, 14 ],
			"faces": {
				"down": { "uv": [ 2, 14, 9, 13 ], "texture": "#feather" },
				"up": { "uv": [ 2, 13, 9, 14 ], "texture": "#feather" },
				"north": { "uv": [ 9, 13, 2, 14 ], "texture": "#feather" },
				"south": { "uv": [ 2, 13, 9, 14 ], "texture": "#feather" },
				"west": { "uv": [ 2, 13, 3, 14 ], "texture": "#feather", "rotation": 270 },
				"east": { "uv": [ 9, 14, 8, 13 ], "texture": "#feather", "rotation": 270 }
			}
		},
		{
			"__comment": "Box2",
			"from": [ 3, 8, 11 ],
			"to": [ 12, 9, 12 ],
			"faces": {
				"down": { "uv": [ 3, 12, 12, 11 ], "texture": "#feather" },
				"up": { "uv": [ 3, 11, 12, 12 ], "texture": "#feather" },
				"north": { "uv": [ 12, 11, 3, 12 ], "texture": "#feather" },
				"south": { "uv": [ 3, 11, 12, 12 ], "texture": "#feather" },
				"west": { "uv": [ 3, 11, 4, 12 ], "texture": "#feather", "rotation": 270 },
				"east": { "uv": [ 12, 12, 11, 11 ], "texture": "#feather", "rotation": 270 }
			}
		},
		{
			"__comment": "Box3",
			"from": [ 4, 8, 12 ],
			"to": [ 10, 9, 13 ],
			"faces": {
				"down": { "uv": [ 4, 13, 10, 12 ], "texture": "#feather" },
				"up": { "uv": [ 4, 12, 10, 13 ], "texture": "#feather" },
				"north": { "uv": [ 10, 12, 4, 13 ], "texture": "#feather" },
				"south": { "uv": [ 4, 12, 10, 13 ], "texture": "#feather" },
				"west": { "uv": [ 4, 12, 5, 13 ], "texture": "#feather", "rotation": 270 },
				"east": { "uv": [ 10, 13, 9, 12 ], "texture": "#feather", "rotation": 270 }
			}
		},
		{
			"__comment": "Box4",
			"from": [ 5, 8, 9 ],
			"to": [ 13, 9, 10 ],
			"faces": {
				"down": { "uv": [ 5, 10, 13, 9 ], "texture": "#feather" },
				"up": { "uv": [ 5, 9, 13, 10 ], "texture": "#feather" },
				"north": { "uv": [ 13, 9, 5, 10 ], "texture": "#feather" },
				"south": { "uv": [ 5, 9, 13, 10 ], "texture": "#feather" },
				"west": { "uv": [ 5, 9, 6, 10 ], "texture": "#feather", "rotation": 270 },
				"east": { "uv": [ 13, 10, 12, 9 ], "texture": "#feather", "rotation": 270 }
			}
		},
		{
			"__comment": "Box5",
			"from": [ 5, 8, 10 ],
			"to": [ 11, 9, 11 ],
			"faces": {
				"down": { "uv": [ 5, 11, 11, 10 ], "texture": "#feather" },
				"up": { "uv": [ 5, 10, 11, 11 ], "texture": "#feather" },
				"north": { "uv": [ 11, 10, 5, 11 ], "texture": "#feather" },
				"south": { "uv": [ 5, 10, 11, 11 ], "texture": "#feather" },
				"west": { "uv": [ 5, 10, 6, 11 ], "texture": "#feather", "rotation": 270 },
				"east": { "uv": [ 11, 11, 10, 10 ], "texture": "#feather", "rotation": 270 }
			}
		},
		{
			"__comment": "Box6",
			"from": [ 5, 8, 14 ],
			"to": [ 7, 9, 15 ],
			"faces": {
				"down": { "uv": [ 5, 15, 7, 14 ], "texture": "#feather" },
				"up": { "uv": [ 5, 14, 7, 15 ], "texture": "#feather" },
				"north": { "uv": [ 7, 14, 5, 15 ], "texture": "#feather" },
				"south": { "uv": [ 5, 14, 7, 15 ], "texture": "#feather" },
				"west": { "uv": [ 5, 14, 6, 15 ], "texture": "#feather", "rotation": 270 },
				"east": { "uv": [ 7, 15, 6, 14 ], "texture": "#feather", "rotation": 270 }
			}
		},
		{
			"__comment": "Box7",
			"from": [ 6, 8, 8 ],
			"to": [ 7, 9, 9 ],
			"faces": {
				"down": { "uv": [ 6, 9, 7, 8 ], "texture": "#feather" },
				"up": { "uv": [ 6, 8, 7, 9 ], "texture": "#feather" },
				"north": { "uv": [ 7, 8, 6, 9 ], "texture": "#feather" },
				"south": { "uv": [ 6, 8, 7, 9 ], "texture": "#feather" },
				"west": { "uv": [ 6, 8, 7, 9 ], "texture": "#feather", "rotation": 270 },
				"east": { "uv": [ 7, 9, 6, 8 ], "texture": "#feather", "rotation": 270 }
			}
		},
		{
			"__comment": "Box8",
			"from": [ 8, 8, 7 ],
			"to": [ 13, 9, 9 ],
			"faces": {
				"down": { "uv": [ 8, 9, 13, 7 ], "texture": "#feather" },
				"up": { "uv": [ 8, 7, 13, 9 ], "texture": "#feather" },
				"north": { "uv": [ 13, 7, 8, 8 ], "texture": "#feather" },
				"south": { "uv": [ 8, 8, 13, 9 ], "texture": "#feather" },
				"west": { "uv": [ 8, 7, 9, 9 ], "texture": "#feather", "rotation": 270 },
				"east": { "uv": [ 13, 9, 12, 7 ], "texture": "#feather", "rotation": 270 }
			}
		},
		{
			"__comment": "Box9",
			"from": [ 10, 8, 5 ],
			"to": [ 15, 9, 6 ],
			"faces": {
				"down": { "uv": [ 10, 6, 15, 5 ], "texture": "#feather" },
				"up": { "uv": [ 10, 5, 15, 6 ], "texture": "#feather" },
				"north": { "uv": [ 15, 5, 10, 6 ], "texture": "#feather" },
				"south": { "uv": [ 10, 5, 15, 6 ], "texture": "#feather" },
				"west": { "uv": [ 10, 5, 11, 6 ], "texture": "#feather", "rotation": 270 },
				"east": { "uv": [ 15, 6, 14, 5 ], "texture": "#feather", "rotation": 270 }
			}
		},
		{
			"__comment": "Box10",
			"from": [ 10, 8, 6 ],
			"to": [ 14, 9, 7 ],
			"faces": {
				"down": { "uv": [ 10, 7, 14, 6 ], "texture": "#feather" },
				"up": { "uv": [ 10, 6, 14, 7 ], "texture": "#feather" },
				"north": { "uv": [ 14, 6, 10, 7 ], "texture": "#feather" },
				"south": { "uv": [ 10, 6, 14, 7 ], "texture": "#feather" },
				"west": { "uv": [ 10, 6, 11, 7 ], "texture": "#feather", "rotation": 270 },
				"east": { "uv": [ 14, 7, 13, 6 ], "texture": "#feather", "rotation": 270 }
			}
		},
		{
			"__comment": "Box11",
			"from": [ 11, 8, 4 ],
			"to": [ 14, 9, 5 ],
			"faces": {
				"down": { "uv": [ 11, 5, 14, 4 ], "texture": "#feather" },
				"up": { "uv": [ 11, 4, 14, 5 ], "texture": "#feather" },
				"north": { "uv": [ 14, 4, 11, 5 ], "texture": "#feather" },
				"south": { "uv": [ 11, 4, 14, 5 ], "texture": "#feather" },
				"west": { "uv": [ 11, 4, 12, 5 ], "texture": "#feather", "rotation": 270 },
				"east": { "uv": [ 14, 5, 13, 4 ], "texture": "#feather", "rotation": 270 }
			}
		},
		{
			"__comment": "Box12",
			"from": [ 12, 8, 2 ],
			"to": [ 13, 9, 4 ],
			"faces": {
				"down": { "uv": [ 12, 4, 13, 2 ], "texture": "#feather" },
				"up": { "uv": [ 12, 2, 13, 4 ], "texture": "#feather" },
				"north": { "uv": [ 13, 2, 12, 3 ], "texture": "#feather" },
				"south": { "uv": [ 12, 3, 13, 4 ], "texture": "#feather" },
				"west": { "uv": [ 12, 2, 13, 4 ], "texture": "#feather", "rotation": 270 },
				"east": { "uv": [ 13, 4, 12, 2 ], "texture": "#feather", "rotation": 270 }
			}
		},
		{
			"__comment": "Box13",
			"from": [ 13, 8, 3 ],
			"to": [ 14, 9, 4 ],
			"faces": {
				"down": { "uv": [ 13, 4, 14, 3 ], "texture": "#feather" },
				"up": { "uv": [ 13, 3, 14, 4 ], "texture": "#feather" },
				"north": { "uv": [ 14, 3, 13, 4 ], "texture": "#feather" },
				"south": { "uv": [ 13, 3, 14, 4 ], "texture": "#feather" },
				"west": { "uv": [ 13, 3, 14, 4 ], "texture": "#feather", "rotation": 270 },
				"east": { "uv": [ 14, 4, 13, 3 ], "texture": "#feather", "rotation": 270 }
			}
		},
		{
			"__comment": "Box14",
			"from": [ 13, 8, 8 ],
			"to": [ 14, 9, 9 ],
			"faces": {
				"down": { "uv": [ 13, 9, 14, 8 ], "texture": "#feather" },
				"up": { "uv": [ 13, 8, 14, 9 ], "texture": "#feather" },
				"north": { "uv": [ 14, 8, 13, 9 ], "texture": "#feather" },
				"south": { "uv": [ 13, 8, 14, 9 ], "texture": "#feather" },
				"west": { "uv": [ 13, 8, 14, 9 ], "texture": "#feather", "rotation": 270 },
				"east": { "uv": [ 14, 9, 13, 8 ], "texture": "#feather", "rotation": 270 }
			}
		},
		{
			"__comment": "Box15",
			"from": [ 10, 8, 14 ],
			"to": [ 13, 9, 15 ],
			"faces": {
				"down": { "uv": [ 10, 1, 13, 2 ], "texture": "#texture" },
				"up": { "uv": [ 10, 14, 13, 15 ], "texture": "#texture" },
				"north": { "uv": [ 3, 7, 6, 8 ], "texture": "#texture" },
				"south": { "uv": [ 10, 7, 13, 8 ], "texture": "#texture" },
				"west": { "uv": [ 14, 7, 15, 8 ], "texture": "#texture" },
				"east": { "uv": [ 1, 7, 2, 8 ], "texture": "#texture" }
			}
		},
		{
			"__comment": "Box16",
			"from": [ 12, 8, 13 ],
			"to": [ 14, 9, 14 ],
			"faces": {
				"down": { "uv": [ 12, 2, 14, 3 ], "texture": "#texture" },
				"up": { "uv": [ 12, 13, 14, 14 ], "texture": "#texture" },
				"north": { "uv": [ 2, 7, 4, 8 ], "texture": "#texture" },
				"south": { "uv": [ 12, 7, 14, 8 ], "texture": "#texture" },
				"west": { "uv": [ 13, 7, 14, 8 ], "texture": "#texture" },
				"east": { "uv": [ 2, 7, 3, 8 ], "texture": "#texture" }
			}
		},
		{
			"__comment": "Box17",
			"from": [ 13, 8, 12 ],
			"to": [ 15, 9, 13 ],
			"faces": {
				"down": { "uv": [ 13, 3, 15, 4 ], "texture": "#texture" },
				"up": { "uv": [ 13, 12, 15, 13 ], "texture": "#texture" },
				"north": { "uv": [ 1, 7, 3, 8 ], "texture": "#texture" },
				"south": { "uv": [ 13, 7, 15, 8 ], "texture": "#texture" },
				"west": { "uv": [ 12, 7, 13, 8 ], "texture": "#texture" },
				"east": { "uv": [ 3, 7, 4, 8 ], "texture": "#texture" }
			}
		}
	],
	"display": {
		"thirdperson_righthand": {
			"rotation":  [ -20, 180, 90 ],
			"translation":  [ 0, 2.7826, 2.5869 ],
			"scale":  [ 0.85, 0.85, 0.85 ]
		},
		"thirdperson_lefthand": {
			"rotation":  [ 2, 180, -94 ],
			"translation":  [ 0, 1.913, 2.5869 ],
			"scale":  [ 0.85, 0.85, 0.85 ]
		},
		"firstperson_righthand": {
			"rotation":  [ -56, -180, 89 ],
			"translation":  [ 1.13, 3.2, 1.13 ],
			"scale":  [ 0.68, 0.68, 0.68 ]
		},
		"firstperson_lefthand": {
			"rotation":  [ -56, -180, -96 ],
			"translation":  [ 1.13, 3.2, 1.13 ],
			"scale":  [ 0.68, 0.68, 0.68 ]
		},
		"gui": {
			"rotation":  [ 90, 0, 22 ]
		},
		"ground": {
			"rotation":  [ 90, 0, 90 ],
			"translation":  [ 0, 2, 0 ],
			"scale":  [ 0.5, 0.5, 0.5 ]
		},
		"fixed": {
			"rotation":  [ 90, 0, 0 ]
		}
	}
}