{
	"__comment": "Designed by Nick1701 with Cubik Studio - https://cubik.studio",
	"textures": {
		"particle": "blocks/e_particle",
		"texture": "block/spruce_planks",
		"texture1": "block/obsidian",
		"texture2": "block/fire_0",
		"texture3": "block/lava_still"
	},
	"elements": [ 	 
		{
			"__comment": "Box1",
			"from": [ 7.25, 3, 7.25 ],
			"to": [ 8.75, 16, 8.75 ],
			"faces": {
				"north": { "uv": [ 8.75, 0, 7.25, 13 ], "texture": "#texture" },
				"south": { "uv": [ 7.25, 0, 8.75, 13 ], "texture": "#texture" },
				"west": { "uv": [ 7.25, 0, 8.75, 13 ], "texture": "#texture" },
				"east": { "uv": [ 8.75, 0, 7.25, 13 ], "texture": "#texture" }
			}
		},
		{
			"__comment": "Box2",
			"from": [ 6.75, 2.5, 6.75 ],
			"to": [ 9.25, 3, 9.25 ],
			"faces": {
				"down": { "uv": [ 6.75, 6.75, 9.25, 9.25 ], "texture": "#texture" },
				"up": { "uv": [ 6.75, 6.75, 9.25, 9.25 ], "texture": "#texture" },
				"north": { "uv": [ 6.75, 13, 9.25, 13.5 ], "texture": "#texture" },
				"south": { "uv": [ 6.75, 13, 9.25, 13.5 ], "texture": "#texture" },
				"west": { "uv": [ 6.75, 13, 9.25, 13.5 ], "texture": "#texture" },
				"east": { "uv": [ 6.75, 13, 9.25, 13.5 ], "texture": "#texture" }
			}
		},
		{
			"__comment": "Box3",
			"from": [ 6.5, 2, 7.25 ],
			"to": [ 7.25, 2.5, 8.75 ],
			"faces": {
				"down": { "uv": [ 6.5, 7.25, 7.25, 8.75 ], "texture": "#texture" },
				"up": { "uv": [ 6.5, 7.25, 7.25, 8.75 ], "texture": "#texture" },
				"north": { "uv": [ 8.75, 13.5, 9.5, 14 ], "texture": "#texture" },
				"south": { "uv": [ 6.5, 13.5, 7.25, 14 ], "texture": "#texture" },
				"west": { "uv": [ 7.25, 13.5, 8.75, 14 ], "texture": "#texture" },
				"east": { "uv": [ 7.25, 13.5, 8.75, 14 ], "texture": "#texture" }
			}
		},
		{
			"__comment": "Box3",
			"from": [ 8.75, 2, 7.25 ],
			"to": [ 9.5, 2.5, 8.75 ],
			"faces": {
				"down": { "uv": [ 6.5, 7.25, 7.25, 8.75 ], "texture": "#texture" },
				"up": { "uv": [ 6.5, 7.25, 7.25, 8.75 ], "texture": "#texture" },
				"north": { "uv": [ 8.75, 13.5, 9.5, 14.25 ], "texture": "#texture" },
				"south": { "uv": [ 6.5, 13.5, 7.25, 14.25 ], "texture": "#texture" },
				"west": { "uv": [ 7.25, 13.5, 8.75, 14.25 ], "texture": "#texture" },
				"east": { "uv": [ 7.25, 13.5, 8.75, 14.25 ], "texture": "#texture" }
			}
		},
		{
			"__comment": "Box5",
			"from": [ 6.25, 1.5, 7.5 ],
			"to": [ 6.75, 2, 8.5 ],
			"faces": {
				"down": { "uv": [ 6.25, 7.5, 6.75, 8.5 ], "texture": "#texture" },
				"up": { "uv": [ 6.25, 7.5, 6.75, 8.5 ], "texture": "#texture" },
				"north": { "uv": [ 9.25, 14, 9.75, 14.5 ], "texture": "#texture" },
				"south": { "uv": [ 6.25, 14, 6.75, 14.5 ], "texture": "#texture" },
				"west": { "uv": [ 7.5, 14, 8.5, 14.5 ], "texture": "#texture" },
				"east": { "uv": [ 7.5, 14, 8.5, 14.5 ], "texture": "#texture" }
			}
		},
		{
			"__comment": "Box6",
			"from": [ 7.25, 2.25, 7 ],
			"to": [ 8.75, 2.5, 9 ],
			"faces": {
				"down": { "uv": [ 7.25, 7, 8.75, 9 ], "texture": "#texture" },
				"north": { "uv": [ 7.25, 13.5, 8.75, 13.75 ], "texture": "#texture" },
				"south": { "uv": [ 7.25, 13.5, 8.75, 13.75 ], "texture": "#texture" },
				"west": { "uv": [ 7, 13.5, 9, 13.75 ], "texture": "#texture" },
				"east": { "uv": [ 7, 13.5, 9, 13.75 ], "texture": "#texture" }
			}
		},
		{
			"__comment": "Box5",
			"from": [ 9.25, 1.5, 7.5 ],
			"to": [ 9.75, 2, 8.5 ],
			"faces": {
				"down": { "uv": [ 6.25, 7.5, 6.75, 8.5 ], "texture": "#texture" },
				"up": { "uv": [ 6.25, 7.5, 6.75, 8.5 ], "texture": "#texture" },
				"north": { "uv": [ 9.25, 14, 9.75, 14.5 ], "texture": "#texture" },
				"south": { "uv": [ 6.25, 14, 6.75, 14.5 ], "texture": "#texture" },
				"west": { "uv": [ 7.5, 14, 8.5, 14.5 ], "texture": "#texture" },
				"east": { "uv": [ 7.5, 14, 8.5, 14.5 ], "texture": "#texture" }
			}
		},
		{
			"__comment": "Box8",
			"from": [ 6.25, 1.25, 7.75 ],
			"to": [ 6.5, 1.5, 8.25 ],
			"faces": {
				"down": { "uv": [ 6.25, 7.75, 6.5, 8.25 ], "texture": "#texture" },
				"north": { "uv": [ 9.5, 14.5, 9.75, 14.75 ], "texture": "#texture" },
				"south": { "uv": [ 6.25, 14.5, 6.5, 14.75 ], "texture": "#texture" },
				"west": { "uv": [ 7.75, 14.5, 8.25, 14.75 ], "texture": "#texture" },
				"east": { "uv": [ 7.75, 14.5, 8.25, 14.75 ], "texture": "#texture" }
			}
		},
		{
			"__comment": "Box8",
			"from": [ 9.5, 1.25, 7.75 ],
			"to": [ 9.75, 1.5, 8.25 ],
			"faces": {
				"down": { "uv": [ 6.25, 7.75, 6.5, 8.25 ], "texture": "#texture" },
				"north": { "uv": [ 9.5, 14.5, 9.75, 14.75 ], "texture": "#texture" },
				"south": { "uv": [ 6.25, 14.5, 6.5, 14.75 ], "texture": "#texture" },
				"west": { "uv": [ 7.75, 14.5, 8.25, 14.75 ], "texture": "#texture" },
				"east": { "uv": [ 7.75, 14.5, 8.25, 14.75 ], "texture": "#texture" }
			}
		},
		{
			"__comment": "Box11",
			"from": [ 5.75, 25, 6.75 ],
			"to": [ 10.25, 25.5, 9.25 ],
			"faces": {
				"down": { "uv": [ 5.75, 6.75, 10.25, 9.25 ], "texture": "#texture1" },
				"up": { "uv": [ 5.75, 6.75, 10.25, 9.25 ], "texture": "#texture1" },
				"north": { "uv": [ 5.75, 6.5, 10.25, 7 ], "texture": "#texture1" },
				"south": { "uv": [ 5.75, 6.5, 10.25, 7 ], "texture": "#texture1" },
				"west": { "uv": [ 6.75, 6.5, 9.25, 7 ], "texture": "#texture1" },
				"east": { "uv": [ 6.75, 6.5, 9.25, 7 ], "texture": "#texture1" }
			}
		},
		{
			"__comment": "Box12",
			"from": [ 6, 25.5, 7 ],
			"to": [ 7, 26, 9 ],
			"faces": {
				"down": { "uv": [ 6, 7, 7, 9 ], "texture": "#texture1" },
				"up": { "uv": [ 6, 7, 7, 9 ], "texture": "#texture1" },
				"north": { "uv": [ 9, 6, 10, 6.5 ], "texture": "#texture1" },
				"south": { "uv": [ 6, 6, 7, 6.5 ], "texture": "#texture1" },
				"west": { "uv": [ 7, 6, 9, 6.5 ], "texture": "#texture1" },
				"east": { "uv": [ 7, 6, 9, 6.5 ], "texture": "#texture1" }
			}
		},
		{
			"__comment": "Box13",
			"from": [ 9, 25.5, 7 ],
			"to": [ 10, 26, 9 ],
			"faces": {
				"down": { "uv": [ 9, 7, 10, 9 ], "texture": "#texture1" },
				"up": { "uv": [ 9, 7, 10, 9 ], "texture": "#texture1" },
				"north": { "uv": [ 6, 6, 7, 6.5 ], "texture": "#texture1" },
				"south": { "uv": [ 9, 6, 10, 6.5 ], "texture": "#texture1" },
				"west": { "uv": [ 7, 6, 9, 6.5 ], "texture": "#texture1" },
				"east": { "uv": [ 7, 6, 9, 6.5 ], "texture": "#texture1" }
			}
		},
		{
			"__comment": "Box14",
			"from": [ 7, 25.5, 7.25 ],
			"to": [ 9, 25.75, 8.75 ],
			"faces": {
				"up": { "uv": [ 7, 7.25, 9, 8.75 ], "texture": "#texture1" },
				"north": { "uv": [ 7, 6.25, 9, 6.5 ], "texture": "#texture1" },
				"south": { "uv": [ 7, 6.25, 9, 6.5 ], "texture": "#texture1" }
			}
		},
		{
			"__comment": "Box15",
			"from": [ 5.75, 26, 7.25 ],
			"to": [ 6.75, 26.25, 8.75 ],
			"faces": {
				"down": { "uv": [ 5.75, 7.25, 6.75, 8.75 ], "texture": "#texture1" },
				"up": { "uv": [ 5.75, 7.25, 6.75, 8.75 ], "texture": "#texture1" },
				"north": { "uv": [ 9.25, 5.75, 10.25, 6 ], "texture": "#texture1" },
				"south": { "uv": [ 5.75, 5.75, 6.75, 6 ], "texture": "#texture1" },
				"west": { "uv": [ 7.25, 5.75, 8.75, 6 ], "texture": "#texture1" },
				"east": { "uv": [ 7.25, 5.75, 8.75, 6 ], "texture": "#texture1" }
			}
		},
		{
			"__comment": "Box15",
			"from": [ 9.25, 26, 7.25 ],
			"to": [ 10.25, 26.25, 8.75 ],
			"faces": {
				"down": { "uv": [ 5.75, 7.25, 6.75, 8.75 ], "texture": "#texture1" },
				"up": { "uv": [ 5.75, 7.25, 6.75, 8.75 ], "texture": "#texture1" },
				"north": { "uv": [ 9.25, 5.75, 10.25, 6 ], "texture": "#texture1" },
				"south": { "uv": [ 5.75, 5.75, 6.75, 6 ], "texture": "#texture1" },
				"west": { "uv": [ 7.25, 5.75, 8.75, 6 ], "texture": "#texture1" },
				"east": { "uv": [ 7.25, 5.75, 8.75, 6 ], "texture": "#texture1" }
			}
		},
		{
			"__comment": "Box17",
			"from": [ 5.75, 26.25, 7.5 ],
			"to": [ 6.5, 26.75, 8.5 ],
			"faces": {
				"north": { "uv": [ 9.5, 5.25, 10.25, 5.75 ], "texture": "#texture1" },
				"south": { "uv": [ 5.75, 5.25, 6.5, 5.75 ], "texture": "#texture1" },
				"west": { "uv": [ 7.5, 5.25, 8.5, 5.75 ], "texture": "#texture1" },
				"east": { "uv": [ 7.5, 5.25, 8.5, 5.75 ], "texture": "#texture1" }
			}
		},
		{
			"__comment": "Box17",
			"from": [ 9.5, 26.25, 7.5 ],
			"to": [ 10.25, 26.75, 8.5 ],
			"faces": {
				"north": { "uv": [ 9.5, 5.25, 10.25, 5.75 ], "texture": "#texture1" },
				"south": { "uv": [ 5.75, 5.25, 6.5, 5.75 ], "texture": "#texture1" },
				"west": { "uv": [ 7.5, 5.25, 8.5, 5.75 ], "texture": "#texture1" },
				"east": { "uv": [ 7.5, 5.25, 8.5, 5.75 ], "texture": "#texture1" }
			}
		},
		{
			"__comment": "Box19",
			"from": [ 5.5, 26.75, 7.5 ],
			"to": [ 6.5, 27, 8.5 ],
			"faces": {
				"down": { "uv": [ 5.5, 7.5, 6.5, 8.5 ], "texture": "#texture1" },
				"up": { "uv": [ 5.5, 7.5, 6.5, 8.5 ], "texture": "#texture1" },
				"north": { "uv": [ 9.5, 5, 10.5, 5.25 ], "texture": "#texture1" },
				"south": { "uv": [ 5.5, 5, 6.5, 5.25 ], "texture": "#texture1" },
				"west": { "uv": [ 7.5, 5, 8.5, 5.25 ], "texture": "#texture1" },
				"east": { "uv": [ 7.5, 5, 8.5, 5.25 ], "texture": "#texture1" }
			}
		},
		{
			"__comment": "Box19",
			"from": [ 9.5, 26.75, 7.5 ],
			"to": [ 10.5, 27, 8.5 ],
			"faces": {
				"down": { "uv": [ 5.5, 7.5, 6.5, 8.5 ], "texture": "#texture1" },
				"up": { "uv": [ 5.5, 7.5, 6.5, 8.5 ], "texture": "#texture1" },
				"north": { "uv": [ 9.5, 5, 10.5, 5.25 ], "texture": "#texture1" },
				"south": { "uv": [ 5.5, 5, 6.5, 5.25 ], "texture": "#texture1" },
				"west": { "uv": [ 7.5, 5, 8.5, 5.25 ], "texture": "#texture1" },
				"east": { "uv": [ 7.5, 5, 8.5, 5.25 ], "texture": "#texture1" }
			}
		},
		{
			"__comment": "Box21",
			"from": [ 5.75, 27, 7.5 ],
			"to": [ 6.75, 27.5, 8.5 ],
			"faces": {
				"down": { "uv": [ 5.75, 7.5, 6.75, 8.5 ], "texture": "#texture1" },
				"up": { "uv": [ 5.75, 7.5, 6.75, 8.5 ], "texture": "#texture1" },
				"north": { "uv": [ 9.25, 4.5, 10.25, 5 ], "texture": "#texture1" },
				"south": { "uv": [ 5.75, 4.5, 6.75, 5 ], "texture": "#texture1" },
				"west": { "uv": [ 7.5, 4.5, 8.5, 5 ], "texture": "#texture1" },
				"east": { "uv": [ 7.5, 4.5, 8.5, 5 ], "texture": "#texture1" }
			}
		},
		{
			"__comment": "Box21",
			"from": [ 9.25, 27, 7.5 ],
			"to": [ 10.25, 27.5, 8.5 ],
			"faces": {
				"down": { "uv": [ 5.75, 7.5, 6.75, 8.5 ], "texture": "#texture1" },
				"up": { "uv": [ 5.75, 7.5, 6.75, 8.5 ], "texture": "#texture1" },
				"north": { "uv": [ 9.25, 4.5, 10.25, 5 ], "texture": "#texture1" },
				"south": { "uv": [ 5.75, 4.5, 6.75, 5 ], "texture": "#texture1" },
				"west": { "uv": [ 7.5, 4.5, 8.5, 5 ], "texture": "#texture1" },
				"east": { "uv": [ 7.5, 4.5, 8.5, 5 ], "texture": "#texture1" }
			}
		},
		{
			"__comment": "Box21",
			"from": [ 6, 27.5, 7.5 ],
			"to": [ 7, 27.75, 8.5 ],
			"faces": {
				"down": { "uv": [ 5.75, 7.5, 6.75, 8.5 ], "texture": "#texture1" },
				"up": { "uv": [ 5.75, 7.5, 6.75, 8.5 ], "texture": "#texture1" },
				"north": { "uv": [ 9.25, 4.5, 10.25, 5 ], "texture": "#texture1" },
				"south": { "uv": [ 5.75, 4.5, 6.75, 5 ], "texture": "#texture1" },
				"west": { "uv": [ 7.5, 4.5, 8.5, 5 ], "texture": "#texture1" },
				"east": { "uv": [ 7.5, 4.5, 8.5, 5 ], "texture": "#texture1" }
			}
		},
		{
			"__comment": "Box21",
			"from": [ 9, 27.5, 7.5 ],
			"to": [ 10, 27.75, 8.5 ],
			"faces": {
				"up": { "uv": [ 5.75, 7.5, 6.75, 8.5 ], "texture": "#texture1" },
				"north": { "uv": [ 9.25, 4.5, 10.25, 5 ], "texture": "#texture1" },
				"south": { "uv": [ 5.75, 4.5, 6.75, 5 ], "texture": "#texture1" },
				"west": { "uv": [ 7.5, 4.5, 8.5, 5 ], "texture": "#texture1" },
				"east": { "uv": [ 7.5, 4.5, 8.5, 5 ], "texture": "#texture1" }
			}
		},
		{
			"__comment": "Box21",
			"from": [ 6.25, 27.75, 7.75 ],
			"to": [ 7, 28, 8.25 ],
			"faces": {
				"up": { "uv": [ 5.75, 7.5, 6.75, 8.5 ], "texture": "#texture1" },
				"north": { "uv": [ 9.25, 4.5, 10.25, 5 ], "texture": "#texture1" },
				"south": { "uv": [ 5.75, 4.5, 6.75, 5 ], "texture": "#texture1" },
				"west": { "uv": [ 7.5, 4.5, 8.5, 5 ], "texture": "#texture1" },
				"east": { "uv": [ 7.5, 4.5, 8.5, 5 ], "texture": "#texture1" }
			}
		},
		{
			"__comment": "Box21",
			"from": [ 9, 27.75, 7.75 ],
			"to": [ 9.75, 28, 8.25 ],
			"faces": {
				"up": { "uv": [ 5.75, 7.5, 6.75, 8.5 ], "texture": "#texture1" },
				"north": { "uv": [ 9.25, 4.5, 10.25, 5 ], "texture": "#texture1" },
				"south": { "uv": [ 5.75, 4.5, 6.75, 5 ], "texture": "#texture1" },
				"west": { "uv": [ 7.5, 4.5, 8.5, 5 ], "texture": "#texture1" },
				"east": { "uv": [ 7.5, 4.5, 8.5, 5 ], "texture": "#texture1" }
			}
		},
		{
			"__comment": "Box21",
			"from": [ 6.5, 28, 7.75 ],
			"to": [ 7, 28.5, 8.25 ],
			"faces": {
				"up": { "uv": [ 5.75, 7.5, 6.75, 8.5 ], "texture": "#texture1" },
				"north": { "uv": [ 9.25, 4.5, 10.25, 5 ], "texture": "#texture1" },
				"south": { "uv": [ 5.75, 4.5, 6.75, 5 ], "texture": "#texture1" },
				"west": { "uv": [ 7.5, 4.5, 8.5, 5 ], "texture": "#texture1" },
				"east": { "uv": [ 7.5, 4.5, 8.5, 5 ], "texture": "#texture1" }
			}
		},
		{
			"__comment": "Box21",
			"from": [ 6.75, 28.5, 7.75 ],
			"to": [ 7, 28.75, 8.25 ],
			"faces": {
				"up": { "uv": [ 5.75, 7.5, 6.75, 8.5 ], "texture": "#texture1" },
				"north": { "uv": [ 9.25, 4.5, 10.25, 5 ], "texture": "#texture1" },
				"south": { "uv": [ 5.75, 4.5, 6.75, 5 ], "texture": "#texture1" },
				"west": { "uv": [ 7.5, 4.5, 8.5, 5 ], "texture": "#texture1" },
				"east": { "uv": [ 7.5, 4.5, 8.5, 5 ], "texture": "#texture1" }
			}
		},
		{
			"__comment": "Box21",
			"from": [ 9, 28, 7.75 ],
			"to": [ 9.5, 28.5, 8.25 ],
			"faces": {
				"up": { "uv": [ 5.75, 7.5, 6.75, 8.5 ], "texture": "#texture1" },
				"north": { "uv": [ 9.25, 4.5, 10.25, 5 ], "texture": "#texture1" },
				"south": { "uv": [ 5.75, 4.5, 6.75, 5 ], "texture": "#texture1" },
				"west": { "uv": [ 7.5, 4.5, 8.5, 5 ], "texture": "#texture1" },
				"east": { "uv": [ 7.5, 4.5, 8.5, 5 ], "texture": "#texture1" }
			}
		},
		{
			"__comment": "Box21",
			"from": [ 9, 28.5, 7.75 ],
			"to": [ 9.25, 28.75, 8.25 ],
			"faces": {
				"up": { "uv": [ 5.75, 7.5, 6.75, 8.5 ], "texture": "#texture1" },
				"north": { "uv": [ 9.25, 4.5, 10.25, 5 ], "texture": "#texture1" },
				"south": { "uv": [ 5.75, 4.5, 6.75, 5 ], "texture": "#texture1" },
				"west": { "uv": [ 7.5, 4.5, 8.5, 5 ], "texture": "#texture1" },
				"east": { "uv": [ 7.5, 4.5, 8.5, 5 ], "texture": "#texture1" }
			}
		},
		{
			"__comment": "Box31",
			"from": [ 8, 26.75, 7 ],
			"to": [ 9.5, 28.25, 8.5 ],
			"rotation": { "origin": [ 8, 26.75, 7 ], "axis": "y", "angle": -45 },
			"faces": {
				"down": { "uv": [ 0, 0, 16, 16 ], "texture": "#texture3" },
				"north": { "uv": [ 0, 0, 16, 16 ], "texture": "#texture2" },
				"south": { "uv": [ 0, 0, 16, 16 ], "texture": "#texture2" },
				"west": { "uv": [ 0, 0, 16, 16 ], "texture": "#texture2" },
				"east": { "uv": [ 0, 0, 16, 16 ], "texture": "#texture2" }
			}
		},
		{
			"__comment": "Box32",
			"from": [ 6.75, 24.5, 7.25 ],
			"to": [ 9.25, 25, 8.75 ],
			"faces": {
				"down": { "uv": [ 6.75, 7.25, 9.25, 8.75 ], "texture": "#texture1" },
				"north": { "uv": [ 6.75, 7, 9.25, 7.5 ], "texture": "#texture1" },
				"south": { "uv": [ 6.75, 7, 9.25, 7.5 ], "texture": "#texture1" },
				"west": { "uv": [ 7.25, 7, 8.75, 7.5 ], "texture": "#texture1" },
				"east": { "uv": [ 7.25, 7, 8.75, 7.5 ], "texture": "#texture1" }
			}
		},
		{
			"__comment": "Box1",
			"from": [ 7.25, 16, 7.25 ],
			"to": [ 8.75, 24.5, 8.75 ],
			"faces": {
				"north": { "uv": [ 7.75, 0, 8.75, 13 ], "texture": "#texture" },
				"south": { "uv": [ 8.75, 0, 7.75, 13 ], "texture": "#texture" },
				"west": { "uv": [ 7.25, 0, 8.75, 13 ], "texture": "#texture" },
				"east": { "uv": [ 8.75, 0, 7.25, 13 ], "texture": "#texture" }
			}
		},
		{
			"__comment": "Box33",
			"from": [ 5.5, 24.5, 7.25 ],
			"to": [ 6.25, 25, 8.75 ],
			"faces": {
				"down": { "uv": [ 5.5, 7.25, 6.25, 8.75 ], "texture": "#texture1" },
				"up": { "uv": [ 5.5, 7.25, 6.25, 8.75 ], "texture": "#texture1" },
				"north": { "uv": [ 9.75, 7, 10.5, 7.5 ], "texture": "#texture1" },
				"south": { "uv": [ 5.5, 7, 6.25, 7.5 ], "texture": "#texture1" },
				"west": { "uv": [ 7.25, 7, 8.75, 7.5 ], "texture": "#texture1" },
				"east": { "uv": [ 7.25, 7, 8.75, 7.5 ], "texture": "#texture1" }
			}
		},
		{
			"__comment": "Box34",
			"from": [ 5.25, 24.25, 7.5 ],
			"to": [ 6, 24.5, 8.5 ],
			"faces": {
				"down": { "uv": [ 5.25, 7.5, 6, 8.5 ], "texture": "#texture1" },
				"up": { "uv": [ 5.25, 7.5, 6, 8.5 ], "texture": "#texture1" },
				"north": { "uv": [ 10, 7.5, 10.75, 7.75 ], "texture": "#texture1" },
				"south": { "uv": [ 5.25, 7.5, 6, 7.75 ], "texture": "#texture1" },
				"west": { "uv": [ 7.5, 7.5, 8.5, 7.75 ], "texture": "#texture1" },
				"east": { "uv": [ 7.5, 7.5, 8.5, 7.75 ], "texture": "#texture1" }
			}
		},
		{
			"__comment": "Box35",
			"from": [ 4.5, 24, 7.5 ],
			"to": [ 5.75, 24.25, 8.5 ],
			"faces": {
				"down": { "uv": [ 4.5, 7.5, 5.75, 8.5 ], "texture": "#texture1" },
				"up": { "uv": [ 4.5, 7.5, 5.75, 8.5 ], "texture": "#texture1" },
				"north": { "uv": [ 10.25, 7.75, 11.5, 8 ], "texture": "#texture1" },
				"south": { "uv": [ 4.5, 7.75, 5.75, 8 ], "texture": "#texture1" },
				"west": { "uv": [ 7.5, 7.75, 8.5, 8 ], "texture": "#texture1" },
				"east": { "uv": [ 7.5, 7.75, 8.5, 8 ], "texture": "#texture1" }
			}
		},
		{
			"__comment": "Box36",
			"from": [ 4.75, 23.75, 7.5 ],
			"to": [ 5.5, 24, 8.5 ],
			"faces": {
				"down": { "uv": [ 4.75, 7.5, 5.5, 8.5 ], "texture": "#texture1" },
				"up": { "uv": [ 4.75, 7.5, 5.5, 8.5 ], "texture": "#texture1" },
				"north": { "uv": [ 10.5, 8, 11.25, 8.25 ], "texture": "#texture1" },
				"south": { "uv": [ 4.75, 8, 5.5, 8.25 ], "texture": "#texture1" },
				"west": { "uv": [ 7.5, 8, 8.5, 8.25 ], "texture": "#texture1" },
				"east": { "uv": [ 7.5, 8, 8.5, 8.25 ], "texture": "#texture1" }
			}
		},
		{
			"__comment": "Box37",
			"from": [ 4.25, 24.25, 7.75 ],
			"to": [ 5, 24.5, 8.25 ],
			"faces": {
				"down": { "uv": [ 4.25, 7.75, 5, 8.25 ], "texture": "#texture1" },
				"up": { "uv": [ 4.25, 7.75, 5, 8.25 ], "texture": "#texture1" },
				"north": { "uv": [ 11, 7.5, 11.75, 7.75 ], "texture": "#texture1" },
				"south": { "uv": [ 4.25, 7.5, 5, 7.75 ], "texture": "#texture1" },
				"west": { "uv": [ 7.75, 7.5, 8.25, 7.75 ], "texture": "#texture1" },
				"east": { "uv": [ 7.75, 7.5, 8.25, 7.75 ], "texture": "#texture1" }
			}
		},
		{
			"__comment": "Box38",
			"from": [ 4, 24.5, 7.75 ],
			"to": [ 4.75, 25, 8.25 ],
			"faces": {
				"down": { "uv": [ 4, 7.75, 4.75, 8.25 ], "texture": "#texture1" },
				"up": { "uv": [ 4, 7.75, 4.75, 8.25 ], "texture": "#texture1" },
				"north": { "uv": [ 11.25, 7, 12, 7.5 ], "texture": "#texture1" },
				"south": { "uv": [ 4, 7, 4.75, 7.5 ], "texture": "#texture1" },
				"west": { "uv": [ 7.75, 7, 8.25, 7.5 ], "texture": "#texture1" },
				"east": { "uv": [ 7.75, 7, 8.25, 7.5 ], "texture": "#texture1" }
			}
		},
		{
			"__comment": "Box39",
			"from": [ 4.25, 25, 7.75 ],
			"to": [ 4.75, 25.25, 8.25 ],
			"faces": {
				"down": { "uv": [ 4.25, 7.75, 4.75, 8.25 ], "texture": "#texture1" },
				"up": { "uv": [ 4.25, 7.75, 4.75, 8.25 ], "texture": "#texture1" },
				"north": { "uv": [ 11.25, 6.75, 11.75, 7 ], "texture": "#texture1" },
				"south": { "uv": [ 4.25, 6.75, 4.75, 7 ], "texture": "#texture1" },
				"west": { "uv": [ 7.75, 6.75, 8.25, 7 ], "texture": "#texture1" },
				"east": { "uv": [ 7.75, 6.75, 8.25, 7 ], "texture": "#texture1" }
			}
		},
		{
			"__comment": "Box33",
			"from": [ 9.75, 24.5, 7.25 ],
			"to": [ 10.5, 25, 8.75 ],
			"faces": {
				"down": { "uv": [ 5.5, 7.25, 6.25, 8.75 ], "texture": "#texture1" },
				"up": { "uv": [ 5.5, 7.25, 6.25, 8.75 ], "texture": "#texture1" },
				"north": { "uv": [ 9.75, 7, 10.5, 7.5 ], "texture": "#texture1" },
				"south": { "uv": [ 5.5, 7, 6.25, 7.5 ], "texture": "#texture1" },
				"west": { "uv": [ 7.25, 7, 8.75, 7.5 ], "texture": "#texture1" },
				"east": { "uv": [ 7.25, 7, 8.75, 7.5 ], "texture": "#texture1" }
			}
		},
		{
			"__comment": "Box34",
			"from": [ 10, 24.25, 7.5 ],
			"to": [ 10.75, 24.5, 8.5 ],
			"faces": {
				"down": { "uv": [ 5.25, 7.5, 6, 8.5 ], "texture": "#texture1" },
				"up": { "uv": [ 5.25, 7.5, 6, 8.5 ], "texture": "#texture1" },
				"north": { "uv": [ 10, 7.5, 10.75, 7.75 ], "texture": "#texture1" },
				"south": { "uv": [ 5.25, 7.5, 6, 7.75 ], "texture": "#texture1" },
				"west": { "uv": [ 7.5, 7.5, 8.5, 7.75 ], "texture": "#texture1" },
				"east": { "uv": [ 7.5, 7.5, 8.5, 7.75 ], "texture": "#texture1" }
			}
		},
		{
			"__comment": "Box35",
			"from": [ 10.25, 24, 7.5 ],
			"to": [ 11.5, 24.25, 8.5 ],
			"faces": {
				"down": { "uv": [ 4.5, 7.5, 5.75, 8.5 ], "texture": "#texture1" },
				"up": { "uv": [ 4.5, 7.5, 5.75, 8.5 ], "texture": "#texture1" },
				"north": { "uv": [ 10.25, 7.75, 11.5, 8 ], "texture": "#texture1" },
				"south": { "uv": [ 4.5, 7.75, 5.75, 8 ], "texture": "#texture1" },
				"west": { "uv": [ 7.5, 7.75, 8.5, 8 ], "texture": "#texture1" },
				"east": { "uv": [ 7.5, 7.75, 8.5, 8 ], "texture": "#texture1" }
			}
		},
		{
			"__comment": "Box36",
			"from": [ 10.5, 23.75, 7.5 ],
			"to": [ 11.25, 24, 8.5 ],
			"faces": {
				"down": { "uv": [ 4.75, 7.5, 5.5, 8.5 ], "texture": "#texture1" },
				"up": { "uv": [ 4.75, 7.5, 5.5, 8.5 ], "texture": "#texture1" },
				"north": { "uv": [ 10.5, 8, 11.25, 8.25 ], "texture": "#texture1" },
				"south": { "uv": [ 4.75, 8, 5.5, 8.25 ], "texture": "#texture1" },
				"west": { "uv": [ 7.5, 8, 8.5, 8.25 ], "texture": "#texture1" },
				"east": { "uv": [ 7.5, 8, 8.5, 8.25 ], "texture": "#texture1" }
			}
		},
		{
			"__comment": "Box37",
			"from": [ 11, 24.25, 7.75 ],
			"to": [ 11.75, 24.5, 8.25 ],
			"faces": {
				"down": { "uv": [ 4.25, 7.75, 5, 8.25 ], "texture": "#texture1" },
				"up": { "uv": [ 4.25, 7.75, 5, 8.25 ], "texture": "#texture1" },
				"north": { "uv": [ 11, 7.5, 11.75, 7.75 ], "texture": "#texture1" },
				"south": { "uv": [ 4.25, 7.5, 5, 7.75 ], "texture": "#texture1" },
				"west": { "uv": [ 7.75, 7.5, 8.25, 7.75 ], "texture": "#texture1" },
				"east": { "uv": [ 7.75, 7.5, 8.25, 7.75 ], "texture": "#texture1" }
			}
		},
		{
			"__comment": "Box38",
			"from": [ 11.25, 24.5, 7.75 ],
			"to": [ 12, 25, 8.25 ],
			"faces": {
				"down": { "uv": [ 4, 7.75, 4.75, 8.25 ], "texture": "#texture1" },
				"up": { "uv": [ 4, 7.75, 4.75, 8.25 ], "texture": "#texture1" },
				"north": { "uv": [ 11.25, 7, 12, 7.5 ], "texture": "#texture1" },
				"south": { "uv": [ 4, 7, 4.75, 7.5 ], "texture": "#texture1" },
				"west": { "uv": [ 7.75, 7, 8.25, 7.5 ], "texture": "#texture1" },
				"east": { "uv": [ 7.75, 7, 8.25, 7.5 ], "texture": "#texture1" }
			}
		},
		{
			"__comment": "Box39",
			"from": [ 11.25, 25, 7.75 ],
			"to": [ 11.75, 25.25, 8.25 ],
			"faces": {
				"down": { "uv": [ 4.25, 7.75, 4.75, 8.25 ], "texture": "#texture1" },
				"up": { "uv": [ 4.25, 7.75, 4.75, 8.25 ], "texture": "#texture1" },
				"north": { "uv": [ 11.25, 6.75, 11.75, 7 ], "texture": "#texture1" },
				"south": { "uv": [ 4.25, 6.75, 4.75, 7 ], "texture": "#texture1" },
				"west": { "uv": [ 7.75, 6.75, 8.25, 7 ], "texture": "#texture1" },
				"east": { "uv": [ 7.75, 6.75, 8.25, 7 ], "texture": "#texture1" }
			}
		},
		{
			"__comment": "Box47",
			"from": [ 4.5, 25.5, 8 ],
			"to": [ 5, 26, 8.5 ],
			"rotation": { "origin": [ 4.5, 25.5, 8 ], "axis": "y", "angle": 45 },
			"faces": {
				"down": { "uv": [ 0, 0, 16, 16 ], "texture": "#texture3" },
				"north": { "uv": [ 0, 0, 16, 16 ], "texture": "#texture2" },
				"south": { "uv": [ 0, 0, 16, 16 ], "texture": "#texture2" },
				"west": { "uv": [ 0, 0, 16, 16 ], "texture": "#texture2" },
				"east": { "uv": [ 0, 0, 16, 16 ], "texture": "#texture2" }
			}
		},
		{
			"__comment": "Box47",
			"from": [ 11, 25.5, 7.5 ],
			"to": [ 11.5, 26, 8 ],
			"rotation": { "origin": [ 11.5, 25.5, 8 ], "axis": "y", "angle": 45 },
			"faces": {
				"down": { "uv": [ 0, 0, 16, 16 ], "texture": "#texture3", "rotation": 180 },
				"north": { "uv": [ 0, 0, 16, 16 ], "texture": "#texture2" },
				"south": { "uv": [ 0, 0, 16, 16 ], "texture": "#texture2" },
				"west": { "uv": [ 0, 0, 16, 16 ], "texture": "#texture2" },
				"east": { "uv": [ 0, 0, 16, 16 ], "texture": "#texture2" }
			}
		}
	],
	"display": {
		"thirdperson_righthand": {
			"rotation":  [ 0, -50, 0 ],
			"translation":  [ 0, -12.52, 0 ]
		},
		"thirdperson_lefthand": {
			"rotation":  [ 0, -50, 0 ],
			"translation":  [ 0, -12.52, 0 ]
		},
		"firstperson_righthand": {
			"rotation":  [ 0, -67, 14 ],
			"translation":  [ 1.13, -0.278, 1.13 ],
			"scale":  [ 0.68, 0.68, 0.68 ]
		},
		"firstperson_lefthand": {
			"rotation":  [ 0, -67, 14 ],
			"translation":  [ 1.13, -0.278, 1.13 ],
			"scale":  [ 0.68, 0.68, 0.68 ]
		},
		"gui": {
			"rotation":  [ -25, -33, -48 ],
			"translation":  [ -2.086, -3.477, -2.086 ],
			"scale":  [ 0.625, 0.625, 0.625 ]
		},
		"ground": {
			"translation":  [ 0, 2, 0 ],
			"scale":  [ 0.5, 0.5, 0.5 ]
		},
		"fixed": {
			"rotation":  [ 0, 0, 28 ],
			"translation":  [ 1.3913, -4.173, 0 ],
			"scale":  [ 0.7, 0.7, 0.7 ]
		}
	}
}