{
	"__comment": "Designed by Nick1701 with Cubik Studio - https://cubik.studio",
	"textures": {
		"particle": "blocks/e_particle",
		"texture": "block/bedrock",
		"texture1": "block/glass",
		"texture2": "entity/end_portal",
		"texture3": "block/sea_lantern"
	},
	"elements": [ 	 
		{
			"__comment": "Box1",
			"from": [ 7.25, 3, 7.25 ],
			"to": [ 8.75, 16, 8.75 ],
			"faces": {
				"north": { "uv": [ 8.75, 0, 7.25, 13 ], "texture": "#texture" },
				"south": { "uv": [ 7.25, 0, 8.75, 13 ], "texture": "#texture" },
				"west": { "uv": [ 7.25, 0, 8.75, 13 ], "texture": "#texture" },
				"east": { "uv": [ 8.75, 0, 7.25, 13 ], "texture": "#texture" }
			}
		},
		{
			"__comment": "Box2",
			"from": [ 6.75, 2.5, 6.75 ],
			"to": [ 9.25, 3, 9.25 ],
			"faces": {
				"down": { "uv": [ 6.75, 6.75, 9.25, 9.25 ], "texture": "#texture" },
				"up": { "uv": [ 6.75, 6.75, 9.25, 9.25 ], "texture": "#texture" },
				"north": { "uv": [ 6.75, 13, 9.25, 13.5 ], "texture": "#texture" },
				"south": { "uv": [ 6.75, 13, 9.25, 13.5 ], "texture": "#texture" },
				"west": { "uv": [ 6.75, 13, 9.25, 13.5 ], "texture": "#texture" },
				"east": { "uv": [ 6.75, 13, 9.25, 13.5 ], "texture": "#texture" }
			}
		},
		{
			"__comment": "Box3",
			"from": [ 6.5, 2, 7.25 ],
			"to": [ 7.25, 2.5, 8.75 ],
			"faces": {
				"down": { "uv": [ 6.5, 7.25, 7.25, 8.75 ], "texture": "#texture" },
				"up": { "uv": [ 6.5, 7.25, 7.25, 8.75 ], "texture": "#texture" },
				"north": { "uv": [ 8.75, 13.5, 9.5, 14 ], "texture": "#texture" },
				"south": { "uv": [ 6.5, 13.5, 7.25, 14 ], "texture": "#texture" },
				"west": { "uv": [ 7.25, 13.5, 8.75, 14 ], "texture": "#texture" },
				"east": { "uv": [ 7.25, 13.5, 8.75, 14 ], "texture": "#texture" }
			}
		},
		{
			"__comment": "Box3",
			"from": [ 8.75, 2, 7.25 ],
			"to": [ 9.5, 2.5, 8.75 ],
			"faces": {
				"down": { "uv": [ 6.5, 7.25, 7.25, 8.75 ], "texture": "#texture" },
				"up": { "uv": [ 6.5, 7.25, 7.25, 8.75 ], "texture": "#texture" },
				"north": { "uv": [ 8.75, 13.5, 9.5, 14.25 ], "texture": "#texture" },
				"south": { "uv": [ 6.5, 13.5, 7.25, 14.25 ], "texture": "#texture" },
				"west": { "uv": [ 7.25, 13.5, 8.75, 14.25 ], "texture": "#texture" },
				"east": { "uv": [ 7.25, 13.5, 8.75, 14.25 ], "texture": "#texture" }
			}
		},
		{
			"__comment": "Box5",
			"from": [ 6.25, 1.5, 7.5 ],
			"to": [ 6.75, 2, 8.5 ],
			"faces": {
				"down": { "uv": [ 6.25, 7.5, 6.75, 8.5 ], "texture": "#texture" },
				"up": { "uv": [ 6.25, 7.5, 6.75, 8.5 ], "texture": "#texture" },
				"north": { "uv": [ 9.25, 14, 9.75, 14.5 ], "texture": "#texture" },
				"south": { "uv": [ 6.25, 14, 6.75, 14.5 ], "texture": "#texture" },
				"west": { "uv": [ 7.5, 14, 8.5, 14.5 ], "texture": "#texture" },
				"east": { "uv": [ 7.5, 14, 8.5, 14.5 ], "texture": "#texture" }
			}
		},
		{
			"__comment": "Box6",
			"from": [ 7.25, 2.25, 7 ],
			"to": [ 8.75, 2.5, 9 ],
			"faces": {
				"down": { "uv": [ 7.25, 7, 8.75, 9 ], "texture": "#texture" },
				"north": { "uv": [ 7.25, 13.5, 8.75, 13.75 ], "texture": "#texture" },
				"south": { "uv": [ 7.25, 13.5, 8.75, 13.75 ], "texture": "#texture" },
				"west": { "uv": [ 7, 13.5, 9, 13.75 ], "texture": "#texture" },
				"east": { "uv": [ 7, 13.5, 9, 13.75 ], "texture": "#texture" }
			}
		},
		{
			"__comment": "Box5",
			"from": [ 9.25, 1.5, 7.5 ],
			"to": [ 9.75, 2, 8.5 ],
			"faces": {
				"down": { "uv": [ 6.25, 7.5, 6.75, 8.5 ], "texture": "#texture" },
				"up": { "uv": [ 6.25, 7.5, 6.75, 8.5 ], "texture": "#texture" },
				"north": { "uv": [ 9.25, 14, 9.75, 14.5 ], "texture": "#texture" },
				"south": { "uv": [ 6.25, 14, 6.75, 14.5 ], "texture": "#texture" },
				"west": { "uv": [ 7.5, 14, 8.5, 14.5 ], "texture": "#texture" },
				"east": { "uv": [ 7.5, 14, 8.5, 14.5 ], "texture": "#texture" }
			}
		},
		{
			"__comment": "Box8",
			"from": [ 6.25, 1.25, 7.75 ],
			"to": [ 6.5, 1.5, 8.25 ],
			"faces": {
				"down": { "uv": [ 6.25, 7.75, 6.5, 8.25 ], "texture": "#texture" },
				"north": { "uv": [ 9.5, 14.5, 9.75, 14.75 ], "texture": "#texture" },
				"south": { "uv": [ 6.25, 14.5, 6.5, 14.75 ], "texture": "#texture" },
				"west": { "uv": [ 7.75, 14.5, 8.25, 14.75 ], "texture": "#texture" },
				"east": { "uv": [ 7.75, 14.5, 8.25, 14.75 ], "texture": "#texture" }
			}
		},
		{
			"__comment": "Box8",
			"from": [ 9.5, 1.25, 7.75 ],
			"to": [ 9.75, 1.5, 8.25 ],
			"faces": {
				"down": { "uv": [ 6.25, 7.75, 6.5, 8.25 ], "texture": "#texture" },
				"north": { "uv": [ 9.5, 14.5, 9.75, 14.75 ], "texture": "#texture" },
				"south": { "uv": [ 6.25, 14.5, 6.5, 14.75 ], "texture": "#texture" },
				"west": { "uv": [ 7.75, 14.5, 8.25, 14.75 ], "texture": "#texture" },
				"east": { "uv": [ 7.75, 14.5, 8.25, 14.75 ], "texture": "#texture" }
			}
		},
		{
			"__comment": "Box1",
			"from": [ 7.25, 16, 7.25 ],
			"to": [ 8.75, 24, 8.75 ],
			"faces": {
				"north": { "uv": [ 7.75, 0, 8.75, 13 ], "texture": "#texture" },
				"south": { "uv": [ 8.75, 0, 7.75, 13 ], "texture": "#texture" },
				"west": { "uv": [ 7.25, 0, 8.75, 13 ], "texture": "#texture" },
				"east": { "uv": [ 8.75, 0, 7.25, 13 ], "texture": "#texture" }
			}
		},
		{
			"__comment": "Box50",
			"from": [ 6.75, 24, 6.75 ],
			"to": [ 9.25, 25, 9.25 ],
			"faces": {
				"down": { "uv": [ 6.75, 6.75, 9.25, 9.25 ], "texture": "#texture" },
				"up": { "uv": [ 6.75, 6.75, 9.25, 9.25 ], "texture": "#texture3" },
				"north": { "uv": [ 6.75, 7, 9.25, 8 ], "texture": "#texture" },
				"south": { "uv": [ 6.75, 7, 9.25, 8 ], "texture": "#texture" },
				"west": { "uv": [ 6.75, 7, 9.25, 8 ], "texture": "#texture" },
				"east": { "uv": [ 6.75, 7, 9.25, 8 ], "texture": "#texture" }
			}
		},
		{
			"__comment": "Box51",
			"from": [ 5.5, 25, 5.5 ],
			"to": [ 10.5, 30, 10.5 ],
			"faces": {
				"down": { "uv": [ 0, 0, 16, 16 ], "texture": "#texture1" },
				"up": { "uv": [ 0, 0, 16, 16 ], "texture": "#texture1" },
				"north": { "uv": [ 0, 0, 16, 16 ], "texture": "#texture1" },
				"south": { "uv": [ 0, 0, 16, 16 ], "texture": "#texture1" },
				"west": { "uv": [ 0, 0, 16, 16 ], "texture": "#texture1" },
				"east": { "uv": [ 0, 0, 16, 16 ], "texture": "#texture1" }
			}
		},
		{
			"__comment": "Box52",
			"from": [ 6.25, 25.75, 6.25 ],
			"to": [ 9.75, 29.25, 9.75 ],
			"faces": {
				"down": { "uv": [ 0, 0, 16, 16 ], "texture": "#texture2" },
				"up": { "uv": [ 0, 0, 16, 16 ], "texture": "#texture2" },
				"north": { "uv": [ 0, 0, 16, 16 ], "texture": "#texture2" },
				"south": { "uv": [ 0, 0, 16, 16 ], "texture": "#texture2" },
				"west": { "uv": [ 0, 0, 16, 16 ], "texture": "#texture2" },
				"east": { "uv": [ 0, 0, 16, 16 ], "texture": "#texture2" }
			}
		},
		{
			"__comment": "Box53",
			"from": [ 6.5, 24.5, 9.25 ],
			"to": [ 7.5, 25, 10.5 ],
			"rotation": { "origin": [ 7.5, 24.5, 9.25 ], "axis": "y", "angle": -45 },
			"faces": {
				"down": { "uv": [ 9.25, 7.5, 10.5, 8.5 ], "texture": "#texture3", "rotation": 270 },
				"up": { "uv": [ 9.25, 7.5, 10.5, 8.5 ], "texture": "#texture3", "rotation": 90 },
				"north": { "uv": [ 7.5, 7, 8.5, 7.5 ], "texture": "#texture3" },
				"south": { "uv": [ 7.5, 7, 8.5, 7.5 ], "texture": "#texture3" },
				"west": { "uv": [ 9.25, 7, 10.5, 7.5 ], "texture": "#texture3" },
				"east": { "uv": [ 5.5, 7, 6.75, 7.5 ], "texture": "#texture3" }
			}
		},
		{
			"__comment": "Box54",
			"from": [ 6.5, 24.75, 10.5 ],
			"to": [ 7.5, 25.25, 11.25 ],
			"rotation": { "origin": [ 7.5, 24.5, 9.25 ], "axis": "y", "angle": -45 },
			"faces": {
				"down": { "uv": [ 10.5, 7.5, 11.25, 8.5 ], "texture": "#texture3", "rotation": 270 },
				"up": { "uv": [ 10.5, 7.5, 11.25, 8.5 ], "texture": "#texture3", "rotation": 90 },
				"north": { "uv": [ 7.5, 6.75, 8.5, 7.25 ], "texture": "#texture3" },
				"south": { "uv": [ 7.5, 6.75, 8.5, 7.25 ], "texture": "#texture3" },
				"west": { "uv": [ 10.5, 6.75, 11.25, 7.25 ], "texture": "#texture3" },
				"east": { "uv": [ 4.75, 6.75, 5.5, 7.25 ], "texture": "#texture3" }
			}
		},
		{
			"__comment": "Box55",
			"from": [ 6.5, 25.25, 11 ],
			"to": [ 7.5, 25.75, 11.75 ],
			"rotation": { "origin": [ 7.5, 24.5, 9.25 ], "axis": "y", "angle": -45 },
			"faces": {
				"down": { "uv": [ 11, 7.5, 11.75, 8.5 ], "texture": "#texture3", "rotation": 270 },
				"up": { "uv": [ 11, 7.5, 11.75, 8.5 ], "texture": "#texture3", "rotation": 90 },
				"north": { "uv": [ 7.5, 6.25, 8.5, 6.75 ], "texture": "#texture3" },
				"south": { "uv": [ 7.5, 6.25, 8.5, 6.75 ], "texture": "#texture3" },
				"west": { "uv": [ 11, 6.25, 11.75, 6.75 ], "texture": "#texture3" },
				"east": { "uv": [ 4.25, 6.25, 5, 6.75 ], "texture": "#texture3" }
			}
		},
		{
			"__comment": "Box56",
			"from": [ 6.5001, 25.75, 11.5 ],
			"to": [ 7.5001, 26.75, 12 ],
			"rotation": { "origin": [ 7.5, 24.5, 9.25 ], "axis": "y", "angle": -45 },
			"faces": {
				"down": { "uv": [ 11.5, 7.5, 12, 8.5 ], "texture": "#texture3", "rotation": 270 },
				"up": { "uv": [ 11.5, 7.5, 12, 8.5 ], "texture": "#texture3", "rotation": 90 },
				"north": { "uv": [ 7.5, 5.25, 8.5, 6.25 ], "texture": "#texture3" },
				"south": { "uv": [ 7.5, 5.25, 8.5, 6.25 ], "texture": "#texture3" },
				"west": { "uv": [ 11.5, 5.25, 12, 6.25 ], "texture": "#texture3" },
				"east": { "uv": [ 4, 5.25, 4.5, 6.25 ], "texture": "#texture3" }
			}
		},
		{
			"__comment": "Box57",
			"from": [ 6.75, 26.75, 11 ],
			"to": [ 7.25, 27.25, 11.75 ],
			"rotation": { "origin": [ 7.5, 24.5, 9.25 ], "axis": "y", "angle": -45 },
			"faces": {
				"down": { "uv": [ 11, 7.75, 11.75, 8.25 ], "texture": "#texture3", "rotation": 270 },
				"up": { "uv": [ 11, 7.75, 11.75, 8.25 ], "texture": "#texture3", "rotation": 90 },
				"north": { "uv": [ 7.75, 4.75, 8.25, 5.25 ], "texture": "#texture3" },
				"south": { "uv": [ 7.75, 4.75, 8.25, 5.25 ], "texture": "#texture3" },
				"west": { "uv": [ 11, 4.75, 11.75, 5.25 ], "texture": "#texture3" },
				"east": { "uv": [ 4.25, 4.75, 5, 5.25 ], "texture": "#texture3" }
			}
		},
		{
			"__comment": "Box58",
			"from": [ 6.75, 27.25, 10.75 ],
			"to": [ 7.25, 27.5, 11.5 ],
			"rotation": { "origin": [ 7.5, 24.5, 9.25 ], "axis": "y", "angle": -45 },
			"faces": {
				"down": { "uv": [ 10.75, 7.75, 11.5, 8.25 ], "texture": "#texture3", "rotation": 270 },
				"up": { "uv": [ 10.75, 7.75, 11.5, 8.25 ], "texture": "#texture3", "rotation": 90 },
				"north": { "uv": [ 7.75, 4.5, 8.25, 4.75 ], "texture": "#texture3" },
				"south": { "uv": [ 7.75, 4.5, 8.25, 4.75 ], "texture": "#texture3" },
				"west": { "uv": [ 10.75, 4.5, 11.5, 4.75 ], "texture": "#texture3" },
				"east": { "uv": [ 4.5, 4.5, 5.25, 4.75 ], "texture": "#texture3" }
			}
		},
		{
			"__comment": "Box59",
			"from": [ 6.75, 27.5, 10.75 ],
			"to": [ 7.25, 27.75, 11.25 ],
			"rotation": { "origin": [ 7.5, 24.5, 9.25 ], "axis": "y", "angle": -45 },
			"faces": {
				"down": { "uv": [ 10.75, 7.75, 11.25, 8.25 ], "texture": "#texture3", "rotation": 270 },
				"up": { "uv": [ 10.75, 7.75, 11.25, 8.25 ], "texture": "#texture3", "rotation": 90 },
				"north": { "uv": [ 7.75, 4.25, 8.25, 4.5 ], "texture": "#texture3" },
				"south": { "uv": [ 7.75, 4.25, 8.25, 4.5 ], "texture": "#texture3" },
				"west": { "uv": [ 10.75, 4.25, 11.25, 4.5 ], "texture": "#texture3" },
				"east": { "uv": [ 4.75, 4.25, 5.25, 4.5 ], "texture": "#texture3" }
			}
		},
		{
			"__comment": "Box54",
			"from": [ 6.4999, 24.75, 4.75 ],
			"to": [ 7.4999, 25.25, 5.5 ],
			"rotation": { "origin": [ 7.5, 24.5, 9.25 ], "axis": "y", "angle": -45 },
			"faces": {
				"down": { "uv": [ 10.5, 7.5, 11.25, 8.5 ], "texture": "#texture3", "rotation": 270 },
				"up": { "uv": [ 10.5, 7.5, 11.25, 8.5 ], "texture": "#texture3", "rotation": 90 },
				"north": { "uv": [ 7.5, 6.75, 8.5, 7.25 ], "texture": "#texture3" },
				"west": { "uv": [ 10.5, 6.75, 11.25, 7.25 ], "texture": "#texture3" },
				"east": { "uv": [ 4.75, 6.75, 5.5, 7.25 ], "texture": "#texture3" }
			}
		},
		{
			"__comment": "Box53",
			"from": [ 6.4999, 24.5, 5.5 ],
			"to": [ 7.4999, 25, 6.75 ],
			"rotation": { "origin": [ 7.5, 24.5, 9.25 ], "axis": "y", "angle": -45 },
			"faces": {
				"down": { "uv": [ 9.25, 7.5, 10.5, 8.5 ], "texture": "#texture3", "rotation": 270 },
				"up": { "uv": [ 9.25, 7.5, 10.5, 8.5 ], "texture": "#texture3", "rotation": 90 },
				"north": { "uv": [ 7.5, 7, 8.5, 7.5 ], "texture": "#texture3" },
				"south": { "uv": [ 7.5, 7, 8.5, 7.5 ], "texture": "#texture3" },
				"west": { "uv": [ 9.25, 7, 10.5, 7.5 ], "texture": "#texture3" },
				"east": { "uv": [ 5.5, 7, 6.75, 7.5 ], "texture": "#texture3" }
			}
		},
		{
			"__comment": "Box55",
			"from": [ 6.4999, 25.25, 4.25 ],
			"to": [ 7.4999, 25.75, 5 ],
			"rotation": { "origin": [ 7.5, 24.5, 9.25 ], "axis": "y", "angle": -45 },
			"faces": {
				"down": { "uv": [ 11, 7.5, 11.75, 8.5 ], "texture": "#texture3", "rotation": 270 },
				"up": { "uv": [ 11, 7.5, 11.75, 8.5 ], "texture": "#texture3", "rotation": 90 },
				"north": { "uv": [ 7.5, 6.25, 8.5, 6.75 ], "texture": "#texture3" },
				"south": { "uv": [ 7.5, 6.25, 8.5, 6.75 ], "texture": "#texture3" },
				"west": { "uv": [ 11, 6.25, 11.75, 6.75 ], "texture": "#texture3" },
				"east": { "uv": [ 4.25, 6.25, 5, 6.75 ], "texture": "#texture3" }
			}
		},
		{
			"__comment": "Box56",
			"from": [ 6.4999, 25.75, 4 ],
			"to": [ 7.4999, 26.75, 4.5 ],
			"rotation": { "origin": [ 7.5, 24.5, 9.25 ], "axis": "y", "angle": -45 },
			"faces": {
				"down": { "uv": [ 11.5, 7.5, 12, 8.5 ], "texture": "#texture3", "rotation": 270 },
				"up": { "uv": [ 11.5, 7.5, 12, 8.5 ], "texture": "#texture3", "rotation": 90 },
				"north": { "uv": [ 7.5, 5.25, 8.5, 6.25 ], "texture": "#texture3" },
				"south": { "uv": [ 7.5, 5.25, 8.5, 6.25 ], "texture": "#texture3" },
				"west": { "uv": [ 11.5, 5.25, 12, 6.25 ], "texture": "#texture3" },
				"east": { "uv": [ 4, 5.25, 4.5, 6.25 ], "texture": "#texture3" }
			}
		},
		{
			"__comment": "Box57",
			"from": [ 6.7499, 26.75, 4.25 ],
			"to": [ 7.2499, 27.25, 5 ],
			"rotation": { "origin": [ 7.5, 24.5, 9.25 ], "axis": "y", "angle": -45 },
			"faces": {
				"down": { "uv": [ 11, 7.75, 11.75, 8.25 ], "texture": "#texture3", "rotation": 270 },
				"up": { "uv": [ 11, 7.75, 11.75, 8.25 ], "texture": "#texture3", "rotation": 90 },
				"north": { "uv": [ 7.75, 4.75, 8.25, 5.25 ], "texture": "#texture3" },
				"south": { "uv": [ 7.75, 4.75, 8.25, 5.25 ], "texture": "#texture3" },
				"west": { "uv": [ 11, 4.75, 11.75, 5.25 ], "texture": "#texture3" },
				"east": { "uv": [ 4.25, 4.75, 5, 5.25 ], "texture": "#texture3" }
			}
		},
		{
			"__comment": "Box58",
			"from": [ 6.7499, 27.25, 4.5 ],
			"to": [ 7.2499, 27.5, 5.25 ],
			"rotation": { "origin": [ 7.5, 24.5, 9.25 ], "axis": "y", "angle": -45 },
			"faces": {
				"down": { "uv": [ 10.75, 7.75, 11.5, 8.25 ], "texture": "#texture3", "rotation": 270 },
				"up": { "uv": [ 10.75, 7.75, 11.5, 8.25 ], "texture": "#texture3", "rotation": 90 },
				"north": { "uv": [ 7.75, 4.5, 8.25, 4.75 ], "texture": "#texture3" },
				"south": { "uv": [ 7.75, 4.5, 8.25, 4.75 ], "texture": "#texture3" },
				"west": { "uv": [ 10.75, 4.5, 11.5, 4.75 ], "texture": "#texture3" },
				"east": { "uv": [ 4.5, 4.5, 5.25, 4.75 ], "texture": "#texture3" }
			}
		},
		{
			"__comment": "Box59",
			"from": [ 6.7499, 27.5, 4.75 ],
			"to": [ 7.2499, 27.75, 5.25 ],
			"rotation": { "origin": [ 7.5, 24.5, 9.25 ], "axis": "y", "angle": -45 },
			"faces": {
				"down": { "uv": [ 10.75, 7.75, 11.25, 8.25 ], "texture": "#texture3", "rotation": 270 },
				"up": { "uv": [ 10.75, 7.75, 11.25, 8.25 ], "texture": "#texture3", "rotation": 90 },
				"north": { "uv": [ 7.75, 4.25, 8.25, 4.5 ], "texture": "#texture3" },
				"south": { "uv": [ 7.75, 4.25, 8.25, 4.5 ], "texture": "#texture3" },
				"west": { "uv": [ 10.75, 4.25, 11.25, 4.5 ], "texture": "#texture3" },
				"east": { "uv": [ 4.75, 4.25, 5.25, 4.5 ], "texture": "#texture3" }
			}
		},
		{
			"__comment": "Box53",
			"from": [ 8.25, 24.5, 7.5 ],
			"to": [ 9.5, 25, 8.5 ],
			"rotation": { "origin": [ 7.5, 24.5, 9.25 ], "axis": "y", "angle": -45 },
			"faces": {
				"down": { "uv": [ 9.25, 7.5, 10.5, 8.5 ], "texture": "#texture3" },
				"up": { "uv": [ 9.25, 7.5, 10.5, 8.5 ], "texture": "#texture3" },
				"north": { "uv": [ 5.5, 7, 6.75, 7.5 ], "texture": "#texture3" },
				"south": { "uv": [ 9.25, 7, 10.5, 7.5 ], "texture": "#texture3" },
				"west": { "uv": [ 7.5, 7, 8.5, 7.5 ], "texture": "#texture3" },
				"east": { "uv": [ 7.5, 7, 8.5, 7.5 ], "texture": "#texture3" }
			}
		},
		{
			"__comment": "Box54",
			"from": [ 9.5, 24.75, 7.5 ],
			"to": [ 10.25, 25.25, 8.5 ],
			"rotation": { "origin": [ 7.5, 24.5, 9.25 ], "axis": "y", "angle": -45 },
			"faces": {
				"down": { "uv": [ 10.5, 7.5, 11.25, 8.5 ], "texture": "#texture3" },
				"up": { "uv": [ 10.5, 7.5, 11.25, 8.5 ], "texture": "#texture3" },
				"north": { "uv": [ 4.75, 6.75, 5.5, 7.25 ], "texture": "#texture3" },
				"south": { "uv": [ 10.5, 6.75, 11.25, 7.25 ], "texture": "#texture3" },
				"west": { "uv": [ 7.5, 6.75, 8.5, 7.25 ], "texture": "#texture3" },
				"east": { "uv": [ 7.5, 6.75, 8.5, 7.25 ], "texture": "#texture3" }
			}
		},
		{
			"__comment": "Box55",
			"from": [ 10, 25.25, 7.5 ],
			"to": [ 10.75, 25.75, 8.5 ],
			"rotation": { "origin": [ 7.5, 24.5, 9.25 ], "axis": "y", "angle": -45 },
			"faces": {
				"down": { "uv": [ 11, 7.5, 11.75, 8.5 ], "texture": "#texture3" },
				"up": { "uv": [ 11, 7.5, 11.75, 8.5 ], "texture": "#texture3" },
				"north": { "uv": [ 4.25, 6.25, 5, 6.75 ], "texture": "#texture3" },
				"south": { "uv": [ 11, 6.25, 11.75, 6.75 ], "texture": "#texture3" },
				"west": { "uv": [ 7.5, 6.25, 8.5, 6.75 ], "texture": "#texture3" },
				"east": { "uv": [ 7.5, 6.25, 8.5, 6.75 ], "texture": "#texture3" }
			}
		},
		{
			"__comment": "Box56",
			"from": [ 10.5, 25.75, 7.5 ],
			"to": [ 11, 26.75, 8.5 ],
			"rotation": { "origin": [ 7.5, 24.5, 9.25 ], "axis": "y", "angle": -45 },
			"faces": {
				"down": { "uv": [ 11.5, 7.5, 12, 8.5 ], "texture": "#texture3" },
				"up": { "uv": [ 11.5, 7.5, 12, 8.5 ], "texture": "#texture3" },
				"north": { "uv": [ 4, 5.25, 4.5, 6.25 ], "texture": "#texture3" },
				"south": { "uv": [ 11.5, 5.25, 12, 6.25 ], "texture": "#texture3" },
				"west": { "uv": [ 7.5, 5.25, 8.5, 6.25 ], "texture": "#texture3" },
				"east": { "uv": [ 7.5, 5.25, 8.5, 6.25 ], "texture": "#texture3" }
			}
		},
		{
			"__comment": "Box57",
			"from": [ 10, 26.75, 7.75 ],
			"to": [ 10.75, 27.25, 8.25 ],
			"rotation": { "origin": [ 7.5, 24.5, 9.25 ], "axis": "y", "angle": -45 },
			"faces": {
				"down": { "uv": [ 11, 7.75, 11.75, 8.25 ], "texture": "#texture3" },
				"up": { "uv": [ 11, 7.75, 11.75, 8.25 ], "texture": "#texture3" },
				"north": { "uv": [ 4.25, 4.75, 5, 5.25 ], "texture": "#texture3" },
				"south": { "uv": [ 11, 4.75, 11.75, 5.25 ], "texture": "#texture3" },
				"west": { "uv": [ 7.75, 4.75, 8.25, 5.25 ], "texture": "#texture3" },
				"east": { "uv": [ 7.75, 4.75, 8.25, 5.25 ], "texture": "#texture3" }
			}
		},
		{
			"__comment": "Box58",
			"from": [ 9.75, 27.25, 7.75 ],
			"to": [ 10.5, 27.5, 8.25 ],
			"rotation": { "origin": [ 7.5, 24.5, 9.25 ], "axis": "y", "angle": -45 },
			"faces": {
				"down": { "uv": [ 10.75, 7.75, 11.5, 8.25 ], "texture": "#texture3" },
				"up": { "uv": [ 10.75, 7.75, 11.5, 8.25 ], "texture": "#texture3" },
				"north": { "uv": [ 4.5, 4.5, 5.25, 4.75 ], "texture": "#texture3" },
				"south": { "uv": [ 10.75, 4.5, 11.5, 4.75 ], "texture": "#texture3" },
				"west": { "uv": [ 7.75, 4.5, 8.25, 4.75 ], "texture": "#texture3" },
				"east": { "uv": [ 7.75, 4.5, 8.25, 4.75 ], "texture": "#texture3" }
			}
		},
		{
			"__comment": "Box59",
			"from": [ 9.75, 27.5, 7.75 ],
			"to": [ 10.25, 27.75, 8.25 ],
			"rotation": { "origin": [ 7.5, 24.5, 9.25 ], "axis": "y", "angle": -45 },
			"faces": {
				"down": { "uv": [ 10.75, 7.75, 11.25, 8.25 ], "texture": "#texture3" },
				"up": { "uv": [ 10.75, 7.75, 11.25, 8.25 ], "texture": "#texture3" },
				"north": { "uv": [ 4.75, 4.25, 5.25, 4.5 ], "texture": "#texture3" },
				"south": { "uv": [ 10.75, 4.25, 11.25, 4.5 ], "texture": "#texture3" },
				"west": { "uv": [ 7.75, 4.25, 8.25, 4.5 ], "texture": "#texture3" },
				"east": { "uv": [ 7.75, 4.25, 8.25, 4.5 ], "texture": "#texture3" }
			}
		},
		{
			"__comment": "Box53",
			"from": [ 4.5, 24.5, 7.5 ],
			"to": [ 5.75, 25, 8.5 ],
			"rotation": { "origin": [ 7.5, 24.5, 9.25 ], "axis": "y", "angle": -45 },
			"faces": {
				"down": { "uv": [ 9.25, 7.5, 10.5, 8.5 ], "texture": "#texture3" },
				"up": { "uv": [ 9.25, 7.5, 10.5, 8.5 ], "texture": "#texture3" },
				"north": { "uv": [ 5.5, 7, 6.75, 7.5 ], "texture": "#texture3" },
				"south": { "uv": [ 9.25, 7, 10.5, 7.5 ], "texture": "#texture3" },
				"west": { "uv": [ 7.5, 7, 8.5, 7.5 ], "texture": "#texture3" },
				"east": { "uv": [ 7.5, 7, 8.5, 7.5 ], "texture": "#texture3" }
			}
		},
		{
			"__comment": "Box54",
			"from": [ 3.75, 24.75, 7.5 ],
			"to": [ 4.5, 25.25, 8.5 ],
			"rotation": { "origin": [ 7.5, 24.5, 9.25 ], "axis": "y", "angle": -45 },
			"faces": {
				"down": { "uv": [ 10.5, 7.5, 11.25, 8.5 ], "texture": "#texture3" },
				"up": { "uv": [ 10.5, 7.5, 11.25, 8.5 ], "texture": "#texture3" },
				"north": { "uv": [ 4.75, 6.75, 5.5, 7.25 ], "texture": "#texture3" },
				"south": { "uv": [ 10.5, 6.75, 11.25, 7.25 ], "texture": "#texture3" },
				"west": { "uv": [ 7.5, 6.75, 8.5, 7.25 ], "texture": "#texture3" }
			}
		},
		{
			"__comment": "Box55",
			"from": [ 3.25, 25.25, 7.5 ],
			"to": [ 4, 25.75, 8.5 ],
			"rotation": { "origin": [ 7.5, 24.5, 9.25 ], "axis": "y", "angle": -45 },
			"faces": {
				"down": { "uv": [ 11, 7.5, 11.75, 8.5 ], "texture": "#texture3" },
				"up": { "uv": [ 11, 7.5, 11.75, 8.5 ], "texture": "#texture3" },
				"north": { "uv": [ 4.25, 6.25, 5, 6.75 ], "texture": "#texture3" },
				"south": { "uv": [ 11, 6.25, 11.75, 6.75 ], "texture": "#texture3" },
				"west": { "uv": [ 7.5, 6.25, 8.5, 6.75 ], "texture": "#texture3" },
				"east": { "uv": [ 7.5, 6.25, 8.5, 6.75 ], "texture": "#texture3" }
			}
		},
		{
			"__comment": "Box56",
			"from": [ 3, 25.75, 7.5 ],
			"to": [ 3.5, 26.75, 8.5 ],
			"rotation": { "origin": [ 7.5, 24.5, 9.25 ], "axis": "y", "angle": -45 },
			"faces": {
				"down": { "uv": [ 11.5, 7.5, 12, 8.5 ], "texture": "#texture3" },
				"up": { "uv": [ 11.5, 7.5, 12, 8.5 ], "texture": "#texture3" },
				"north": { "uv": [ 4, 5.25, 4.5, 6.25 ], "texture": "#texture3" },
				"south": { "uv": [ 11.5, 5.25, 12, 6.25 ], "texture": "#texture3" },
				"west": { "uv": [ 7.5, 5.25, 8.5, 6.25 ], "texture": "#texture3" },
				"east": { "uv": [ 7.5, 5.25, 8.5, 6.25 ], "texture": "#texture3" }
			}
		},
		{
			"__comment": "Box57",
			"from": [ 3.25, 26.75, 7.75 ],
			"to": [ 4, 27.25, 8.25 ],
			"rotation": { "origin": [ 7.5, 24.5, 9.25 ], "axis": "y", "angle": -45 },
			"faces": {
				"down": { "uv": [ 11, 7.75, 11.75, 8.25 ], "texture": "#texture3" },
				"up": { "uv": [ 11, 7.75, 11.75, 8.25 ], "texture": "#texture3" },
				"north": { "uv": [ 4.25, 4.75, 5, 5.25 ], "texture": "#texture3" },
				"south": { "uv": [ 11, 4.75, 11.75, 5.25 ], "texture": "#texture3" },
				"west": { "uv": [ 7.75, 4.75, 8.25, 5.25 ], "texture": "#texture3" },
				"east": { "uv": [ 7.75, 4.75, 8.25, 5.25 ], "texture": "#texture3" }
			}
		},
		{
			"__comment": "Box58",
			"from": [ 3.5, 27.25, 7.75 ],
			"to": [ 4.25, 27.5, 8.25 ],
			"rotation": { "origin": [ 7.5, 24.5, 9.25 ], "axis": "y", "angle": -45 },
			"faces": {
				"down": { "uv": [ 10.75, 7.75, 11.5, 8.25 ], "texture": "#texture3" },
				"up": { "uv": [ 10.75, 7.75, 11.5, 8.25 ], "texture": "#texture3" },
				"north": { "uv": [ 4.5, 4.5, 5.25, 4.75 ], "texture": "#texture3" },
				"south": { "uv": [ 10.75, 4.5, 11.5, 4.75 ], "texture": "#texture3" },
				"west": { "uv": [ 7.75, 4.5, 8.25, 4.75 ], "texture": "#texture3" },
				"east": { "uv": [ 7.75, 4.5, 8.25, 4.75 ], "texture": "#texture3" }
			}
		},
		{
			"__comment": "Box59",
			"from": [ 3.75, 27.5, 7.75 ],
			"to": [ 4.25, 27.75, 8.25 ],
			"rotation": { "origin": [ 7.5, 24.5, 9.25 ], "axis": "y", "angle": -45 },
			"faces": {
				"down": { "uv": [ 10.75, 7.75, 11.25, 8.25 ], "texture": "#texture3" },
				"up": { "uv": [ 10.75, 7.75, 11.25, 8.25 ], "texture": "#texture3" },
				"north": { "uv": [ 4.75, 4.25, 5.25, 4.5 ], "texture": "#texture3" },
				"south": { "uv": [ 10.75, 4.25, 11.25, 4.5 ], "texture": "#texture3" },
				"west": { "uv": [ 7.75, 4.25, 8.25, 4.5 ], "texture": "#texture3" },
				"east": { "uv": [ 7.75, 4.25, 8.25, 4.5 ], "texture": "#texture3" }
			}
		},
		{
			"__comment": "Box53",
			"from": [ 7.5, 24.5, 9.25 ],
			"to": [ 8.5, 25, 10.5 ],
			"faces": {
				"down": { "uv": [ 9.25, 7.5, 10.5, 8.5 ], "texture": "#texture3", "rotation": 270 },
				"up": { "uv": [ 9.25, 7.5, 10.5, 8.5 ], "texture": "#texture3", "rotation": 90 },
				"north": { "uv": [ 7.5, 7, 8.5, 7.5 ], "texture": "#texture3" },
				"south": { "uv": [ 7.5, 7, 8.5, 7.5 ], "texture": "#texture3" },
				"west": { "uv": [ 9.25, 7, 10.5, 7.5 ], "texture": "#texture3" },
				"east": { "uv": [ 5.5, 7, 6.75, 7.5 ], "texture": "#texture3" }
			}
		},
		{
			"__comment": "Box54",
			"from": [ 7.5, 24.75, 10.5 ],
			"to": [ 8.5, 25.25, 11.25 ],
			"faces": {
				"down": { "uv": [ 10.5, 7.5, 11.25, 8.5 ], "texture": "#texture3", "rotation": 270 },
				"up": { "uv": [ 10.5, 7.5, 11.25, 8.5 ], "texture": "#texture3", "rotation": 90 },
				"north": { "uv": [ 7.5, 6.75, 8.5, 7.25 ], "texture": "#texture3" },
				"south": { "uv": [ 7.5, 6.75, 8.5, 7.25 ], "texture": "#texture3" },
				"west": { "uv": [ 10.5, 6.75, 11.25, 7.25 ], "texture": "#texture3" },
				"east": { "uv": [ 4.75, 6.75, 5.5, 7.25 ], "texture": "#texture3" }
			}
		},
		{
			"__comment": "Box55",
			"from": [ 7.5, 25.25, 11 ],
			"to": [ 8.5, 25.75, 11.75 ],
			"faces": {
				"down": { "uv": [ 11, 7.5, 11.75, 8.5 ], "texture": "#texture3", "rotation": 270 },
				"up": { "uv": [ 11, 7.5, 11.75, 8.5 ], "texture": "#texture3", "rotation": 90 },
				"north": { "uv": [ 7.5, 6.25, 8.5, 6.75 ], "texture": "#texture3" },
				"south": { "uv": [ 7.5, 6.25, 8.5, 6.75 ], "texture": "#texture3" },
				"west": { "uv": [ 11, 6.25, 11.75, 6.75 ], "texture": "#texture3" },
				"east": { "uv": [ 4.25, 6.25, 5, 6.75 ], "texture": "#texture3" }
			}
		},
		{
			"__comment": "Box56",
			"from": [ 7.5001, 25.75, 11.5 ],
			"to": [ 8.500099, 26.75, 12 ],
			"faces": {
				"down": { "uv": [ 11.5, 7.5, 12, 8.5 ], "texture": "#texture3", "rotation": 270 },
				"up": { "uv": [ 11.5, 7.5, 12, 8.5 ], "texture": "#texture3", "rotation": 90 },
				"north": { "uv": [ 7.5, 5.25, 8.5, 6.25 ], "texture": "#texture3" },
				"south": { "uv": [ 7.5, 5.25, 8.5, 6.25 ], "texture": "#texture3" },
				"west": { "uv": [ 11.5, 5.25, 12, 6.25 ], "texture": "#texture3" },
				"east": { "uv": [ 4, 5.25, 4.5, 6.25 ], "texture": "#texture3" }
			}
		},
		{
			"__comment": "Box57",
			"from": [ 7.75, 26.75, 11 ],
			"to": [ 8.25, 27.25, 11.75 ],
			"faces": {
				"down": { "uv": [ 11, 7.75, 11.75, 8.25 ], "texture": "#texture3", "rotation": 270 },
				"up": { "uv": [ 11, 7.75, 11.75, 8.25 ], "texture": "#texture3", "rotation": 90 },
				"north": { "uv": [ 7.75, 4.75, 8.25, 5.25 ], "texture": "#texture3" },
				"south": { "uv": [ 7.75, 4.75, 8.25, 5.25 ], "texture": "#texture3" },
				"west": { "uv": [ 11, 4.75, 11.75, 5.25 ], "texture": "#texture3" },
				"east": { "uv": [ 4.25, 4.75, 5, 5.25 ], "texture": "#texture3" }
			}
		},
		{
			"__comment": "Box58",
			"from": [ 7.75, 27.25, 10.75 ],
			"to": [ 8.25, 27.5, 11.5 ],
			"faces": {
				"down": { "uv": [ 10.75, 7.75, 11.5, 8.25 ], "texture": "#texture3", "rotation": 270 },
				"up": { "uv": [ 10.75, 7.75, 11.5, 8.25 ], "texture": "#texture3", "rotation": 90 },
				"north": { "uv": [ 7.75, 4.5, 8.25, 4.75 ], "texture": "#texture3" },
				"south": { "uv": [ 7.75, 4.5, 8.25, 4.75 ], "texture": "#texture3" },
				"west": { "uv": [ 10.75, 4.5, 11.5, 4.75 ], "texture": "#texture3" },
				"east": { "uv": [ 4.5, 4.5, 5.25, 4.75 ], "texture": "#texture3" }
			}
		},
		{
			"__comment": "Box59",
			"from": [ 7.75, 27.5, 10.75 ],
			"to": [ 8.25, 27.75, 11.25 ],
			"faces": {
				"down": { "uv": [ 10.75, 7.75, 11.25, 8.25 ], "texture": "#texture3", "rotation": 270 },
				"up": { "uv": [ 10.75, 7.75, 11.25, 8.25 ], "texture": "#texture3", "rotation": 90 },
				"north": { "uv": [ 7.75, 4.25, 8.25, 4.5 ], "texture": "#texture3" },
				"south": { "uv": [ 7.75, 4.25, 8.25, 4.5 ], "texture": "#texture3" },
				"west": { "uv": [ 10.75, 4.25, 11.25, 4.5 ], "texture": "#texture3" },
				"east": { "uv": [ 4.75, 4.25, 5.25, 4.5 ], "texture": "#texture3" }
			}
		},
		{
			"__comment": "Box54",
			"from": [ 7.4999, 24.75, 4.75 ],
			"to": [ 8.4999, 25.25, 5.5 ],
			"faces": {
				"down": { "uv": [ 10.5, 7.5, 11.25, 8.5 ], "texture": "#texture3", "rotation": 270 },
				"up": { "uv": [ 10.5, 7.5, 11.25, 8.5 ], "texture": "#texture3", "rotation": 90 },
				"north": { "uv": [ 7.5, 6.75, 8.5, 7.25 ], "texture": "#texture3" },
				"west": { "uv": [ 10.5, 6.75, 11.25, 7.25 ], "texture": "#texture3" },
				"east": { "uv": [ 4.75, 6.75, 5.5, 7.25 ], "texture": "#texture3" }
			}
		},
		{
			"__comment": "Box53",
			"from": [ 7.4999, 24.5, 5.5 ],
			"to": [ 8.4999, 25, 6.75 ],
			"faces": {
				"down": { "uv": [ 9.25, 7.5, 10.5, 8.5 ], "texture": "#texture3", "rotation": 270 },
				"up": { "uv": [ 9.25, 7.5, 10.5, 8.5 ], "texture": "#texture3", "rotation": 90 },
				"north": { "uv": [ 7.5, 7, 8.5, 7.5 ], "texture": "#texture3" },
				"south": { "uv": [ 7.5, 7, 8.5, 7.5 ], "texture": "#texture3" },
				"west": { "uv": [ 9.25, 7, 10.5, 7.5 ], "texture": "#texture3" },
				"east": { "uv": [ 5.5, 7, 6.75, 7.5 ], "texture": "#texture3" }
			}
		},
		{
			"__comment": "Box55",
			"from": [ 7.4999, 25.25, 4.25 ],
			"to": [ 8.4999, 25.75, 5 ],
			"faces": {
				"down": { "uv": [ 11, 7.5, 11.75, 8.5 ], "texture": "#texture3", "rotation": 270 },
				"up": { "uv": [ 11, 7.5, 11.75, 8.5 ], "texture": "#texture3", "rotation": 90 },
				"north": { "uv": [ 7.5, 6.25, 8.5, 6.75 ], "texture": "#texture3" },
				"south": { "uv": [ 7.5, 6.25, 8.5, 6.75 ], "texture": "#texture3" },
				"west": { "uv": [ 11, 6.25, 11.75, 6.75 ], "texture": "#texture3" },
				"east": { "uv": [ 4.25, 6.25, 5, 6.75 ], "texture": "#texture3" }
			}
		},
		{
			"__comment": "Box56",
			"from": [ 7.4999, 25.75, 4 ],
			"to": [ 8.4999, 26.75, 4.5 ],
			"faces": {
				"down": { "uv": [ 11.5, 7.5, 12, 8.5 ], "texture": "#texture3", "rotation": 270 },
				"up": { "uv": [ 11.5, 7.5, 12, 8.5 ], "texture": "#texture3", "rotation": 90 },
				"north": { "uv": [ 7.5, 5.25, 8.5, 6.25 ], "texture": "#texture3" },
				"south": { "uv": [ 7.5, 5.25, 8.5, 6.25 ], "texture": "#texture3" },
				"west": { "uv": [ 11.5, 5.25, 12, 6.25 ], "texture": "#texture3" },
				"east": { "uv": [ 4, 5.25, 4.5, 6.25 ], "texture": "#texture3" }
			}
		},
		{
			"__comment": "Box57",
			"from": [ 7.7499, 26.75, 4.25 ],
			"to": [ 8.2499, 27.25, 5 ],
			"faces": {
				"down": { "uv": [ 11, 7.75, 11.75, 8.25 ], "texture": "#texture3", "rotation": 270 },
				"up": { "uv": [ 11, 7.75, 11.75, 8.25 ], "texture": "#texture3", "rotation": 90 },
				"north": { "uv": [ 7.75, 4.75, 8.25, 5.25 ], "texture": "#texture3" },
				"south": { "uv": [ 7.75, 4.75, 8.25, 5.25 ], "texture": "#texture3" },
				"west": { "uv": [ 11, 4.75, 11.75, 5.25 ], "texture": "#texture3" },
				"east": { "uv": [ 4.25, 4.75, 5, 5.25 ], "texture": "#texture3" }
			}
		},
		{
			"__comment": "Box58",
			"from": [ 7.7499, 27.25, 4.5 ],
			"to": [ 8.2499, 27.5, 5.25 ],
			"faces": {
				"down": { "uv": [ 10.75, 7.75, 11.5, 8.25 ], "texture": "#texture3", "rotation": 270 },
				"up": { "uv": [ 10.75, 7.75, 11.5, 8.25 ], "texture": "#texture3", "rotation": 90 },
				"north": { "uv": [ 7.75, 4.5, 8.25, 4.75 ], "texture": "#texture3" },
				"south": { "uv": [ 7.75, 4.5, 8.25, 4.75 ], "texture": "#texture3" },
				"west": { "uv": [ 10.75, 4.5, 11.5, 4.75 ], "texture": "#texture3" },
				"east": { "uv": [ 4.5, 4.5, 5.25, 4.75 ], "texture": "#texture3" }
			}
		},
		{
			"__comment": "Box59",
			"from": [ 7.7499, 27.5, 4.75 ],
			"to": [ 8.2499, 27.75, 5.25 ],
			"faces": {
				"down": { "uv": [ 10.75, 7.75, 11.25, 8.25 ], "texture": "#texture3", "rotation": 270 },
				"up": { "uv": [ 10.75, 7.75, 11.25, 8.25 ], "texture": "#texture3", "rotation": 90 },
				"north": { "uv": [ 7.75, 4.25, 8.25, 4.5 ], "texture": "#texture3" },
				"south": { "uv": [ 7.75, 4.25, 8.25, 4.5 ], "texture": "#texture3" },
				"west": { "uv": [ 10.75, 4.25, 11.25, 4.5 ], "texture": "#texture3" },
				"east": { "uv": [ 4.75, 4.25, 5.25, 4.5 ], "texture": "#texture3" }
			}
		},
		{
			"__comment": "Box53",
			"from": [ 9.25, 24.5, 7.5 ],
			"to": [ 10.5, 25, 8.5 ],
			"faces": {
				"down": { "uv": [ 9.25, 7.5, 10.5, 8.5 ], "texture": "#texture3" },
				"up": { "uv": [ 9.25, 7.5, 10.5, 8.5 ], "texture": "#texture3" },
				"north": { "uv": [ 5.5, 7, 6.75, 7.5 ], "texture": "#texture3" },
				"south": { "uv": [ 9.25, 7, 10.5, 7.5 ], "texture": "#texture3" },
				"west": { "uv": [ 7.5, 7, 8.5, 7.5 ], "texture": "#texture3" },
				"east": { "uv": [ 7.5, 7, 8.5, 7.5 ], "texture": "#texture3" }
			}
		},
		{
			"__comment": "Box54",
			"from": [ 10.5, 24.75, 7.5 ],
			"to": [ 11.25, 25.25, 8.5 ],
			"faces": {
				"down": { "uv": [ 10.5, 7.5, 11.25, 8.5 ], "texture": "#texture3" },
				"up": { "uv": [ 10.5, 7.5, 11.25, 8.5 ], "texture": "#texture3" },
				"north": { "uv": [ 4.75, 6.75, 5.5, 7.25 ], "texture": "#texture3" },
				"south": { "uv": [ 10.5, 6.75, 11.25, 7.25 ], "texture": "#texture3" },
				"west": { "uv": [ 7.5, 6.75, 8.5, 7.25 ], "texture": "#texture3" },
				"east": { "uv": [ 7.5, 6.75, 8.5, 7.25 ], "texture": "#texture3" }
			}
		},
		{
			"__comment": "Box55",
			"from": [ 11, 25.25, 7.5 ],
			"to": [ 11.75, 25.75, 8.5 ],
			"faces": {
				"down": { "uv": [ 11, 7.5, 11.75, 8.5 ], "texture": "#texture3" },
				"up": { "uv": [ 11, 7.5, 11.75, 8.5 ], "texture": "#texture3" },
				"north": { "uv": [ 4.25, 6.25, 5, 6.75 ], "texture": "#texture3" },
				"south": { "uv": [ 11, 6.25, 11.75, 6.75 ], "texture": "#texture3" },
				"west": { "uv": [ 7.5, 6.25, 8.5, 6.75 ], "texture": "#texture3" },
				"east": { "uv": [ 7.5, 6.25, 8.5, 6.75 ], "texture": "#texture3" }
			}
		},
		{
			"__comment": "Box56",
			"from": [ 11.5, 25.75, 7.5 ],
			"to": [ 12, 26.75, 8.5 ],
			"faces": {
				"down": { "uv": [ 11.5, 7.5, 12, 8.5 ], "texture": "#texture3" },
				"up": { "uv": [ 11.5, 7.5, 12, 8.5 ], "texture": "#texture3" },
				"north": { "uv": [ 4, 5.25, 4.5, 6.25 ], "texture": "#texture3" },
				"south": { "uv": [ 11.5, 5.25, 12, 6.25 ], "texture": "#texture3" },
				"west": { "uv": [ 7.5, 5.25, 8.5, 6.25 ], "texture": "#texture3" },
				"east": { "uv": [ 7.5, 5.25, 8.5, 6.25 ], "texture": "#texture3" }
			}
		},
		{
			"__comment": "Box57",
			"from": [ 11, 26.75, 7.75 ],
			"to": [ 11.75, 27.25, 8.25 ],
			"faces": {
				"down": { "uv": [ 11, 7.75, 11.75, 8.25 ], "texture": "#texture3" },
				"up": { "uv": [ 11, 7.75, 11.75, 8.25 ], "texture": "#texture3" },
				"north": { "uv": [ 4.25, 4.75, 5, 5.25 ], "texture": "#texture3" },
				"south": { "uv": [ 11, 4.75, 11.75, 5.25 ], "texture": "#texture3" },
				"west": { "uv": [ 7.75, 4.75, 8.25, 5.25 ], "texture": "#texture3" },
				"east": { "uv": [ 7.75, 4.75, 8.25, 5.25 ], "texture": "#texture3" }
			}
		},
		{
			"__comment": "Box58",
			"from": [ 10.75, 27.25, 7.75 ],
			"to": [ 11.5, 27.5, 8.25 ],
			"faces": {
				"down": { "uv": [ 10.75, 7.75, 11.5, 8.25 ], "texture": "#texture3" },
				"up": { "uv": [ 10.75, 7.75, 11.5, 8.25 ], "texture": "#texture3" },
				"north": { "uv": [ 4.5, 4.5, 5.25, 4.75 ], "texture": "#texture3" },
				"south": { "uv": [ 10.75, 4.5, 11.5, 4.75 ], "texture": "#texture3" },
				"west": { "uv": [ 7.75, 4.5, 8.25, 4.75 ], "texture": "#texture3" },
				"east": { "uv": [ 7.75, 4.5, 8.25, 4.75 ], "texture": "#texture3" }
			}
		},
		{
			"__comment": "Box59",
			"from": [ 10.75, 27.5, 7.75 ],
			"to": [ 11.25, 27.75, 8.25 ],
			"faces": {
				"down": { "uv": [ 10.75, 7.75, 11.25, 8.25 ], "texture": "#texture3" },
				"up": { "uv": [ 10.75, 7.75, 11.25, 8.25 ], "texture": "#texture3" },
				"north": { "uv": [ 4.75, 4.25, 5.25, 4.5 ], "texture": "#texture3" },
				"south": { "uv": [ 10.75, 4.25, 11.25, 4.5 ], "texture": "#texture3" },
				"west": { "uv": [ 7.75, 4.25, 8.25, 4.5 ], "texture": "#texture3" },
				"east": { "uv": [ 7.75, 4.25, 8.25, 4.5 ], "texture": "#texture3" }
			}
		},
		{
			"__comment": "Box53",
			"from": [ 5.5, 24.5, 7.5 ],
			"to": [ 6.75, 25, 8.5 ],
			"faces": {
				"down": { "uv": [ 9.25, 7.5, 10.5, 8.5 ], "texture": "#texture3" },
				"up": { "uv": [ 9.25, 7.5, 10.5, 8.5 ], "texture": "#texture3" },
				"north": { "uv": [ 5.5, 7, 6.75, 7.5 ], "texture": "#texture3" },
				"south": { "uv": [ 9.25, 7, 10.5, 7.5 ], "texture": "#texture3" },
				"west": { "uv": [ 7.5, 7, 8.5, 7.5 ], "texture": "#texture3" },
				"east": { "uv": [ 7.5, 7, 8.5, 7.5 ], "texture": "#texture3" }
			}
		},
		{
			"__comment": "Box54",
			"from": [ 4.75, 24.75, 7.5 ],
			"to": [ 5.5, 25.25, 8.5 ],
			"faces": {
				"down": { "uv": [ 10.5, 7.5, 11.25, 8.5 ], "texture": "#texture3" },
				"up": { "uv": [ 10.5, 7.5, 11.25, 8.5 ], "texture": "#texture3" },
				"north": { "uv": [ 4.75, 6.75, 5.5, 7.25 ], "texture": "#texture3" },
				"south": { "uv": [ 10.5, 6.75, 11.25, 7.25 ], "texture": "#texture3" },
				"west": { "uv": [ 7.5, 6.75, 8.5, 7.25 ], "texture": "#texture3" }
			}
		},
		{
			"__comment": "Box55",
			"from": [ 4.25, 25.25, 7.5 ],
			"to": [ 5, 25.75, 8.5 ],
			"faces": {
				"down": { "uv": [ 11, 7.5, 11.75, 8.5 ], "texture": "#texture3" },
				"up": { "uv": [ 11, 7.5, 11.75, 8.5 ], "texture": "#texture3" },
				"north": { "uv": [ 4.25, 6.25, 5, 6.75 ], "texture": "#texture3" },
				"south": { "uv": [ 11, 6.25, 11.75, 6.75 ], "texture": "#texture3" },
				"west": { "uv": [ 7.5, 6.25, 8.5, 6.75 ], "texture": "#texture3" },
				"east": { "uv": [ 7.5, 6.25, 8.5, 6.75 ], "texture": "#texture3" }
			}
		},
		{
			"__comment": "Box56",
			"from": [ 4, 25.75, 7.5 ],
			"to": [ 4.5, 26.75, 8.5 ],
			"faces": {
				"down": { "uv": [ 11.5, 7.5, 12, 8.5 ], "texture": "#texture3" },
				"up": { "uv": [ 11.5, 7.5, 12, 8.5 ], "texture": "#texture3" },
				"north": { "uv": [ 4, 5.25, 4.5, 6.25 ], "texture": "#texture3" },
				"south": { "uv": [ 11.5, 5.25, 12, 6.25 ], "texture": "#texture3" },
				"west": { "uv": [ 7.5, 5.25, 8.5, 6.25 ], "texture": "#texture3" },
				"east": { "uv": [ 7.5, 5.25, 8.5, 6.25 ], "texture": "#texture3" }
			}
		},
		{
			"__comment": "Box57",
			"from": [ 4.25, 26.75, 7.75 ],
			"to": [ 5, 27.25, 8.25 ],
			"faces": {
				"down": { "uv": [ 11, 7.75, 11.75, 8.25 ], "texture": "#texture3" },
				"up": { "uv": [ 11, 7.75, 11.75, 8.25 ], "texture": "#texture3" },
				"north": { "uv": [ 4.25, 4.75, 5, 5.25 ], "texture": "#texture3" },
				"south": { "uv": [ 11, 4.75, 11.75, 5.25 ], "texture": "#texture3" },
				"west": { "uv": [ 7.75, 4.75, 8.25, 5.25 ], "texture": "#texture3" },
				"east": { "uv": [ 7.75, 4.75, 8.25, 5.25 ], "texture": "#texture3" }
			}
		},
		{
			"__comment": "Box58",
			"from": [ 4.5, 27.25, 7.75 ],
			"to": [ 5.25, 27.5, 8.25 ],
			"faces": {
				"down": { "uv": [ 10.75, 7.75, 11.5, 8.25 ], "texture": "#texture3" },
				"up": { "uv": [ 10.75, 7.75, 11.5, 8.25 ], "texture": "#texture3" },
				"north": { "uv": [ 4.5, 4.5, 5.25, 4.75 ], "texture": "#texture3" },
				"south": { "uv": [ 10.75, 4.5, 11.5, 4.75 ], "texture": "#texture3" },
				"west": { "uv": [ 7.75, 4.5, 8.25, 4.75 ], "texture": "#texture3" },
				"east": { "uv": [ 7.75, 4.5, 8.25, 4.75 ], "texture": "#texture3" }
			}
		},
		{
			"__comment": "Box59",
			"from": [ 4.75, 27.5, 7.75 ],
			"to": [ 5.25, 27.75, 8.25 ],
			"faces": {
				"down": { "uv": [ 10.75, 7.75, 11.25, 8.25 ], "texture": "#texture3" },
				"up": { "uv": [ 10.75, 7.75, 11.25, 8.25 ], "texture": "#texture3" },
				"north": { "uv": [ 4.75, 4.25, 5.25, 4.5 ], "texture": "#texture3" },
				"south": { "uv": [ 10.75, 4.25, 11.25, 4.5 ], "texture": "#texture3" },
				"west": { "uv": [ 7.75, 4.25, 8.25, 4.5 ], "texture": "#texture3" },
				"east": { "uv": [ 7.75, 4.25, 8.25, 4.5 ], "texture": "#texture3" }
			}
		}
	],
	"display": {
		"thirdperson_righthand": {
			"rotation":  [ 0, -50, 0 ],
			"translation":  [ 0, -12.52, 0 ]
		},
		"thirdperson_lefthand": {
			"rotation":  [ 0, -50, 0 ],
			"translation":  [ 0, -12.52, 0 ]
		},
		"firstperson_righthand": {
			"rotation":  [ 0, -67, 14 ],
			"translation":  [ 1.13, -0.278, 1.13 ],
			"scale":  [ 0.68, 0.68, 0.68 ]
		},
		"firstperson_lefthand": {
			"rotation":  [ 0, -67, 14 ],
			"translation":  [ 1.13, -0.278, 1.13 ],
			"scale":  [ 0.68, 0.68, 0.68 ]
		},
		"gui": {
			"rotation":  [ -25, -33, -48 ],
			"translation":  [ -2.086, -3.477, -2.086 ],
			"scale":  [ 0.625, 0.625, 0.625 ]
		},
		"ground": {
			"translation":  [ 0, 2, 0 ],
			"scale":  [ 0.5, 0.5, 0.5 ]
		},
		"fixed": {
			"rotation":  [ 0, 0, 28 ],
			"translation":  [ 1.3913, -4.173, 0 ],
			"scale":  [ 0.7, 0.7, 0.7 ]
		}
	}
}