{
	"__comment": "Designed by Nick1701 with Cubik Studio - https://cubik.studio",
	"textures": {
		"particle": "blocks/e_particle",
		"texture": "block/dark_oak_log",
		"texture1": "block/obsidian",
		"texture2": "block/snow",
		"texture3": "block/ice"
	},
	"elements": [ 	 
		{
			"__comment": "Box1",
			"from": [ 7.25, 3, 7.25 ],
			"to": [ 8.75, 16, 8.75 ],
			"faces": {
				"north": { "uv": [ 8.75, 0, 7.25, 13 ], "texture": "#texture" },
				"south": { "uv": [ 7.25, 0, 8.75, 13 ], "texture": "#texture" },
				"west": { "uv": [ 7.25, 0, 8.75, 13 ], "texture": "#texture" },
				"east": { "uv": [ 8.75, 0, 7.25, 13 ], "texture": "#texture" }
			}
		},
		{
			"__comment": "Box2",
			"from": [ 6.75, 2.5, 6.75 ],
			"to": [ 9.25, 3, 9.25 ],
			"faces": {
				"down": { "uv": [ 6.75, 6.75, 9.25, 9.25 ], "texture": "#texture" },
				"up": { "uv": [ 6.75, 6.75, 9.25, 9.25 ], "texture": "#texture" },
				"north": { "uv": [ 6.75, 13, 9.25, 13.5 ], "texture": "#texture" },
				"south": { "uv": [ 6.75, 13, 9.25, 13.5 ], "texture": "#texture" },
				"west": { "uv": [ 6.75, 13, 9.25, 13.5 ], "texture": "#texture" },
				"east": { "uv": [ 6.75, 13, 9.25, 13.5 ], "texture": "#texture" }
			}
		},
		{
			"__comment": "Box3",
			"from": [ 6.5, 2, 7.25 ],
			"to": [ 7.25, 2.5, 8.75 ],
			"faces": {
				"down": { "uv": [ 6.5, 7.25, 7.25, 8.75 ], "texture": "#texture" },
				"up": { "uv": [ 6.5, 7.25, 7.25, 8.75 ], "texture": "#texture" },
				"north": { "uv": [ 8.75, 13.5, 9.5, 14 ], "texture": "#texture" },
				"south": { "uv": [ 6.5, 13.5, 7.25, 14 ], "texture": "#texture" },
				"west": { "uv": [ 7.25, 13.5, 8.75, 14 ], "texture": "#texture" },
				"east": { "uv": [ 7.25, 13.5, 8.75, 14 ], "texture": "#texture" }
			}
		},
		{
			"__comment": "Box3",
			"from": [ 8.75, 2, 7.25 ],
			"to": [ 9.5, 2.5, 8.75 ],
			"faces": {
				"down": { "uv": [ 6.5, 7.25, 7.25, 8.75 ], "texture": "#texture" },
				"up": { "uv": [ 6.5, 7.25, 7.25, 8.75 ], "texture": "#texture" },
				"north": { "uv": [ 8.75, 13.5, 9.5, 14.25 ], "texture": "#texture" },
				"south": { "uv": [ 6.5, 13.5, 7.25, 14.25 ], "texture": "#texture" },
				"west": { "uv": [ 7.25, 13.5, 8.75, 14.25 ], "texture": "#texture" },
				"east": { "uv": [ 7.25, 13.5, 8.75, 14.25 ], "texture": "#texture" }
			}
		},
		{
			"__comment": "Box5",
			"from": [ 6.25, 1.5, 7.5 ],
			"to": [ 6.75, 2, 8.5 ],
			"faces": {
				"down": { "uv": [ 6.25, 7.5, 6.75, 8.5 ], "texture": "#texture" },
				"up": { "uv": [ 6.25, 7.5, 6.75, 8.5 ], "texture": "#texture" },
				"north": { "uv": [ 9.25, 14, 9.75, 14.5 ], "texture": "#texture" },
				"south": { "uv": [ 6.25, 14, 6.75, 14.5 ], "texture": "#texture" },
				"west": { "uv": [ 7.5, 14, 8.5, 14.5 ], "texture": "#texture" },
				"east": { "uv": [ 7.5, 14, 8.5, 14.5 ], "texture": "#texture" }
			}
		},
		{
			"__comment": "Box6",
			"from": [ 7.25, 2.25, 7 ],
			"to": [ 8.75, 2.5, 9 ],
			"faces": {
				"down": { "uv": [ 7.25, 7, 8.75, 9 ], "texture": "#texture" },
				"north": { "uv": [ 7.25, 13.5, 8.75, 13.75 ], "texture": "#texture" },
				"south": { "uv": [ 7.25, 13.5, 8.75, 13.75 ], "texture": "#texture" },
				"west": { "uv": [ 7, 13.5, 9, 13.75 ], "texture": "#texture" },
				"east": { "uv": [ 7, 13.5, 9, 13.75 ], "texture": "#texture" }
			}
		},
		{
			"__comment": "Box5",
			"from": [ 9.25, 1.5, 7.5 ],
			"to": [ 9.75, 2, 8.5 ],
			"faces": {
				"down": { "uv": [ 6.25, 7.5, 6.75, 8.5 ], "texture": "#texture" },
				"up": { "uv": [ 6.25, 7.5, 6.75, 8.5 ], "texture": "#texture" },
				"north": { "uv": [ 9.25, 14, 9.75, 14.5 ], "texture": "#texture" },
				"south": { "uv": [ 6.25, 14, 6.75, 14.5 ], "texture": "#texture" },
				"west": { "uv": [ 7.5, 14, 8.5, 14.5 ], "texture": "#texture" },
				"east": { "uv": [ 7.5, 14, 8.5, 14.5 ], "texture": "#texture" }
			}
		},
		{
			"__comment": "Box8",
			"from": [ 6.25, 1.25, 7.75 ],
			"to": [ 6.5, 1.5, 8.25 ],
			"faces": {
				"down": { "uv": [ 6.25, 7.75, 6.5, 8.25 ], "texture": "#texture" },
				"north": { "uv": [ 9.5, 14.5, 9.75, 14.75 ], "texture": "#texture" },
				"south": { "uv": [ 6.25, 14.5, 6.5, 14.75 ], "texture": "#texture" },
				"west": { "uv": [ 7.75, 14.5, 8.25, 14.75 ], "texture": "#texture" },
				"east": { "uv": [ 7.75, 14.5, 8.25, 14.75 ], "texture": "#texture" }
			}
		},
		{
			"__comment": "Box8",
			"from": [ 9.5, 1.25, 7.75 ],
			"to": [ 9.75, 1.5, 8.25 ],
			"faces": {
				"down": { "uv": [ 6.25, 7.75, 6.5, 8.25 ], "texture": "#texture" },
				"north": { "uv": [ 9.5, 14.5, 9.75, 14.75 ], "texture": "#texture" },
				"south": { "uv": [ 6.25, 14.5, 6.5, 14.75 ], "texture": "#texture" },
				"west": { "uv": [ 7.75, 14.5, 8.25, 14.75 ], "texture": "#texture" },
				"east": { "uv": [ 7.75, 14.5, 8.25, 14.75 ], "texture": "#texture" }
			}
		},
		{
			"__comment": "Box1",
			"from": [ 7.25, 16, 7.25 ],
			"to": [ 8.75, 24.5, 8.75 ],
			"faces": {
				"north": { "uv": [ 7.75, 0, 8.75, 13 ], "texture": "#texture" },
				"south": { "uv": [ 8.75, 0, 7.75, 13 ], "texture": "#texture" },
				"west": { "uv": [ 7.25, 0, 8.75, 13 ], "texture": "#texture" },
				"east": { "uv": [ 8.75, 0, 7.25, 13 ], "texture": "#texture" }
			}
		},
		{
			"__comment": "Box33",
			"from": [ 6.5, 24.5, 6.5 ],
			"to": [ 9.5, 25.5, 9.5 ],
			"faces": {
				"down": { "uv": [ 6.5, 6.5, 9.5, 9.5 ], "texture": "#texture" },
				"up": { "uv": [ 6.5, 6.5, 9.5, 9.5 ], "texture": "#texture" },
				"north": { "uv": [ 6.5, 6.5, 9.5, 7.5 ], "texture": "#texture" },
				"south": { "uv": [ 6.5, 6.5, 9.5, 7.5 ], "texture": "#texture" },
				"west": { "uv": [ 6.5, 6.5, 9.5, 7.5 ], "texture": "#texture" },
				"east": { "uv": [ 6.5, 6.5, 9.5, 7.5 ], "texture": "#texture" }
			}
		},
		{
			"__comment": "Box34",
			"from": [ 5.5, 25.5, 7.125 ],
			"to": [ 7.5, 26.25, 7.625 ],
			"rotation": { "origin": [ 7.5, 25.5, 7.125 ], "axis": "y", "angle": -45 },
			"faces": {
				"down": { "uv": [ 7.75, 5, 8.25, 7 ], "texture": "#texture2", "rotation": 270 },
				"up": { "uv": [ 7.75, 9, 8.25, 11 ], "texture": "#texture2", "rotation": 90 },
				"north": { "uv": [ 9, 5.75, 11, 6.5 ], "texture": "#texture2" },
				"south": { "uv": [ 5, 5.75, 7, 6.5 ], "texture": "#texture2" },
				"west": { "uv": [ 7.75, 5.75, 8.25, 6.5 ], "texture": "#texture2" },
				"east": { "uv": [ 7.75, 5.75, 8.25, 6.5 ], "texture": "#texture2" }
			}
		},
		{
			"__comment": "Box35",
			"from": [ 4.75, 26.25, 7.125 ],
			"to": [ 6, 26.75, 7.625 ],
			"rotation": { "origin": [ 7.5, 25.5, 7.125 ], "axis": "y", "angle": -45 },
			"faces": {
				"down": { "uv": [ 7.75, 4.25, 8.25, 5.5 ], "texture": "#texture2", "rotation": 270 },
				"up": { "uv": [ 7.75, 10.5, 8.25, 11.75 ], "texture": "#texture2", "rotation": 90 },
				"north": { "uv": [ 10.5, 5.25, 11.75, 5.75 ], "texture": "#texture2" },
				"south": { "uv": [ 4.25, 5.25, 5.5, 5.75 ], "texture": "#texture2" },
				"west": { "uv": [ 7.75, 5.25, 8.25, 5.75 ], "texture": "#texture2" },
				"east": { "uv": [ 7.75, 5.25, 8.25, 5.75 ], "texture": "#texture2" }
			}
		},
		{
			"__comment": "Box36",
			"from": [ 4.5, 26.75, 7.1249 ],
			"to": [ 5.25, 27.25, 7.6249 ],
			"rotation": { "origin": [ 7.5, 25.5, 7.125 ], "axis": "y", "angle": -45 },
			"faces": {
				"down": { "uv": [ 7.75, 4, 8.25, 4.75 ], "texture": "#texture2", "rotation": 270 },
				"up": { "uv": [ 7.75, 11.25, 8.25, 12 ], "texture": "#texture2", "rotation": 90 },
				"north": { "uv": [ 11.25, 4.75, 12, 5.25 ], "texture": "#texture2" },
				"south": { "uv": [ 4, 4.75, 4.75, 5.25 ], "texture": "#texture2" },
				"west": { "uv": [ 7.75, 4.75, 8.25, 5.25 ], "texture": "#texture2" },
				"east": { "uv": [ 7.75, 4.75, 8.25, 5.25 ], "texture": "#texture2" }
			}
		},
		{
			"__comment": "Box37",
			"from": [ 4.5, 27.25, 7.1249 ],
			"to": [ 5, 27.75, 7.6249 ],
			"rotation": { "origin": [ 7.5, 25.5, 7.125 ], "axis": "y", "angle": -45 },
			"faces": {
				"down": { "uv": [ 7.75, 4, 8.25, 4.5 ], "texture": "#texture2", "rotation": 270 },
				"up": { "uv": [ 7.75, 11.5, 8.25, 12 ], "texture": "#texture2", "rotation": 90 },
				"north": { "uv": [ 11.5, 4.25, 12, 4.75 ], "texture": "#texture2" },
				"south": { "uv": [ 4, 4.25, 4.5, 4.75 ], "texture": "#texture2" },
				"west": { "uv": [ 7.75, 4.25, 8.25, 4.75 ], "texture": "#texture2" },
				"east": { "uv": [ 7.75, 4.25, 8.25, 4.75 ], "texture": "#texture2" }
			}
		},
		{
			"__comment": "Box38",
			"from": [ 4.75, 27.75, 7.1249 ],
			"to": [ 5.5, 28, 7.6249 ],
			"rotation": { "origin": [ 7.5, 25.5, 7.125 ], "axis": "y", "angle": -45 },
			"faces": {
				"down": { "uv": [ 7.75, 4.25, 8.25, 5 ], "texture": "#texture2", "rotation": 270 },
				"up": { "uv": [ 7.75, 11, 8.25, 11.75 ], "texture": "#texture2", "rotation": 90 },
				"north": { "uv": [ 11, 4, 11.75, 4.25 ], "texture": "#texture2" },
				"south": { "uv": [ 4.25, 4, 5, 4.25 ], "texture": "#texture2" },
				"west": { "uv": [ 7.75, 4, 8.25, 4.25 ], "texture": "#texture2" },
				"east": { "uv": [ 7.75, 4, 8.25, 4.25 ], "texture": "#texture2" }
			}
		},
		{
			"__comment": "Box39",
			"from": [ 5, 28, 7.125 ],
			"to": [ 5.5, 28.25, 7.625 ],
			"rotation": { "origin": [ 7.5, 25.5, 7.125 ], "axis": "y", "angle": -45 },
			"faces": {
				"down": { "uv": [ 7.75, 4.5, 8.25, 5 ], "texture": "#texture2", "rotation": 270 },
				"up": { "uv": [ 7.75, 11, 8.25, 11.5 ], "texture": "#texture2", "rotation": 90 },
				"north": { "uv": [ 11, 3.75, 11.5, 4 ], "texture": "#texture2" },
				"south": { "uv": [ 4.5, 3.75, 5, 4 ], "texture": "#texture2" },
				"west": { "uv": [ 7.75, 3.75, 8.25, 4 ], "texture": "#texture2" },
				"east": { "uv": [ 7.75, 3.75, 8.25, 4 ], "texture": "#texture2" }
			}
		},
		{
			"__comment": "Box34",
			"from": [ 8.25, 25.5, 8.375 ],
			"to": [ 8.75, 26.25, 10.375 ],
			"rotation": { "origin": [ 7.5, 25.5, 7.125 ], "axis": "y", "angle": -45 },
			"faces": {
				"down": { "uv": [ 7.75, 5, 8.25, 7 ], "texture": "#texture2" },
				"up": { "uv": [ 7.75, 9, 8.25, 11 ], "texture": "#texture2" },
				"north": { "uv": [ 7.75, 5.75, 8.25, 6.5 ], "texture": "#texture2" },
				"south": { "uv": [ 7.75, 5.75, 8.25, 6.5 ], "texture": "#texture2" },
				"west": { "uv": [ 9, 5.75, 11, 6.5 ], "texture": "#texture2" },
				"east": { "uv": [ 5, 5.75, 7, 6.5 ], "texture": "#texture2" }
			}
		},
		{
			"__comment": "Box35",
			"from": [ 8.25, 26.25, 9.875 ],
			"to": [ 8.75, 26.75, 11.125 ],
			"rotation": { "origin": [ 7.5, 25.5, 7.125 ], "axis": "y", "angle": -45 },
			"faces": {
				"down": { "uv": [ 7.75, 4.25, 8.25, 5.5 ], "texture": "#texture2" },
				"up": { "uv": [ 7.75, 10.5, 8.25, 11.75 ], "texture": "#texture2" },
				"north": { "uv": [ 7.75, 5.25, 8.25, 5.75 ], "texture": "#texture2" },
				"south": { "uv": [ 7.75, 5.25, 8.25, 5.75 ], "texture": "#texture2" },
				"west": { "uv": [ 10.5, 5.25, 11.75, 5.75 ], "texture": "#texture2" },
				"east": { "uv": [ 4.25, 5.25, 5.5, 5.75 ], "texture": "#texture2" }
			}
		},
		{
			"__comment": "Box36",
			"from": [ 8.25, 26.75, 10.625 ],
			"to": [ 8.75, 27.25, 11.375 ],
			"rotation": { "origin": [ 7.5, 25.5, 7.125 ], "axis": "y", "angle": -45 },
			"faces": {
				"down": { "uv": [ 7.75, 4, 8.25, 4.75 ], "texture": "#texture2" },
				"up": { "uv": [ 7.75, 11.25, 8.25, 12 ], "texture": "#texture2" },
				"north": { "uv": [ 7.75, 4.75, 8.25, 5.25 ], "texture": "#texture2" },
				"south": { "uv": [ 7.75, 4.75, 8.25, 5.25 ], "texture": "#texture2" },
				"west": { "uv": [ 11.25, 4.75, 12, 5.25 ], "texture": "#texture2" },
				"east": { "uv": [ 4, 4.75, 4.75, 5.25 ], "texture": "#texture2" }
			}
		},
		{
			"__comment": "Box37",
			"from": [ 8.25, 27.25, 10.875 ],
			"to": [ 8.75, 27.75, 11.375 ],
			"rotation": { "origin": [ 7.5, 25.5, 7.125 ], "axis": "y", "angle": -45 },
			"faces": {
				"down": { "uv": [ 7.75, 4, 8.25, 4.5 ], "texture": "#texture2" },
				"up": { "uv": [ 7.75, 11.5, 8.25, 12 ], "texture": "#texture2" },
				"north": { "uv": [ 7.75, 4.25, 8.25, 4.75 ], "texture": "#texture2" },
				"south": { "uv": [ 7.75, 4.25, 8.25, 4.75 ], "texture": "#texture2" },
				"west": { "uv": [ 11.5, 4.25, 12, 4.75 ], "texture": "#texture2" },
				"east": { "uv": [ 4, 4.25, 4.5, 4.75 ], "texture": "#texture2" }
			}
		},
		{
			"__comment": "Box38",
			"from": [ 8.25, 27.75, 10.375 ],
			"to": [ 8.75, 28, 11.125 ],
			"rotation": { "origin": [ 7.5, 25.5, 7.125 ], "axis": "y", "angle": -45 },
			"faces": {
				"down": { "uv": [ 7.75, 4.25, 8.25, 5 ], "texture": "#texture2" },
				"up": { "uv": [ 7.75, 11, 8.25, 11.75 ], "texture": "#texture2" },
				"north": { "uv": [ 7.75, 4, 8.25, 4.25 ], "texture": "#texture2" },
				"south": { "uv": [ 7.75, 4, 8.25, 4.25 ], "texture": "#texture2" },
				"west": { "uv": [ 11, 4, 11.75, 4.25 ], "texture": "#texture2" },
				"east": { "uv": [ 4.25, 4, 5, 4.25 ], "texture": "#texture2" }
			}
		},
		{
			"__comment": "Box39",
			"from": [ 8.25, 28, 10.375 ],
			"to": [ 8.75, 28.25, 10.875 ],
			"rotation": { "origin": [ 7.5, 25.5, 7.125 ], "axis": "y", "angle": -45 },
			"faces": {
				"down": { "uv": [ 7.75, 4.5, 8.25, 5 ], "texture": "#texture2" },
				"up": { "uv": [ 7.75, 11, 8.25, 11.5 ], "texture": "#texture2" },
				"north": { "uv": [ 7.75, 3.75, 8.25, 4 ], "texture": "#texture2" },
				"south": { "uv": [ 7.75, 3.75, 8.25, 4 ], "texture": "#texture2" },
				"west": { "uv": [ 11, 3.75, 11.5, 4 ], "texture": "#texture2" },
				"east": { "uv": [ 4.5, 3.75, 5, 4 ], "texture": "#texture2" }
			}
		},
		{
			"__comment": "Box34",
			"from": [ 9.5, 25.5, 7.125 ],
			"to": [ 11.5, 26.25, 7.625 ],
			"rotation": { "origin": [ 7.5, 25.5, 7.125 ], "axis": "y", "angle": -45 },
			"faces": {
				"down": { "uv": [ 7.75, 5, 8.25, 7 ], "texture": "#texture2", "rotation": 90 },
				"up": { "uv": [ 7.75, 9, 8.25, 11 ], "texture": "#texture2", "rotation": 270 },
				"north": { "uv": [ 5, 5.75, 7, 6.5 ], "texture": "#texture2" },
				"south": { "uv": [ 9, 5.75, 11, 6.5 ], "texture": "#texture2" },
				"west": { "uv": [ 7.75, 5.75, 8.25, 6.5 ], "texture": "#texture2" },
				"east": { "uv": [ 7.75, 5.75, 8.25, 6.5 ], "texture": "#texture2" }
			}
		},
		{
			"__comment": "Box35",
			"from": [ 11, 26.25, 7.125 ],
			"to": [ 12.25, 26.75, 7.625 ],
			"rotation": { "origin": [ 7.5, 25.5, 7.125 ], "axis": "y", "angle": -45 },
			"faces": {
				"down": { "uv": [ 7.75, 4.25, 8.25, 5.5 ], "texture": "#texture2", "rotation": 90 },
				"up": { "uv": [ 7.75, 10.5, 8.25, 11.75 ], "texture": "#texture2", "rotation": 270 },
				"north": { "uv": [ 4.25, 5.25, 5.5, 5.75 ], "texture": "#texture2" },
				"south": { "uv": [ 10.5, 5.25, 11.75, 5.75 ], "texture": "#texture2" },
				"west": { "uv": [ 7.75, 5.25, 8.25, 5.75 ], "texture": "#texture2" },
				"east": { "uv": [ 7.75, 5.25, 8.25, 5.75 ], "texture": "#texture2" }
			}
		},
		{
			"__comment": "Box36",
			"from": [ 11.75, 26.75, 7.1251 ],
			"to": [ 12.5, 27.25, 7.6251 ],
			"rotation": { "origin": [ 7.5, 25.5, 7.125 ], "axis": "y", "angle": -45 },
			"faces": {
				"down": { "uv": [ 7.75, 4, 8.25, 4.75 ], "texture": "#texture2", "rotation": 90 },
				"up": { "uv": [ 7.75, 11.25, 8.25, 12 ], "texture": "#texture2", "rotation": 270 },
				"north": { "uv": [ 4, 4.75, 4.75, 5.25 ], "texture": "#texture2" },
				"south": { "uv": [ 11.25, 4.75, 12, 5.25 ], "texture": "#texture2" },
				"west": { "uv": [ 7.75, 4.75, 8.25, 5.25 ], "texture": "#texture2" },
				"east": { "uv": [ 7.75, 4.75, 8.25, 5.25 ], "texture": "#texture2" }
			}
		},
		{
			"__comment": "Box37",
			"from": [ 12, 27.25, 7.1251 ],
			"to": [ 12.5, 27.75, 7.6251 ],
			"rotation": { "origin": [ 7.5, 25.5, 7.125 ], "axis": "y", "angle": -45 },
			"faces": {
				"down": { "uv": [ 7.75, 4, 8.25, 4.5 ], "texture": "#texture2", "rotation": 90 },
				"up": { "uv": [ 7.75, 11.5, 8.25, 12 ], "texture": "#texture2", "rotation": 270 },
				"north": { "uv": [ 4, 4.25, 4.5, 4.75 ], "texture": "#texture2" },
				"south": { "uv": [ 11.5, 4.25, 12, 4.75 ], "texture": "#texture2" },
				"west": { "uv": [ 7.75, 4.25, 8.25, 4.75 ], "texture": "#texture2" },
				"east": { "uv": [ 7.75, 4.25, 8.25, 4.75 ], "texture": "#texture2" }
			}
		},
		{
			"__comment": "Box38",
			"from": [ 11.5, 27.75, 7.1251 ],
			"to": [ 12.25, 28, 7.6251 ],
			"rotation": { "origin": [ 7.5, 25.5, 7.125 ], "axis": "y", "angle": -45 },
			"faces": {
				"down": { "uv": [ 7.75, 4.25, 8.25, 5 ], "texture": "#texture2", "rotation": 90 },
				"up": { "uv": [ 7.75, 11, 8.25, 11.75 ], "texture": "#texture2", "rotation": 270 },
				"north": { "uv": [ 4.25, 4, 5, 4.25 ], "texture": "#texture2" },
				"south": { "uv": [ 11, 4, 11.75, 4.25 ], "texture": "#texture2" },
				"west": { "uv": [ 7.75, 4, 8.25, 4.25 ], "texture": "#texture2" },
				"east": { "uv": [ 7.75, 4, 8.25, 4.25 ], "texture": "#texture2" }
			}
		},
		{
			"__comment": "Box39",
			"from": [ 11.5, 28, 7.1251 ],
			"to": [ 12, 28.25, 7.6251 ],
			"rotation": { "origin": [ 7.5, 25.5, 7.125 ], "axis": "y", "angle": -45 },
			"faces": {
				"down": { "uv": [ 7.75, 4.5, 8.25, 5 ], "texture": "#texture2", "rotation": 90 },
				"up": { "uv": [ 7.75, 11, 8.25, 11.5 ], "texture": "#texture2", "rotation": 270 },
				"north": { "uv": [ 4.5, 3.75, 5, 4 ], "texture": "#texture2" },
				"south": { "uv": [ 11, 3.75, 11.5, 4 ], "texture": "#texture2" },
				"west": { "uv": [ 7.75, 3.75, 8.25, 4 ], "texture": "#texture2" },
				"east": { "uv": [ 7.75, 3.75, 8.25, 4 ], "texture": "#texture2" }
			}
		},
		{
			"__comment": "Box34",
			"from": [ 8.25, 25.5, 4.375 ],
			"to": [ 8.75, 26.25, 6.375 ],
			"rotation": { "origin": [ 7.5, 25.5, 7.125 ], "axis": "y", "angle": -45 },
			"faces": {
				"down": { "uv": [ 7.75, 5, 8.25, 7 ], "texture": "#texture2", "rotation": 180 },
				"up": { "uv": [ 7.75, 9, 8.25, 11 ], "texture": "#texture2", "rotation": 180 },
				"north": { "uv": [ 7.75, 5.75, 8.25, 6.5 ], "texture": "#texture2" },
				"south": { "uv": [ 7.75, 5.75, 8.25, 6.5 ], "texture": "#texture2" },
				"west": { "uv": [ 5, 5.75, 7, 6.5 ], "texture": "#texture2" },
				"east": { "uv": [ 9, 5.75, 11, 6.5 ], "texture": "#texture2" }
			}
		},
		{
			"__comment": "Box35",
			"from": [ 8.25, 26.25, 3.625 ],
			"to": [ 8.75, 26.75, 4.875 ],
			"rotation": { "origin": [ 7.5, 25.5, 7.125 ], "axis": "y", "angle": -45 },
			"faces": {
				"down": { "uv": [ 7.75, 4.25, 8.25, 5.5 ], "texture": "#texture2", "rotation": 180 },
				"up": { "uv": [ 7.75, 10.5, 8.25, 11.75 ], "texture": "#texture2", "rotation": 180 },
				"north": { "uv": [ 7.75, 5.25, 8.25, 5.75 ], "texture": "#texture2" },
				"south": { "uv": [ 7.75, 5.25, 8.25, 5.75 ], "texture": "#texture2" },
				"west": { "uv": [ 4.25, 5.25, 5.5, 5.75 ], "texture": "#texture2" },
				"east": { "uv": [ 10.5, 5.25, 11.75, 5.75 ], "texture": "#texture2" }
			}
		},
		{
			"__comment": "Box36",
			"from": [ 8.2501, 26.75, 3.375 ],
			"to": [ 8.7501, 27.25, 4.125 ],
			"rotation": { "origin": [ 7.5, 25.5, 7.125 ], "axis": "y", "angle": -45 },
			"faces": {
				"down": { "uv": [ 7.75, 4, 8.25, 4.75 ], "texture": "#texture2", "rotation": 180 },
				"up": { "uv": [ 7.75, 11.25, 8.25, 12 ], "texture": "#texture2", "rotation": 180 },
				"north": { "uv": [ 7.75, 4.75, 8.25, 5.25 ], "texture": "#texture2" },
				"south": { "uv": [ 7.75, 4.75, 8.25, 5.25 ], "texture": "#texture2" },
				"west": { "uv": [ 4, 4.75, 4.75, 5.25 ], "texture": "#texture2" },
				"east": { "uv": [ 11.25, 4.75, 12, 5.25 ], "texture": "#texture2" }
			}
		},
		{
			"__comment": "Box37",
			"from": [ 8.2501, 27.25, 3.375 ],
			"to": [ 8.7501, 27.75, 3.875 ],
			"rotation": { "origin": [ 7.5, 25.5, 7.125 ], "axis": "y", "angle": -45 },
			"faces": {
				"down": { "uv": [ 7.75, 4, 8.25, 4.5 ], "texture": "#texture2", "rotation": 180 },
				"up": { "uv": [ 7.75, 11.5, 8.25, 12 ], "texture": "#texture2", "rotation": 180 },
				"north": { "uv": [ 7.75, 4.25, 8.25, 4.75 ], "texture": "#texture2" },
				"south": { "uv": [ 7.75, 4.25, 8.25, 4.75 ], "texture": "#texture2" },
				"west": { "uv": [ 4, 4.25, 4.5, 4.75 ], "texture": "#texture2" },
				"east": { "uv": [ 11.5, 4.25, 12, 4.75 ], "texture": "#texture2" }
			}
		},
		{
			"__comment": "Box38",
			"from": [ 8.2501, 27.75, 3.625 ],
			"to": [ 8.7501, 28, 4.375 ],
			"rotation": { "origin": [ 7.5, 25.5, 7.125 ], "axis": "y", "angle": -45 },
			"faces": {
				"down": { "uv": [ 7.75, 4.25, 8.25, 5 ], "texture": "#texture2", "rotation": 180 },
				"up": { "uv": [ 7.75, 11, 8.25, 11.75 ], "texture": "#texture2", "rotation": 180 },
				"north": { "uv": [ 7.75, 4, 8.25, 4.25 ], "texture": "#texture2" },
				"south": { "uv": [ 7.75, 4, 8.25, 4.25 ], "texture": "#texture2" },
				"west": { "uv": [ 4.25, 4, 5, 4.25 ], "texture": "#texture2" },
				"east": { "uv": [ 11, 4, 11.75, 4.25 ], "texture": "#texture2" }
			}
		},
		{
			"__comment": "Box39",
			"from": [ 8.2501, 28, 3.875 ],
			"to": [ 8.7501, 28.25, 4.375 ],
			"rotation": { "origin": [ 7.5, 25.5, 7.125 ], "axis": "y", "angle": -45 },
			"faces": {
				"down": { "uv": [ 7.75, 4.5, 8.25, 5 ], "texture": "#texture2", "rotation": 180 },
				"up": { "uv": [ 7.75, 11, 8.25, 11.5 ], "texture": "#texture2", "rotation": 180 },
				"north": { "uv": [ 7.75, 3.75, 8.25, 4 ], "texture": "#texture2" },
				"south": { "uv": [ 7.75, 3.75, 8.25, 4 ], "texture": "#texture2" },
				"west": { "uv": [ 4.5, 3.75, 5, 4 ], "texture": "#texture2" },
				"east": { "uv": [ 11, 3.75, 11.5, 4 ], "texture": "#texture2" }
			}
		},
		{
			"__comment": "Box34",
			"from": [ 5, 25.5, 7.75 ],
			"to": [ 7, 26.25, 8.25 ],
			"faces": {
				"down": { "uv": [ 7.75, 5, 8.25, 7 ], "texture": "#texture2", "rotation": 270 },
				"up": { "uv": [ 7.75, 9, 8.25, 11 ], "texture": "#texture2", "rotation": 90 },
				"north": { "uv": [ 9, 5.75, 11, 6.5 ], "texture": "#texture2" },
				"south": { "uv": [ 5, 5.75, 7, 6.5 ], "texture": "#texture2" },
				"west": { "uv": [ 7.75, 5.75, 8.25, 6.5 ], "texture": "#texture2" },
				"east": { "uv": [ 7.75, 5.75, 8.25, 6.5 ], "texture": "#texture2" }
			}
		},
		{
			"__comment": "Box35",
			"from": [ 4.25, 26.25, 7.75 ],
			"to": [ 5.5, 26.75, 8.25 ],
			"faces": {
				"down": { "uv": [ 7.75, 4.25, 8.25, 5.5 ], "texture": "#texture2", "rotation": 270 },
				"up": { "uv": [ 7.75, 10.5, 8.25, 11.75 ], "texture": "#texture2", "rotation": 90 },
				"north": { "uv": [ 10.5, 5.25, 11.75, 5.75 ], "texture": "#texture2" },
				"south": { "uv": [ 4.25, 5.25, 5.5, 5.75 ], "texture": "#texture2" },
				"west": { "uv": [ 7.75, 5.25, 8.25, 5.75 ], "texture": "#texture2" },
				"east": { "uv": [ 7.75, 5.25, 8.25, 5.75 ], "texture": "#texture2" }
			}
		},
		{
			"__comment": "Box36",
			"from": [ 4, 26.75, 7.7499 ],
			"to": [ 4.75, 27.25, 8.2499 ],
			"faces": {
				"down": { "uv": [ 7.75, 4, 8.25, 4.75 ], "texture": "#texture2", "rotation": 270 },
				"up": { "uv": [ 7.75, 11.25, 8.25, 12 ], "texture": "#texture2", "rotation": 90 },
				"north": { "uv": [ 11.25, 4.75, 12, 5.25 ], "texture": "#texture2" },
				"south": { "uv": [ 4, 4.75, 4.75, 5.25 ], "texture": "#texture2" },
				"west": { "uv": [ 7.75, 4.75, 8.25, 5.25 ], "texture": "#texture2" },
				"east": { "uv": [ 7.75, 4.75, 8.25, 5.25 ], "texture": "#texture2" }
			}
		},
		{
			"__comment": "Box37",
			"from": [ 4, 27.25, 7.7499 ],
			"to": [ 4.5, 27.75, 8.2499 ],
			"faces": {
				"up": { "uv": [ 7.75, 11.5, 8.25, 12 ], "texture": "#texture2", "rotation": 90 },
				"north": { "uv": [ 11.5, 4.25, 12, 4.75 ], "texture": "#texture2" },
				"south": { "uv": [ 4, 4.25, 4.5, 4.75 ], "texture": "#texture2" },
				"west": { "uv": [ 7.75, 4.25, 8.25, 4.75 ], "texture": "#texture2" },
				"east": { "uv": [ 7.75, 4.25, 8.25, 4.75 ], "texture": "#texture2" }
			}
		},
		{
			"__comment": "Box38",
			"from": [ 4.25, 27.75, 7.7499 ],
			"to": [ 5, 28, 8.2499 ],
			"faces": {
				"down": { "uv": [ 7.75, 4.25, 8.25, 5 ], "texture": "#texture2", "rotation": 270 },
				"up": { "uv": [ 7.75, 11, 8.25, 11.75 ], "texture": "#texture2", "rotation": 90 },
				"north": { "uv": [ 11, 4, 11.75, 4.25 ], "texture": "#texture2" },
				"south": { "uv": [ 4.25, 4, 5, 4.25 ], "texture": "#texture2" },
				"west": { "uv": [ 7.75, 4, 8.25, 4.25 ], "texture": "#texture2" },
				"east": { "uv": [ 7.75, 4, 8.25, 4.25 ], "texture": "#texture2" }
			}
		},
		{
			"__comment": "Box39",
			"from": [ 4.5, 28, 7.75 ],
			"to": [ 5, 28.25, 8.25 ],
			"faces": {
				"up": { "uv": [ 7.75, 11, 8.25, 11.5 ], "texture": "#texture2", "rotation": 90 },
				"north": { "uv": [ 11, 3.75, 11.5, 4 ], "texture": "#texture2" },
				"south": { "uv": [ 4.5, 3.75, 5, 4 ], "texture": "#texture2" },
				"west": { "uv": [ 7.75, 3.75, 8.25, 4 ], "texture": "#texture2" },
				"east": { "uv": [ 7.75, 3.75, 8.25, 4 ], "texture": "#texture2" }
			}
		},
		{
			"__comment": "Box34",
			"from": [ 7.75, 25.5, 9 ],
			"to": [ 8.25, 26.25, 11 ],
			"faces": {
				"down": { "uv": [ 7.75, 5, 8.25, 7 ], "texture": "#texture2" },
				"up": { "uv": [ 7.75, 9, 8.25, 11 ], "texture": "#texture2" },
				"north": { "uv": [ 7.75, 5.75, 8.25, 6.5 ], "texture": "#texture2" },
				"south": { "uv": [ 7.75, 5.75, 8.25, 6.5 ], "texture": "#texture2" },
				"west": { "uv": [ 9, 5.75, 11, 6.5 ], "texture": "#texture2" },
				"east": { "uv": [ 5, 5.75, 7, 6.5 ], "texture": "#texture2" }
			}
		},
		{
			"__comment": "Box35",
			"from": [ 7.75, 26.25, 10.5 ],
			"to": [ 8.25, 26.75, 11.75 ],
			"faces": {
				"down": { "uv": [ 7.75, 4.25, 8.25, 5.5 ], "texture": "#texture2" },
				"up": { "uv": [ 7.75, 10.5, 8.25, 11.75 ], "texture": "#texture2" },
				"north": { "uv": [ 7.75, 5.25, 8.25, 5.75 ], "texture": "#texture2" },
				"south": { "uv": [ 7.75, 5.25, 8.25, 5.75 ], "texture": "#texture2" },
				"west": { "uv": [ 10.5, 5.25, 11.75, 5.75 ], "texture": "#texture2" },
				"east": { "uv": [ 4.25, 5.25, 5.5, 5.75 ], "texture": "#texture2" }
			}
		},
		{
			"__comment": "Box36",
			"from": [ 7.75, 26.75, 11.25 ],
			"to": [ 8.25, 27.25, 12 ],
			"faces": {
				"down": { "uv": [ 7.75, 4, 8.25, 4.75 ], "texture": "#texture2" },
				"up": { "uv": [ 7.75, 11.25, 8.25, 12 ], "texture": "#texture2" },
				"north": { "uv": [ 7.75, 4.75, 8.25, 5.25 ], "texture": "#texture2" },
				"south": { "uv": [ 7.75, 4.75, 8.25, 5.25 ], "texture": "#texture2" },
				"west": { "uv": [ 11.25, 4.75, 12, 5.25 ], "texture": "#texture2" },
				"east": { "uv": [ 4, 4.75, 4.75, 5.25 ], "texture": "#texture2" }
			}
		},
		{
			"__comment": "Box37",
			"from": [ 7.75, 27.25, 11.5 ],
			"to": [ 8.25, 27.75, 12 ],
			"faces": {
				"up": { "uv": [ 7.75, 11.5, 8.25, 12 ], "texture": "#texture2" },
				"north": { "uv": [ 7.75, 4.25, 8.25, 4.75 ], "texture": "#texture2" },
				"south": { "uv": [ 7.75, 4.25, 8.25, 4.75 ], "texture": "#texture2" },
				"west": { "uv": [ 11.5, 4.25, 12, 4.75 ], "texture": "#texture2" },
				"east": { "uv": [ 4, 4.25, 4.5, 4.75 ], "texture": "#texture2" }
			}
		},
		{
			"__comment": "Box38",
			"from": [ 7.75, 27.75, 11 ],
			"to": [ 8.25, 28, 11.75 ],
			"faces": {
				"down": { "uv": [ 7.75, 4.25, 8.25, 5 ], "texture": "#texture2" },
				"up": { "uv": [ 7.75, 11, 8.25, 11.75 ], "texture": "#texture2" },
				"north": { "uv": [ 7.75, 4, 8.25, 4.25 ], "texture": "#texture2" },
				"south": { "uv": [ 7.75, 4, 8.25, 4.25 ], "texture": "#texture2" },
				"west": { "uv": [ 11, 4, 11.75, 4.25 ], "texture": "#texture2" },
				"east": { "uv": [ 4.25, 4, 5, 4.25 ], "texture": "#texture2" }
			}
		},
		{
			"__comment": "Box39",
			"from": [ 7.75, 28, 11 ],
			"to": [ 8.25, 28.25, 11.5 ],
			"faces": {
				"up": { "uv": [ 7.75, 11, 8.25, 11.5 ], "texture": "#texture2" },
				"north": { "uv": [ 7.75, 3.75, 8.25, 4 ], "texture": "#texture2" },
				"south": { "uv": [ 7.75, 3.75, 8.25, 4 ], "texture": "#texture2" },
				"west": { "uv": [ 11, 3.75, 11.5, 4 ], "texture": "#texture2" },
				"east": { "uv": [ 4.5, 3.75, 5, 4 ], "texture": "#texture2" }
			}
		},
		{
			"__comment": "Box34",
			"from": [ 9, 25.5, 7.75 ],
			"to": [ 11, 26.25, 8.25 ],
			"faces": {
				"down": { "uv": [ 7.75, 5, 8.25, 7 ], "texture": "#texture2", "rotation": 90 },
				"up": { "uv": [ 7.75, 9, 8.25, 11 ], "texture": "#texture2", "rotation": 270 },
				"north": { "uv": [ 5, 5.75, 7, 6.5 ], "texture": "#texture2" },
				"south": { "uv": [ 9, 5.75, 11, 6.5 ], "texture": "#texture2" },
				"west": { "uv": [ 7.75, 5.75, 8.25, 6.5 ], "texture": "#texture2" },
				"east": { "uv": [ 7.75, 5.75, 8.25, 6.5 ], "texture": "#texture2" }
			}
		},
		{
			"__comment": "Box35",
			"from": [ 10.5, 26.25, 7.75 ],
			"to": [ 11.75, 26.75, 8.25 ],
			"faces": {
				"down": { "uv": [ 7.75, 4.25, 8.25, 5.5 ], "texture": "#texture2", "rotation": 90 },
				"up": { "uv": [ 7.75, 10.5, 8.25, 11.75 ], "texture": "#texture2", "rotation": 270 },
				"north": { "uv": [ 4.25, 5.25, 5.5, 5.75 ], "texture": "#texture2" },
				"south": { "uv": [ 10.5, 5.25, 11.75, 5.75 ], "texture": "#texture2" },
				"west": { "uv": [ 7.75, 5.25, 8.25, 5.75 ], "texture": "#texture2" },
				"east": { "uv": [ 7.75, 5.25, 8.25, 5.75 ], "texture": "#texture2" }
			}
		},
		{
			"__comment": "Box36",
			"from": [ 11.25, 26.75, 7.7501 ],
			"to": [ 12, 27.25, 8.250099 ],
			"faces": {
				"down": { "uv": [ 7.75, 4, 8.25, 4.75 ], "texture": "#texture2", "rotation": 90 },
				"up": { "uv": [ 7.75, 11.25, 8.25, 12 ], "texture": "#texture2", "rotation": 270 },
				"north": { "uv": [ 4, 4.75, 4.75, 5.25 ], "texture": "#texture2" },
				"south": { "uv": [ 11.25, 4.75, 12, 5.25 ], "texture": "#texture2" },
				"west": { "uv": [ 7.75, 4.75, 8.25, 5.25 ], "texture": "#texture2" },
				"east": { "uv": [ 7.75, 4.75, 8.25, 5.25 ], "texture": "#texture2" }
			}
		},
		{
			"__comment": "Box37",
			"from": [ 11.5, 27.25, 7.7501 ],
			"to": [ 12, 27.75, 8.250099 ],
			"faces": {
				"up": { "uv": [ 7.75, 11.5, 8.25, 12 ], "texture": "#texture2", "rotation": 270 },
				"north": { "uv": [ 4, 4.25, 4.5, 4.75 ], "texture": "#texture2" },
				"south": { "uv": [ 11.5, 4.25, 12, 4.75 ], "texture": "#texture2" },
				"west": { "uv": [ 7.75, 4.25, 8.25, 4.75 ], "texture": "#texture2" },
				"east": { "uv": [ 7.75, 4.25, 8.25, 4.75 ], "texture": "#texture2" }
			}
		},
		{
			"__comment": "Box38",
			"from": [ 11, 27.75, 7.7501 ],
			"to": [ 11.75, 28, 8.250099 ],
			"faces": {
				"down": { "uv": [ 7.75, 4.25, 8.25, 5 ], "texture": "#texture2", "rotation": 90 },
				"up": { "uv": [ 7.75, 11, 8.25, 11.75 ], "texture": "#texture2", "rotation": 270 },
				"north": { "uv": [ 4.25, 4, 5, 4.25 ], "texture": "#texture2" },
				"south": { "uv": [ 11, 4, 11.75, 4.25 ], "texture": "#texture2" },
				"west": { "uv": [ 7.75, 4, 8.25, 4.25 ], "texture": "#texture2" },
				"east": { "uv": [ 7.75, 4, 8.25, 4.25 ], "texture": "#texture2" }
			}
		},
		{
			"__comment": "Box39",
			"from": [ 11, 28, 7.7501 ],
			"to": [ 11.5, 28.25, 8.250099 ],
			"faces": {
				"up": { "uv": [ 7.75, 11, 8.25, 11.5 ], "texture": "#texture2", "rotation": 270 },
				"north": { "uv": [ 4.5, 3.75, 5, 4 ], "texture": "#texture2" },
				"south": { "uv": [ 11, 3.75, 11.5, 4 ], "texture": "#texture2" },
				"west": { "uv": [ 7.75, 3.75, 8.25, 4 ], "texture": "#texture2" },
				"east": { "uv": [ 7.75, 3.75, 8.25, 4 ], "texture": "#texture2" }
			}
		},
		{
			"__comment": "Box34",
			"from": [ 7.75, 25.5, 5 ],
			"to": [ 8.25, 26.25, 7 ],
			"faces": {
				"down": { "uv": [ 7.75, 5, 8.25, 7 ], "texture": "#texture2", "rotation": 180 },
				"up": { "uv": [ 7.75, 9, 8.25, 11 ], "texture": "#texture2", "rotation": 180 },
				"north": { "uv": [ 7.75, 5.75, 8.25, 6.5 ], "texture": "#texture2" },
				"south": { "uv": [ 7.75, 5.75, 8.25, 6.5 ], "texture": "#texture2" },
				"west": { "uv": [ 5, 5.75, 7, 6.5 ], "texture": "#texture2" },
				"east": { "uv": [ 9, 5.75, 11, 6.5 ], "texture": "#texture2" }
			}
		},
		{
			"__comment": "Box35",
			"from": [ 7.75, 26.25, 4.25 ],
			"to": [ 8.25, 26.75, 5.5 ],
			"faces": {
				"down": { "uv": [ 7.75, 4.25, 8.25, 5.5 ], "texture": "#texture2", "rotation": 180 },
				"up": { "uv": [ 7.75, 10.5, 8.25, 11.75 ], "texture": "#texture2", "rotation": 180 },
				"north": { "uv": [ 7.75, 5.25, 8.25, 5.75 ], "texture": "#texture2" },
				"south": { "uv": [ 7.75, 5.25, 8.25, 5.75 ], "texture": "#texture2" },
				"west": { "uv": [ 4.25, 5.25, 5.5, 5.75 ], "texture": "#texture2" },
				"east": { "uv": [ 10.5, 5.25, 11.75, 5.75 ], "texture": "#texture2" }
			}
		},
		{
			"__comment": "Box36",
			"from": [ 7.7501, 26.75, 4 ],
			"to": [ 8.250099, 27.25, 4.75 ],
			"faces": {
				"down": { "uv": [ 7.75, 4, 8.25, 4.75 ], "texture": "#texture2", "rotation": 180 },
				"up": { "uv": [ 7.75, 11.25, 8.25, 12 ], "texture": "#texture2", "rotation": 180 },
				"north": { "uv": [ 7.75, 4.75, 8.25, 5.25 ], "texture": "#texture2" },
				"south": { "uv": [ 7.75, 4.75, 8.25, 5.25 ], "texture": "#texture2" },
				"west": { "uv": [ 4, 4.75, 4.75, 5.25 ], "texture": "#texture2" },
				"east": { "uv": [ 11.25, 4.75, 12, 5.25 ], "texture": "#texture2" }
			}
		},
		{
			"__comment": "Box37",
			"from": [ 7.7501, 27.25, 4 ],
			"to": [ 8.250099, 27.75, 4.5 ],
			"faces": {
				"up": { "uv": [ 7.75, 11.5, 8.25, 12 ], "texture": "#texture2", "rotation": 180 },
				"north": { "uv": [ 7.75, 4.25, 8.25, 4.75 ], "texture": "#texture2" },
				"south": { "uv": [ 7.75, 4.25, 8.25, 4.75 ], "texture": "#texture2" },
				"west": { "uv": [ 4, 4.25, 4.5, 4.75 ], "texture": "#texture2" },
				"east": { "uv": [ 11.5, 4.25, 12, 4.75 ], "texture": "#texture2" }
			}
		},
		{
			"__comment": "Box38",
			"from": [ 7.7501, 27.75, 4.25 ],
			"to": [ 8.250099, 28, 5 ],
			"faces": {
				"down": { "uv": [ 7.75, 4.25, 8.25, 5 ], "texture": "#texture2", "rotation": 180 },
				"up": { "uv": [ 7.75, 11, 8.25, 11.75 ], "texture": "#texture2", "rotation": 180 },
				"north": { "uv": [ 7.75, 4, 8.25, 4.25 ], "texture": "#texture2" },
				"south": { "uv": [ 7.75, 4, 8.25, 4.25 ], "texture": "#texture2" },
				"west": { "uv": [ 4.25, 4, 5, 4.25 ], "texture": "#texture2" },
				"east": { "uv": [ 11, 4, 11.75, 4.25 ], "texture": "#texture2" }
			}
		},
		{
			"__comment": "Box39",
			"from": [ 7.7501, 28, 4.5 ],
			"to": [ 8.250099, 28.25, 5 ],
			"faces": {
				"up": { "uv": [ 7.75, 11, 8.25, 11.5 ], "texture": "#texture2", "rotation": 180 },
				"north": { "uv": [ 7.75, 3.75, 8.25, 4 ], "texture": "#texture2" },
				"south": { "uv": [ 7.75, 3.75, 8.25, 4 ], "texture": "#texture2" },
				"west": { "uv": [ 4.5, 3.75, 5, 4 ], "texture": "#texture2" },
				"east": { "uv": [ 11, 3.75, 11.5, 4 ], "texture": "#texture2" }
			}
		},
		{
			"__comment": "Box82",
			"from": [ 6.75, 27.5, 6.75 ],
			"to": [ 9.25, 30.5, 9.25 ],
			"faces": {
				"down": { "uv": [ 6.75, 6.75, 9.25, 9.25 ], "texture": "#texture3" },
				"up": { "uv": [ 6.75, 6.75, 9.25, 9.25 ], "texture": "#texture3" },
				"north": { "uv": [ 6.75, 1.5, 9.25, 4.5 ], "texture": "#texture3" },
				"south": { "uv": [ 6.75, 1.5, 9.25, 4.5 ], "texture": "#texture3" },
				"west": { "uv": [ 6.75, 1.5, 9.25, 4.5 ], "texture": "#texture3" },
				"east": { "uv": [ 6.75, 1.5, 9.25, 4.5 ], "texture": "#texture3" }
			}
		},
		{
			"__comment": "Box83",
			"from": [ 6.5, 27.75, 6.75 ],
			"to": [ 6.75, 30.25, 9.25 ],
			"faces": {
				"down": { "uv": [ 6.5, 6.75, 6.75, 9.25 ], "texture": "#texture3" },
				"up": { "uv": [ 6.5, 6.75, 6.75, 9.25 ], "texture": "#texture3" },
				"north": { "uv": [ 9.25, 1.75, 9.5, 4.25 ], "texture": "#texture3" },
				"south": { "uv": [ 6.5, 1.75, 6.75, 4.25 ], "texture": "#texture3" },
				"west": { "uv": [ 6.75, 1.75, 9.25, 4.25 ], "texture": "#texture3" }
			}
		},
		{
			"__comment": "Box84",
			"from": [ 9.25, 27.75, 6.75 ],
			"to": [ 9.5, 30.25, 9.25 ],
			"faces": {
				"down": { "uv": [ 9.25, 6.75, 9.5, 9.25 ], "texture": "#texture3" },
				"up": { "uv": [ 9.25, 6.75, 9.5, 9.25 ], "texture": "#texture3" },
				"north": { "uv": [ 6.5, 1.75, 6.75, 4.25 ], "texture": "#texture3" },
				"south": { "uv": [ 9.25, 1.75, 9.5, 4.25 ], "texture": "#texture3" },
				"east": { "uv": [ 6.75, 1.75, 9.25, 4.25 ], "texture": "#texture3" }
			}
		},
		{
			"__comment": "Box85",
			"from": [ 6.75, 27.75, 9.25 ],
			"to": [ 9.25, 30.25, 9.5 ],
			"faces": {
				"down": { "uv": [ 6.75, 6.5, 9.25, 6.75 ], "texture": "#texture3" },
				"up": { "uv": [ 6.75, 9.25, 9.25, 9.5 ], "texture": "#texture3" },
				"south": { "uv": [ 6.75, 1.75, 9.25, 4.25 ], "texture": "#texture3" },
				"west": { "uv": [ 9.25, 1.75, 9.5, 4.25 ], "texture": "#texture3" },
				"east": { "uv": [ 6.5, 1.75, 6.75, 4.25 ], "texture": "#texture3" }
			}
		},
		{
			"__comment": "Box86",
			"from": [ 6.75, 27.75, 6.5 ],
			"to": [ 9.25, 30.25, 6.75 ],
			"faces": {
				"down": { "uv": [ 6.75, 9.25, 9.25, 9.5 ], "texture": "#texture3" },
				"up": { "uv": [ 6.75, 6.5, 9.25, 6.75 ], "texture": "#texture3" },
				"north": { "uv": [ 6.75, 1.75, 9.25, 4.25 ], "texture": "#texture3" },
				"west": { "uv": [ 6.5, 1.75, 6.75, 4.25 ], "texture": "#texture3" },
				"east": { "uv": [ 9.25, 1.75, 9.5, 4.25 ], "texture": "#texture3" }
			}
		}
	],
	"display": {
		"thirdperson_righthand": {
			"rotation":  [ 0, -50, 0 ],
			"translation":  [ 0, -12.52, 0 ]
		},
		"thirdperson_lefthand": {
			"rotation":  [ 0, -50, 0 ],
			"translation":  [ 0, -12.52, 0 ]
		},
		"firstperson_righthand": {
			"rotation":  [ 0, -67, 14 ],
			"translation":  [ 1.13, -0.278, 1.13 ],
			"scale":  [ 0.68, 0.68, 0.68 ]
		},
		"firstperson_lefthand": {
			"rotation":  [ 0, -67, 14 ],
			"translation":  [ 1.13, -0.278, 1.13 ],
			"scale":  [ 0.68, 0.68, 0.68 ]
		},
		"gui": {
			"rotation":  [ -25, -33, -48 ],
			"translation":  [ -2.086, -3.477, -2.086 ],
			"scale":  [ 0.625, 0.625, 0.625 ]
		},
		"ground": {
			"translation":  [ 0, 2, 0 ],
			"scale":  [ 0.5, 0.5, 0.5 ]
		},
		"fixed": {
			"rotation":  [ 0, 0, 28 ],
			"translation":  [ 1.3913, -4.173, 0 ],
			"scale":  [ 0.7, 0.7, 0.7 ]
		}
	}
}