{
	"__comment": "Designed by Nick1701 with Cubik Studio - https://cubik.studio",
	"textures": {
		"particle": "blocks/e_particle",
		"texture": "blocks/e_texture",
		"wooden_sword": "item/wooden_sword"
	},
	"elements": [ 	 
		{
			"__comment": "Box1",
			"from": [ 2, 0, 7 ],
			"to": [ 3, 4, 8 ],
			"faces": {
				"down": { "uv": [ 0, 13, 1, 14 ], "texture": "#wooden_sword", "rotation": 90 },
				"up": { "uv": [ 3, 13, 4, 14 ], "texture": "#wooden_sword", "rotation": 90 },
				"north": { "uv": [ 4, 14, 0, 13 ], "texture": "#wooden_sword", "rotation": 90 },
				"south": { "uv": [ 0, 14, 4, 13 ], "texture": "#wooden_sword", "rotation": 270 },
				"west": { "uv": [ 0, 13, 4, 14 ], "texture": "#wooden_sword", "rotation": 270 },
				"east": { "uv": [ 4, 13, 0, 14 ], "texture": "#wooden_sword", "rotation": 90 }
			}
		},
		{
			"__comment": "Box2",
			"from": [ 0, 0, 7 ],
			"to": [ 2, 3, 8 ],
			"faces": {
				"down": { "uv": [ 0, 14, 1, 16 ], "texture": "#wooden_sword", "rotation": 90 },
				"up": { "uv": [ 2, 14, 3, 16 ], "texture": "#wooden_sword", "rotation": 90 },
				"north": { "uv": [ 3, 16, 0, 14 ], "texture": "#wooden_sword", "rotation": 90 },
				"south": { "uv": [ 0, 16, 3, 14 ], "texture": "#wooden_sword", "rotation": 270 },
				"west": { "uv": [ 0, 15, 3, 16 ], "texture": "#wooden_sword", "rotation": 270 },
				"east": { "uv": [ 3, 14, 0, 15 ], "texture": "#wooden_sword", "rotation": 90 }
			}
		},
		{
			"__comment": "Box3",
			"from": [ 8, 2, 7 ],
			"to": [ 10, 4, 8 ],
			"faces": {
				"down": { "uv": [ 2, 6, 3, 8 ], "texture": "#wooden_sword", "rotation": 90 },
				"up": { "uv": [ 3, 6, 4, 8 ], "texture": "#wooden_sword", "rotation": 90 },
				"north": { "uv": [ 4, 8, 2, 6 ], "texture": "#wooden_sword", "rotation": 90 },
				"south": { "uv": [ 2, 8, 4, 6 ], "texture": "#wooden_sword", "rotation": 270 },
				"west": { "uv": [ 2, 7, 4, 8 ], "texture": "#wooden_sword", "rotation": 270 },
				"east": { "uv": [ 4, 6, 2, 7 ], "texture": "#wooden_sword", "rotation": 90 }
			}
		},
		{
			"__comment": "Box4",
			"from": [ 3, 2, 7 ],
			"to": [ 4, 5, 8 ],
			"faces": {
				"down": { "uv": [ 2, 12, 3, 13 ], "texture": "#wooden_sword", "rotation": 90 },
				"up": { "uv": [ 4, 12, 5, 13 ], "texture": "#wooden_sword", "rotation": 90 },
				"north": { "uv": [ 5, 13, 2, 12 ], "texture": "#wooden_sword", "rotation": 90 },
				"south": { "uv": [ 2, 13, 5, 12 ], "texture": "#wooden_sword", "rotation": 270 },
				"west": { "uv": [ 2, 12, 5, 13 ], "texture": "#wooden_sword", "rotation": 270 },
				"east": { "uv": [ 5, 12, 2, 13 ], "texture": "#wooden_sword", "rotation": 90 }
			}
		},
		{
			"__comment": "Box5",
			"from": [ 7, 3, 7 ],
			"to": [ 8, 10, 8 ],
			"faces": {
				"down": { "uv": [ 3, 8, 4, 9 ], "texture": "#wooden_sword", "rotation": 90 },
				"up": { "uv": [ 9, 8, 10, 9 ], "texture": "#wooden_sword", "rotation": 90 },
				"north": { "uv": [ 10, 9, 3, 8 ], "texture": "#wooden_sword", "rotation": 90 },
				"south": { "uv": [ 3, 9, 10, 8 ], "texture": "#wooden_sword", "rotation": 270 },
				"west": { "uv": [ 3, 8, 10, 9 ], "texture": "#wooden_sword", "rotation": 270 },
				"east": { "uv": [ 10, 8, 3, 9 ], "texture": "#wooden_sword", "rotation": 90 }
			}
		},
		{
			"__comment": "Box6",
			"from": [ 6, 3, 7 ],
			"to": [ 7, 9, 8 ],
			"faces": {
				"down": { "uv": [ 3, 9, 4, 10 ], "texture": "#wooden_sword", "rotation": 90 },
				"up": { "uv": [ 8, 9, 9, 10 ], "texture": "#wooden_sword", "rotation": 90 },
				"north": { "uv": [ 9, 10, 3, 9 ], "texture": "#wooden_sword", "rotation": 90 },
				"south": { "uv": [ 3, 10, 9, 9 ], "texture": "#wooden_sword", "rotation": 270 },
				"west": { "uv": [ 3, 9, 9, 10 ], "texture": "#wooden_sword", "rotation": 270 },
				"east": { "uv": [ 9, 9, 3, 10 ], "texture": "#wooden_sword", "rotation": 90 }
			}
		},
		{
			"__comment": "Box7",
			"from": [ 4, 3, 7 ],
			"to": [ 5, 9, 8 ],
			"faces": {
				"down": { "uv": [ 3, 11, 4, 12 ], "texture": "#wooden_sword", "rotation": 90 },
				"up": { "uv": [ 8, 11, 9, 12 ], "texture": "#wooden_sword", "rotation": 90 },
				"north": { "uv": [ 9, 12, 3, 11 ], "texture": "#wooden_sword", "rotation": 90 },
				"south": { "uv": [ 3, 12, 9, 11 ], "texture": "#wooden_sword", "rotation": 270 },
				"west": { "uv": [ 3, 11, 9, 12 ], "texture": "#wooden_sword", "rotation": 270 },
				"east": { "uv": [ 9, 11, 3, 12 ], "texture": "#wooden_sword", "rotation": 90 }
			}
		},
		{
			"__comment": "Box8",
			"from": [ 5, 4, 7 ],
			"to": [ 9, 5, 8 ],
			"faces": {
				"down": { "uv": [ 4, 7, 5, 11 ], "texture": "#wooden_sword", "rotation": 90 },
				"up": { "uv": [ 4, 7, 5, 11 ], "texture": "#wooden_sword", "rotation": 90 },
				"north": { "uv": [ 5, 11, 4, 7 ], "texture": "#wooden_sword", "rotation": 90 },
				"south": { "uv": [ 4, 11, 5, 7 ], "texture": "#wooden_sword", "rotation": 270 },
				"west": { "uv": [ 4, 10, 5, 11 ], "texture": "#wooden_sword", "rotation": 270 },
				"east": { "uv": [ 5, 7, 4, 8 ], "texture": "#wooden_sword", "rotation": 90 }
			}
		},
		{
			"__comment": "Box9",
			"from": [ 5, 5, 7 ],
			"to": [ 6, 8, 8 ],
			"faces": {
				"down": { "uv": [ 5, 10, 6, 11 ], "texture": "#wooden_sword", "rotation": 90 },
				"up": { "uv": [ 7, 10, 8, 11 ], "texture": "#wooden_sword", "rotation": 90 },
				"north": { "uv": [ 8, 11, 5, 10 ], "texture": "#wooden_sword", "rotation": 90 },
				"south": { "uv": [ 5, 11, 8, 10 ], "texture": "#wooden_sword", "rotation": 270 },
				"west": { "uv": [ 5, 10, 8, 11 ], "texture": "#wooden_sword", "rotation": 270 },
				"east": { "uv": [ 8, 10, 5, 11 ], "texture": "#wooden_sword", "rotation": 90 }
			}
		},
		{
			"__comment": "Box10",
			"from": [ 8, 6, 7 ],
			"to": [ 9, 11, 8 ],
			"faces": {
				"down": { "uv": [ 6, 7, 7, 8 ], "texture": "#wooden_sword", "rotation": 90 },
				"up": { "uv": [ 10, 7, 11, 8 ], "texture": "#wooden_sword", "rotation": 90 },
				"north": { "uv": [ 11, 8, 6, 7 ], "texture": "#wooden_sword", "rotation": 90 },
				"south": { "uv": [ 6, 8, 11, 7 ], "texture": "#wooden_sword", "rotation": 270 },
				"west": { "uv": [ 6, 7, 11, 8 ], "texture": "#wooden_sword", "rotation": 270 },
				"east": { "uv": [ 11, 7, 6, 8 ], "texture": "#wooden_sword", "rotation": 90 }
			}
		},
		{
			"__comment": "Box11",
			"from": [ 3, 6, 7 ],
			"to": [ 4, 10, 8 ],
			"faces": {
				"down": { "uv": [ 6, 12, 7, 13 ], "texture": "#wooden_sword", "rotation": 90 },
				"up": { "uv": [ 9, 12, 10, 13 ], "texture": "#wooden_sword", "rotation": 90 },
				"north": { "uv": [ 10, 13, 6, 12 ], "texture": "#wooden_sword", "rotation": 90 },
				"south": { "uv": [ 6, 13, 10, 12 ], "texture": "#wooden_sword", "rotation": 270 },
				"west": { "uv": [ 6, 12, 10, 13 ], "texture": "#wooden_sword", "rotation": 270 },
				"east": { "uv": [ 10, 12, 6, 13 ], "texture": "#wooden_sword", "rotation": 90 }
			}
		},
		{
			"__comment": "Box12",
			"from": [ 9, 7, 7 ],
			"to": [ 10, 12, 8 ],
			"faces": {
				"down": { "uv": [ 7, 6, 8, 7 ], "texture": "#wooden_sword", "rotation": 90 },
				"up": { "uv": [ 11, 6, 12, 7 ], "texture": "#wooden_sword", "rotation": 90 },
				"north": { "uv": [ 12, 7, 7, 6 ], "texture": "#wooden_sword", "rotation": 90 },
				"south": { "uv": [ 7, 7, 12, 6 ], "texture": "#wooden_sword", "rotation": 270 },
				"west": { "uv": [ 7, 6, 12, 7 ], "texture": "#wooden_sword", "rotation": 270 },
				"east": { "uv": [ 12, 6, 7, 7 ], "texture": "#wooden_sword", "rotation": 90 }
			}
		},
		{
			"__comment": "Box13",
			"from": [ 10, 8, 7 ],
			"to": [ 11, 13, 8 ],
			"faces": {
				"down": { "uv": [ 8, 5, 9, 6 ], "texture": "#wooden_sword", "rotation": 90 },
				"up": { "uv": [ 12, 5, 13, 6 ], "texture": "#wooden_sword", "rotation": 90 },
				"north": { "uv": [ 13, 6, 8, 5 ], "texture": "#wooden_sword", "rotation": 90 },
				"south": { "uv": [ 8, 6, 13, 5 ], "texture": "#wooden_sword", "rotation": 270 },
				"west": { "uv": [ 8, 5, 13, 6 ], "texture": "#wooden_sword", "rotation": 270 },
				"east": { "uv": [ 13, 5, 8, 6 ], "texture": "#wooden_sword", "rotation": 90 }
			}
		},
		{
			"__comment": "Box14",
			"from": [ 2, 8, 7 ],
			"to": [ 3, 10, 8 ],
			"faces": {
				"down": { "uv": [ 8, 13, 9, 14 ], "texture": "#wooden_sword", "rotation": 90 },
				"up": { "uv": [ 9, 13, 10, 14 ], "texture": "#wooden_sword", "rotation": 90 },
				"north": { "uv": [ 10, 14, 8, 13 ], "texture": "#wooden_sword", "rotation": 90 },
				"south": { "uv": [ 8, 14, 10, 13 ], "texture": "#wooden_sword", "rotation": 270 },
				"west": { "uv": [ 8, 13, 10, 14 ], "texture": "#wooden_sword", "rotation": 270 },
				"east": { "uv": [ 10, 13, 8, 14 ], "texture": "#wooden_sword", "rotation": 90 }
			}
		},
		{
			"__comment": "Box15",
			"from": [ 11, 9, 7 ],
			"to": [ 12, 14, 8 ],
			"faces": {
				"down": { "uv": [ 9, 4, 10, 5 ], "texture": "#wooden_sword", "rotation": 90 },
				"up": { "uv": [ 13, 4, 14, 5 ], "texture": "#wooden_sword", "rotation": 90 },
				"north": { "uv": [ 14, 5, 9, 4 ], "texture": "#wooden_sword", "rotation": 90 },
				"south": { "uv": [ 9, 5, 14, 4 ], "texture": "#wooden_sword", "rotation": 270 },
				"west": { "uv": [ 9, 4, 14, 5 ], "texture": "#wooden_sword", "rotation": 270 },
				"east": { "uv": [ 14, 4, 9, 5 ], "texture": "#wooden_sword", "rotation": 90 }
			}
		},
		{
			"__comment": "Box16",
			"from": [ 12, 10, 7 ],
			"to": [ 13, 15, 8 ],
			"faces": {
				"down": { "uv": [ 10, 3, 11, 4 ], "texture": "#wooden_sword", "rotation": 90 },
				"up": { "uv": [ 14, 3, 15, 4 ], "texture": "#wooden_sword", "rotation": 90 },
				"north": { "uv": [ 15, 4, 10, 3 ], "texture": "#wooden_sword", "rotation": 90 },
				"south": { "uv": [ 10, 4, 15, 3 ], "texture": "#wooden_sword", "rotation": 270 },
				"west": { "uv": [ 10, 3, 15, 4 ], "texture": "#wooden_sword", "rotation": 270 },
				"east": { "uv": [ 15, 3, 10, 4 ], "texture": "#wooden_sword", "rotation": 90 }
			}
		},
		{
			"__comment": "Box17",
			"from": [ 13, 11, 7 ],
			"to": [ 14, 16, 8 ],
			"faces": {
				"down": { "uv": [ 11, 2, 12, 3 ], "texture": "#wooden_sword", "rotation": 90 },
				"up": { "uv": [ 15, 2, 16, 3 ], "texture": "#wooden_sword", "rotation": 90 },
				"north": { "uv": [ 16, 3, 11, 2 ], "texture": "#wooden_sword", "rotation": 90 },
				"south": { "uv": [ 11, 3, 16, 2 ], "texture": "#wooden_sword", "rotation": 270 },
				"west": { "uv": [ 11, 2, 16, 3 ], "texture": "#wooden_sword", "rotation": 270 },
				"east": { "uv": [ 16, 2, 11, 3 ], "texture": "#wooden_sword", "rotation": 90 }
			}
		},
		{
			"__comment": "Box18",
			"from": [ 14, 12, 7 ],
			"to": [ 15, 16, 8 ],
			"faces": {
				"down": { "uv": [ 12, 1, 13, 2 ], "texture": "#wooden_sword", "rotation": 90 },
				"up": { "uv": [ 15, 1, 16, 2 ], "texture": "#wooden_sword", "rotation": 90 },
				"north": { "uv": [ 16, 2, 12, 1 ], "texture": "#wooden_sword", "rotation": 90 },
				"south": { "uv": [ 12, 2, 16, 1 ], "texture": "#wooden_sword", "rotation": 270 },
				"west": { "uv": [ 12, 1, 16, 2 ], "texture": "#wooden_sword", "rotation": 270 },
				"east": { "uv": [ 16, 1, 12, 2 ], "texture": "#wooden_sword", "rotation": 90 }
			}
		},
		{
			"__comment": "Box19",
			"from": [ 15, 13, 7 ],
			"to": [ 16, 16, 8 ],
			"faces": {
				"down": { "uv": [ 13, 0, 14, 1 ], "texture": "#wooden_sword", "rotation": 90 },
				"up": { "uv": [ 15, 0, 16, 1 ], "texture": "#wooden_sword", "rotation": 90 },
				"north": { "uv": [ 16, 1, 13, 0 ], "texture": "#wooden_sword", "rotation": 90 },
				"south": { "uv": [ 13, 1, 16, 0 ], "texture": "#wooden_sword", "rotation": 270 },
				"west": { "uv": [ 13, 0, 16, 1 ], "texture": "#wooden_sword", "rotation": 270 },
				"east": { "uv": [ 16, 0, 13, 1 ], "texture": "#wooden_sword", "rotation": 90 }
			}
		}
	],
	"display": {
		"thirdperson_righthand": {
			"scale":  [ 0.0001, 0.0001, 0.0001 ]
		},
		"thirdperson_lefthand": {
			"scale":  [ 0.0001, 0.0001, 0.0001 ]
		},
		"firstperson_righthand": {
			"rotation":  [ 0, -90, 25 ],
			"translation":  [ 1.13, 3.2, 1.13 ],
			"scale":  [ 0.68, 0.68, 0.68 ]
		},
		"firstperson_lefthand": {
			"rotation":  [ 0, -90, 25 ],
			"translation":  [ 1.13, 3.2, 1.13 ],
			"scale":  [ 0.68, 0.68, 0.68 ]
		},
		"gui": {
			"translation":  [ 0, 0, 8 ]
		},
		"ground": {
			"translation":  [ 0, 2, 0 ],
			"scale":  [ 0.5, 0.5, 0.5 ]
		}
	}
}