{
	"__comment": "Designed by Nick1701 with Cubik Studio - https://cubik.studio",
	"textures": {
		"particle": "block/blast_furnace_top",
		"texture": "block/blast_furnace_top"
	},
	"elements": [ 	 
		{
			"__comment": "Box1",
			"from": [ 12, 7, 6.5 ],
			"to": [ 13, 9, 8.5 ],
			"faces": {
				"down": { "uv": [ 14, 0.5, 15, 2.5 ], "texture": "#texture" },
				"up": { "uv": [ 14, 13.5, 15, 15.5 ], "texture": "#texture" },
				"north": { "uv": [ 1, 7, 2, 9 ], "texture": "#texture" },
				"south": { "uv": [ 14, 7, 15, 9 ], "texture": "#texture" },
				"west": { "uv": [ 13.5, 7, 15.5, 9 ], "texture": "#texture" },
				"east": { "uv": [ 0.5, 7, 2.5, 9 ], "texture": "#texture" }
			}
		},
		{
			"__comment": "Box2",
			"from": [ 10, 6, 6.5 ],
			"to": [ 12, 7, 8.5 ],
			"faces": {
				"down": { "uv": [ 12, 0.5, 14, 2.5 ], "texture": "#texture" },
				"up": { "uv": [ 12, 13.5, 14, 15.5 ], "texture": "#texture" },
				"north": { "uv": [ 2, 9, 4, 10 ], "texture": "#texture" },
				"south": { "uv": [ 12, 9, 14, 10 ], "texture": "#texture" },
				"west": { "uv": [ 13.5, 9, 15.5, 10 ], "texture": "#texture" },
				"east": { "uv": [ 0.5, 9, 2.5, 10 ], "texture": "#texture" }
			}
		},
		{
			"__comment": "Box3",
			"from": [ 10, 9, 6.5 ],
			"to": [ 12, 10, 8.5 ],
			"faces": {
				"down": { "uv": [ 10, 7.5, 12, 9.5 ], "texture": "#texture" },
				"up": { "uv": [ 10, 6.5, 12, 8.5 ], "texture": "#texture" },
				"north": { "uv": [ 4, 6, 6, 7 ], "texture": "#texture" },
				"south": { "uv": [ 10, 6, 12, 7 ], "texture": "#texture" },
				"west": { "uv": [ 6.5, 6, 8.5, 7 ], "texture": "#texture" },
				"east": { "uv": [ 7.5, 6, 9.5, 7 ], "texture": "#texture" }
			}
		},
		{
			"__comment": "Box4",
			"from": [ 9, 7, 6.5 ],
			"to": [ 10, 9, 8.5 ],
			"faces": {
				"down": { "uv": [ 11, 0.5, 12, 2.5 ], "texture": "#texture" },
				"up": { "uv": [ 11, 13.5, 12, 15.5 ], "texture": "#texture" },
				"north": { "uv": [ 4, 7, 5, 9 ], "texture": "#texture" },
				"south": { "uv": [ 11, 7, 12, 9 ], "texture": "#texture" },
				"west": { "uv": [ 13.5, 7, 15.5, 9 ], "texture": "#texture" },
				"east": { "uv": [ 0.5, 7, 2.5, 9 ], "texture": "#texture" }
			}
		},
		{
			"__comment": "Box5",
			"from": [ 9.5, 6.5, 6.5 ],
			"to": [ 10.5, 7.5, 8.5 ],
			"faces": {
				"down": { "uv": [ 11.5, 0.5, 12.5, 2.5 ], "texture": "#texture" },
				"up": { "uv": [ 11.5, 13.5, 12.5, 15.5 ], "texture": "#texture" },
				"north": { "uv": [ 3.5, 8.5, 4.5, 9.5 ], "texture": "#texture" },
				"south": { "uv": [ 11.5, 8.5, 12.5, 9.5 ], "texture": "#texture" },
				"west": { "uv": [ 13.5, 8.5, 15.5, 9.5 ], "texture": "#texture" },
				"east": { "uv": [ 0.5, 8.5, 2.5, 9.5 ], "texture": "#texture" }
			}
		},
		{
			"__comment": "Box6",
			"from": [ 9.5, 8.5, 6.5 ],
			"to": [ 10.5, 9.5, 8.5 ],
			"faces": {
				"down": { "uv": [ 11.5, 0.5, 12.5, 2.5 ], "texture": "#texture" },
				"up": { "uv": [ 11.5, 13.5, 12.5, 15.5 ], "texture": "#texture" },
				"north": { "uv": [ 3.5, 6.5, 4.5, 7.5 ], "texture": "#texture" },
				"south": { "uv": [ 11.5, 6.5, 12.5, 7.5 ], "texture": "#texture" },
				"west": { "uv": [ 13.5, 6.5, 15.5, 7.5 ], "texture": "#texture" },
				"east": { "uv": [ 0.5, 6.5, 2.5, 7.5 ], "texture": "#texture" }
			}
		},
		{
			"__comment": "Box7",
			"from": [ 11.5, 6.5, 6.5 ],
			"to": [ 12.5, 7.5, 8.5 ],
			"faces": {
				"down": { "uv": [ 13.5, 0.5, 14.5, 2.5 ], "texture": "#texture" },
				"up": { "uv": [ 13.5, 13.5, 14.5, 15.5 ], "texture": "#texture" },
				"north": { "uv": [ 1.5, 8.5, 2.5, 9.5 ], "texture": "#texture" },
				"south": { "uv": [ 13.5, 8.5, 14.5, 9.5 ], "texture": "#texture" },
				"west": { "uv": [ 13.5, 8.5, 15.5, 9.5 ], "texture": "#texture" },
				"east": { "uv": [ 0.5, 8.5, 2.5, 9.5 ], "texture": "#texture" }
			}
		},
		{
			"__comment": "Box8",
			"from": [ 11.5, 8.5, 6.5 ],
			"to": [ 12.5, 9.5, 8.5 ],
			"faces": {
				"down": { "uv": [ 13.5, 0.5, 14.5, 2.5 ], "texture": "#texture" },
				"up": { "uv": [ 13.5, 13.5, 14.5, 15.5 ], "texture": "#texture" },
				"north": { "uv": [ 1.5, 6.5, 2.5, 7.5 ], "texture": "#texture" },
				"south": { "uv": [ 13.5, 6.5, 14.5, 7.5 ], "texture": "#texture" },
				"west": { "uv": [ 13.5, 6.5, 15.5, 7.5 ], "texture": "#texture" },
				"east": { "uv": [ 0.5, 6.5, 2.5, 7.5 ], "texture": "#texture" }
			}
		},
		{
			"__comment": "Box9",
			"from": [ 3, 7.5, 7 ],
			"to": [ 9, 8.5, 8 ],
			"faces": {
				"down": { "uv": [ 5, 1, 11, 2 ], "texture": "#texture" },
				"up": { "uv": [ 5, 14, 11, 15 ], "texture": "#texture" },
				"north": { "uv": [ 5, 7.5, 11, 8.5 ], "texture": "#texture" },
				"south": { "uv": [ 5, 7.5, 11, 8.5 ], "texture": "#texture" },
				"west": { "uv": [ 14, 7.5, 15, 8.5 ], "texture": "#texture" },
				"east": { "uv": [ 1, 7.5, 2, 8.5 ], "texture": "#texture" }
			}
		},
		{
			"__comment": "Box11",
			"from": [ 3, 6.5, 7 ],
			"to": [ 3.5, 7.5, 8 ],
			"faces": {
				"down": { "uv": [ 5, 1, 5.5, 2 ], "texture": "#texture" },
				"up": { "uv": [ 5, 14, 5.5, 15 ], "texture": "#texture" },
				"north": { "uv": [ 10.5, 8.5, 11, 9.5 ], "texture": "#texture" },
				"south": { "uv": [ 5, 8.5, 5.5, 9.5 ], "texture": "#texture" },
				"west": { "uv": [ 14, 8.5, 15, 9.5 ], "texture": "#texture" },
				"east": { "uv": [ 1, 8.5, 2, 9.5 ], "texture": "#texture" }
			}
		},
		{
			"__comment": "Box12",
			"from": [ 3.5, 7, 7 ],
			"to": [ 5, 7.5, 8 ],
			"faces": {
				"down": { "uv": [ 5.5, 1, 7, 2 ], "texture": "#texture" },
				"up": { "uv": [ 5.5, 14, 7, 15 ], "texture": "#texture" },
				"north": { "uv": [ 9, 8.5, 10.5, 9 ], "texture": "#texture" },
				"south": { "uv": [ 5.5, 8.5, 7, 9 ], "texture": "#texture" },
				"west": { "uv": [ 14, 8.5, 15, 9 ], "texture": "#texture" },
				"east": { "uv": [ 1, 8.5, 2, 9 ], "texture": "#texture" }
			}
		},
		{
			"__comment": "Box13",
			"from": [ 4, 6, 7 ],
			"to": [ 5, 7, 8 ],
			"faces": {
				"down": { "uv": [ 6, 1, 7, 2 ], "texture": "#texture" },
				"up": { "uv": [ 6, 14, 7, 15 ], "texture": "#texture" },
				"north": { "uv": [ 9, 9, 10, 10 ], "texture": "#texture" },
				"south": { "uv": [ 6, 9, 7, 10 ], "texture": "#texture" },
				"west": { "uv": [ 14, 9, 15, 10 ], "texture": "#texture" },
				"east": { "uv": [ 1, 9, 2, 10 ], "texture": "#texture" }
			}
		},
		{
			"__comment": "Box15",
			"from": [ 5, 6.5, 7 ],
			"to": [ 5.5, 7.5, 8 ],
			"faces": {
				"down": { "uv": [ 7, 1, 7.5, 2 ], "texture": "#texture" },
				"up": { "uv": [ 7, 14, 7.5, 15 ], "texture": "#texture" },
				"north": { "uv": [ 8.5, 8.5, 9, 9.5 ], "texture": "#texture" },
				"south": { "uv": [ 7, 8.5, 7.5, 9.5 ], "texture": "#texture" },
				"west": { "uv": [ 14, 8.5, 15, 9.5 ], "texture": "#texture" },
				"east": { "uv": [ 1, 8.5, 2, 9.5 ], "texture": "#texture" }
			}
		}
	],
	"display": {
		"thirdperson_righthand": {
			"rotation":  [ 54, -78, -2 ],
			"translation":  [ -0.695, 2.6086, -0.194 ],
			"scale":  [ 0.85, 0.85, 0.5 ]
		},
		"thirdperson_lefthand": {
			"rotation":  [ 54, 113, 25 ],
			"translation":  [ -0.695, 2.6086, -0.194 ],
			"scale":  [ 0.85, 0.85, 0.5 ]
		},
		"firstperson_righthand": {
			"rotation":  [ 0, -90, 25 ],
			"translation":  [ 1.13, 3.2, 1.13 ],
			"scale":  [ 0.68, 0.68, 0.68 ]
		},
		"firstperson_lefthand": {
			"rotation":  [ 0, 90, -25 ],
			"translation":  [ 1.13, 3.2, 1.13 ],
			"scale":  [ 0.68, 0.68, 0.68 ]
		},
		"gui": {
			"rotation":  [ 19, 36, 16 ],
			"scale":  [ 1.33, 1.33, 1 ]
		},
		"ground": {
			"translation":  [ 0, 2, 0 ],
			"scale":  [ 0.5, 0.5, 0.3308 ]
		},
		"fixed": {
			"scale":  [ 1, 1, 0.66 ]
		}
	}
}