{
	"__comment": "Designed by Nick1701 with Cubik Studio - https://cubik.studio",
	"textures": {
		"particle": "blocks/e_particle",
		"texture": "block/slime_block",
		"feather": "item/feather",
		"texture1": "block/oak_planks"
	},
	"elements": [ 	 
		{
			"__comment": "Box1",
			"from": [ 1.5, 2.5, 12.5 ],
			"to": [ 8.5, 2.75, 13.5 ],
			"faces": {
				"down": { "uv": [ 2, 14, 9, 13 ], "texture": "#feather" },
				"up": { "uv": [ 2, 13, 9, 14 ], "texture": "#feather" },
				"north": { "uv": [ 9, 13, 2, 14 ], "texture": "#feather" },
				"south": { "uv": [ 2, 13, 9, 14 ], "texture": "#feather" },
				"west": { "uv": [ 2, 13, 3, 14 ], "texture": "#feather", "rotation": 270 },
				"east": { "uv": [ 9, 14, 8, 13 ], "texture": "#feather", "rotation": 270 }
			}
		},
		{
			"__comment": "Box2",
			"from": [ 2.5, 2.5, 10.5 ],
			"to": [ 11.5, 2.75, 11.5 ],
			"faces": {
				"down": { "uv": [ 3, 12, 12, 11 ], "texture": "#feather" },
				"up": { "uv": [ 3, 11, 12, 12 ], "texture": "#feather" },
				"north": { "uv": [ 12, 11, 3, 12 ], "texture": "#feather" },
				"south": { "uv": [ 3, 11, 12, 12 ], "texture": "#feather" },
				"west": { "uv": [ 3, 11, 4, 12 ], "texture": "#feather", "rotation": 270 },
				"east": { "uv": [ 12, 12, 11, 11 ], "texture": "#feather", "rotation": 270 }
			}
		},
		{
			"__comment": "Box3",
			"from": [ 3.5, 2.5, 11.5 ],
			"to": [ 9.5, 2.75, 12.5 ],
			"faces": {
				"down": { "uv": [ 4, 13, 10, 12 ], "texture": "#feather" },
				"up": { "uv": [ 4, 12, 10, 13 ], "texture": "#feather" },
				"north": { "uv": [ 10, 12, 4, 13 ], "texture": "#feather" },
				"south": { "uv": [ 4, 12, 10, 13 ], "texture": "#feather" },
				"west": { "uv": [ 4, 12, 5, 13 ], "texture": "#feather", "rotation": 270 },
				"east": { "uv": [ 10, 13, 9, 12 ], "texture": "#feather", "rotation": 270 }
			}
		},
		{
			"__comment": "Box4",
			"from": [ 4.5, 2.5, 8.5 ],
			"to": [ 12.5, 2.75, 9.5 ],
			"faces": {
				"down": { "uv": [ 5, 10, 13, 9 ], "texture": "#feather" },
				"up": { "uv": [ 5, 9, 13, 10 ], "texture": "#feather" },
				"north": { "uv": [ 13, 9, 5, 10 ], "texture": "#feather" },
				"south": { "uv": [ 5, 9, 13, 10 ], "texture": "#feather" },
				"west": { "uv": [ 5, 9, 6, 10 ], "texture": "#feather", "rotation": 270 },
				"east": { "uv": [ 13, 10, 12, 9 ], "texture": "#feather", "rotation": 270 }
			}
		},
		{
			"__comment": "Box5",
			"from": [ 4.5, 2.5, 9.5 ],
			"to": [ 10.5, 2.75, 10.5 ],
			"faces": {
				"down": { "uv": [ 5, 11, 11, 10 ], "texture": "#feather" },
				"up": { "uv": [ 5, 10, 11, 11 ], "texture": "#feather" },
				"north": { "uv": [ 11, 10, 5, 11 ], "texture": "#feather" },
				"south": { "uv": [ 5, 10, 11, 11 ], "texture": "#feather" },
				"west": { "uv": [ 5, 10, 6, 11 ], "texture": "#feather", "rotation": 270 },
				"east": { "uv": [ 11, 11, 10, 10 ], "texture": "#feather", "rotation": 270 }
			}
		},
		{
			"__comment": "Box6",
			"from": [ 4.5, 2.5, 13.5 ],
			"to": [ 6.5, 2.75, 14.5 ],
			"faces": {
				"down": { "uv": [ 5, 15, 7, 14 ], "texture": "#feather" },
				"up": { "uv": [ 5, 14, 7, 15 ], "texture": "#feather" },
				"north": { "uv": [ 7, 14, 5, 15 ], "texture": "#feather" },
				"south": { "uv": [ 5, 14, 7, 15 ], "texture": "#feather" },
				"west": { "uv": [ 5, 14, 6, 15 ], "texture": "#feather", "rotation": 270 },
				"east": { "uv": [ 7, 15, 6, 14 ], "texture": "#feather", "rotation": 270 }
			}
		},
		{
			"__comment": "Box7",
			"from": [ 5.5, 2.5, 7.5 ],
			"to": [ 6.5, 2.75, 8.5 ],
			"faces": {
				"down": { "uv": [ 6, 9, 7, 8 ], "texture": "#feather" },
				"up": { "uv": [ 6, 8, 7, 9 ], "texture": "#feather" },
				"north": { "uv": [ 7, 8, 6, 9 ], "texture": "#feather" },
				"south": { "uv": [ 6, 8, 7, 9 ], "texture": "#feather" },
				"west": { "uv": [ 6, 8, 7, 9 ], "texture": "#feather", "rotation": 270 },
				"east": { "uv": [ 7, 9, 6, 8 ], "texture": "#feather", "rotation": 270 }
			}
		},
		{
			"__comment": "Box8",
			"from": [ 7.5, 2.5, 6.5 ],
			"to": [ 12.5, 2.75, 8.5 ],
			"faces": {
				"down": { "uv": [ 8, 9, 13, 7 ], "texture": "#feather" },
				"up": { "uv": [ 8, 7, 13, 9 ], "texture": "#feather" },
				"north": { "uv": [ 13, 7, 8, 8 ], "texture": "#feather" },
				"south": { "uv": [ 8, 8, 13, 9 ], "texture": "#feather" },
				"west": { "uv": [ 8, 7, 9, 9 ], "texture": "#feather", "rotation": 270 },
				"east": { "uv": [ 13, 9, 12, 7 ], "texture": "#feather", "rotation": 270 }
			}
		},
		{
			"__comment": "Box9",
			"from": [ 9.5, 2.5, 4.5 ],
			"to": [ 14.5, 2.75, 5.5 ],
			"faces": {
				"down": { "uv": [ 10, 6, 15, 5 ], "texture": "#feather" },
				"up": { "uv": [ 10, 5, 15, 6 ], "texture": "#feather" },
				"north": { "uv": [ 15, 5, 10, 6 ], "texture": "#feather" },
				"south": { "uv": [ 10, 5, 15, 6 ], "texture": "#feather" },
				"west": { "uv": [ 10, 5, 11, 6 ], "texture": "#feather", "rotation": 270 },
				"east": { "uv": [ 15, 6, 14, 5 ], "texture": "#feather", "rotation": 270 }
			}
		},
		{
			"__comment": "Box10",
			"from": [ 9.5, 2.5, 5.5 ],
			"to": [ 13.5, 2.75, 6.5 ],
			"faces": {
				"down": { "uv": [ 10, 7, 14, 6 ], "texture": "#feather" },
				"up": { "uv": [ 10, 6, 14, 7 ], "texture": "#feather" },
				"north": { "uv": [ 14, 6, 10, 7 ], "texture": "#feather" },
				"south": { "uv": [ 10, 6, 14, 7 ], "texture": "#feather" },
				"west": { "uv": [ 10, 6, 11, 7 ], "texture": "#feather", "rotation": 270 },
				"east": { "uv": [ 14, 7, 13, 6 ], "texture": "#feather", "rotation": 270 }
			}
		},
		{
			"__comment": "Box11",
			"from": [ 10.5, 2.5, 3.5 ],
			"to": [ 13.5, 2.75, 4.5 ],
			"faces": {
				"down": { "uv": [ 11, 5, 14, 4 ], "texture": "#feather" },
				"up": { "uv": [ 11, 4, 14, 5 ], "texture": "#feather" },
				"north": { "uv": [ 14, 4, 11, 5 ], "texture": "#feather" },
				"south": { "uv": [ 11, 4, 14, 5 ], "texture": "#feather" },
				"west": { "uv": [ 11, 4, 12, 5 ], "texture": "#feather", "rotation": 270 },
				"east": { "uv": [ 14, 5, 13, 4 ], "texture": "#feather", "rotation": 270 }
			}
		},
		{
			"__comment": "Box12",
			"from": [ 11.5, 2.5, 1.5 ],
			"to": [ 12.5, 2.75, 3.5 ],
			"faces": {
				"down": { "uv": [ 12, 4, 13, 2 ], "texture": "#feather" },
				"up": { "uv": [ 12, 2, 13, 4 ], "texture": "#feather" },
				"north": { "uv": [ 13, 2, 12, 3 ], "texture": "#feather" },
				"south": { "uv": [ 12, 3, 13, 4 ], "texture": "#feather" },
				"west": { "uv": [ 12, 2, 13, 4 ], "texture": "#feather", "rotation": 270 },
				"east": { "uv": [ 13, 4, 12, 2 ], "texture": "#feather", "rotation": 270 }
			}
		},
		{
			"__comment": "Box13",
			"from": [ 12.5, 2.5, 2.5 ],
			"to": [ 13.5, 2.75, 3.5 ],
			"faces": {
				"down": { "uv": [ 13, 4, 14, 3 ], "texture": "#feather" },
				"up": { "uv": [ 13, 3, 14, 4 ], "texture": "#feather" },
				"north": { "uv": [ 14, 3, 13, 4 ], "texture": "#feather" },
				"south": { "uv": [ 13, 3, 14, 4 ], "texture": "#feather" },
				"west": { "uv": [ 13, 3, 14, 4 ], "texture": "#feather", "rotation": 270 },
				"east": { "uv": [ 14, 4, 13, 3 ], "texture": "#feather", "rotation": 270 }
			}
		},
		{
			"__comment": "Box14",
			"from": [ 12.5, 2.5, 7.5 ],
			"to": [ 13.5, 2.75, 8.5 ],
			"faces": {
				"down": { "uv": [ 13, 9, 14, 8 ], "texture": "#feather" },
				"up": { "uv": [ 13, 8, 14, 9 ], "texture": "#feather" },
				"north": { "uv": [ 14, 8, 13, 9 ], "texture": "#feather" },
				"south": { "uv": [ 13, 8, 14, 9 ], "texture": "#feather" },
				"west": { "uv": [ 13, 8, 14, 9 ], "texture": "#feather", "rotation": 270 },
				"east": { "uv": [ 14, 9, 13, 8 ], "texture": "#feather", "rotation": 270 }
			}
		},
		{
			"__comment": "Box15",
			"from": [ 0, 0, 0 ],
			"to": [ 16, 2, 16 ],
			"faces": {
				"down": { "uv": [ 0, 0, 16, 16 ], "texture": "#texture" },
				"up": { "uv": [ 0, 0, 16, 16 ], "texture": "#texture" },
				"north": { "uv": [ 0, 14, 16, 16 ], "texture": "#texture" },
				"south": { "uv": [ 0, 14, 16, 16 ], "texture": "#texture" },
				"west": { "uv": [ 0, 14, 16, 16 ], "texture": "#texture" },
				"east": { "uv": [ 0, 14, 16, 16 ], "texture": "#texture" }
			}
		},
		{
			"__comment": "Box16",
			"from": [ 1, 2, 1 ],
			"to": [ 15, 2.5, 15 ],
			"faces": {
				"up": { "uv": [ 1, 1, 15, 15 ], "texture": "#texture1" },
				"north": { "uv": [ 1, 13.5, 15, 14 ], "texture": "#texture1" },
				"south": { "uv": [ 1, 13.5, 15, 14 ], "texture": "#texture1" },
				"west": { "uv": [ 1, 13.5, 15, 14 ], "texture": "#texture1" },
				"east": { "uv": [ 1, 13.5, 15, 14 ], "texture": "#texture1" }
			}
		}
	],
	"display": {
		"thirdperson_righthand": {
			"rotation":  [ 75, 45, 0 ],
			"translation":  [ 0, 2.5, 0 ],
			"scale":  [ 0.375, 0.375, 0.375 ]
		},
		"thirdperson_lefthand": {
			"rotation":  [ 75, 45, 0 ],
			"translation":  [ 0, 2.5, 0 ],
			"scale":  [ 0.375, 0.375, 0.375 ]
		},
		"firstperson_righthand": {
			"rotation":  [ 0, -45, 0 ],
			"translation":  [ 0, 4.1739, 0 ],
			"scale":  [ 0.4, 0.4, 0.4 ]
		},
		"firstperson_lefthand": {
			"rotation":  [ 0, -45, 0 ],
			"translation":  [ 0, 4.1739, 0 ],
			"scale":  [ 0.4, 0.4, 0.4 ]
		},
		"gui": {
			"rotation":  [ 30, -25, 0 ],
			"scale":  [ 0.625, 0.625, 0.625 ]
		},
		"ground": {
			"translation":  [ 0, 3, 0 ],
			"scale":  [ 0.25, 0.25, 0.25 ]
		},
		"fixed": {
			"rotation":  [ -90, 90, 0 ],
			"translation":  [ 0, 0, -6.26 ]
		}
	}
}