{
	"__comment": "Designed by Nick1701 with Cubik Studio - https://cubik.studio",
	"textures": {
		"particle": "blocks/e_particle",
		"texture": "block/gold_block",
		"texture1": "block/diamond_block"
	},
	"elements": [ 	 
		{
			"__comment": "Box1",
			"from": [ 6, 0, -2 ],
			"to": [ 10, 1, -1 ],
			"faces": {
				"down": { "uv": [ 6, 1, 10, 2 ], "texture": "#texture" },
				"up": { "uv": [ 6, 14, 10, 15 ], "texture": "#texture" },
				"north": { "uv": [ 6, 15, 10, 16 ], "texture": "#texture" },
				"south": { "uv": [ 6, 15, 10, 16 ], "texture": "#texture" },
				"west": { "uv": [ 14, 15, 15, 16 ], "texture": "#texture" },
				"east": { "uv": [ 1, 15, 2, 16 ], "texture": "#texture" }
			}
		},
		{
			"__comment": "Box2",
			"from": [ 5, 1, -2 ],
			"to": [ 6, 5, -1 ],
			"faces": {
				"down": { "uv": [ 5, 1, 6, 2 ], "texture": "#texture" },
				"up": { "uv": [ 5, 14, 6, 15 ], "texture": "#texture" },
				"north": { "uv": [ 10, 11, 11, 15 ], "texture": "#texture" },
				"south": { "uv": [ 5, 11, 6, 15 ], "texture": "#texture" },
				"west": { "uv": [ 14, 11, 15, 15 ], "texture": "#texture" },
				"east": { "uv": [ 1, 11, 2, 15 ], "texture": "#texture" }
			}
		},
		{
			"__comment": "Box3",
			"from": [ 10, 1, -2 ],
			"to": [ 11, 5, -1 ],
			"faces": {
				"down": { "uv": [ 10, 1, 11, 2 ], "texture": "#texture" },
				"up": { "uv": [ 10, 14, 11, 15 ], "texture": "#texture" },
				"north": { "uv": [ 5, 11, 6, 15 ], "texture": "#texture" },
				"south": { "uv": [ 10, 11, 11, 15 ], "texture": "#texture" },
				"west": { "uv": [ 14, 11, 15, 15 ], "texture": "#texture" },
				"east": { "uv": [ 1, 11, 2, 15 ], "texture": "#texture" }
			}
		},
		{
			"__comment": "Box4",
			"from": [ 6, 5, -2 ],
			"to": [ 10, 5.5, -1 ],
			"faces": {
				"down": { "uv": [ 6, 1, 10, 2 ], "texture": "#texture" },
				"up": { "uv": [ 6, 14, 10, 15 ], "texture": "#texture" },
				"north": { "uv": [ 6, 10.5, 10, 11 ], "texture": "#texture" },
				"south": { "uv": [ 6, 10.5, 10, 11 ], "texture": "#texture" },
				"west": { "uv": [ 14, 10.5, 15, 11 ], "texture": "#texture" },
				"east": { "uv": [ 1, 10.5, 2, 11 ], "texture": "#texture" }
			}
		},
		{
			"__comment": "Box5",
			"from": [ 6, 5.5, -2 ],
			"to": [ 7.25, 6, -1 ],
			"faces": {
				"down": { "uv": [ 6, 1, 7.25, 2 ], "texture": "#texture" },
				"up": { "uv": [ 6, 14, 7.25, 15 ], "texture": "#texture" },
				"north": { "uv": [ 8.75, 10, 10, 10.5 ], "texture": "#texture" },
				"south": { "uv": [ 6, 10, 7.25, 10.5 ], "texture": "#texture" },
				"west": { "uv": [ 14, 10, 15, 10.5 ], "texture": "#texture" },
				"east": { "uv": [ 1, 10, 2, 10.5 ], "texture": "#texture" }
			}
		},
		{
			"__comment": "Box6",
			"from": [ 8.75, 5.5, -2 ],
			"to": [ 10, 6, -1 ],
			"faces": {
				"down": { "uv": [ 8.75, 1, 10, 2 ], "texture": "#texture" },
				"up": { "uv": [ 8.75, 14, 10, 15 ], "texture": "#texture" },
				"north": { "uv": [ 6, 10, 7.25, 10.5 ], "texture": "#texture" },
				"south": { "uv": [ 8.75, 10, 10, 10.5 ], "texture": "#texture" },
				"west": { "uv": [ 14, 10, 15, 10.5 ], "texture": "#texture" },
				"east": { "uv": [ 1, 10, 2, 10.5 ], "texture": "#texture" }
			}
		},
		{
			"__comment": "Box7",
			"from": [ 7.25, 5.5, -2 ],
			"to": [ 8.75, 6.25, -1 ],
			"faces": {
				"down": { "uv": [ 7.25, 1, 8.75, 2 ], "texture": "#texture1" },
				"up": { "uv": [ 7.25, 14, 8.75, 15 ], "texture": "#texture1" },
				"north": { "uv": [ 7.25, 9.75, 8.75, 10.5 ], "texture": "#texture1" },
				"south": { "uv": [ 7.25, 9.75, 8.75, 10.5 ], "texture": "#texture1" },
				"west": { "uv": [ 14, 9.75, 15, 10.5 ], "texture": "#texture1" },
				"east": { "uv": [ 1, 9.75, 2, 10.5 ], "texture": "#texture1" }
			}
		},
		{
			"__comment": "Box8",
			"from": [ 6.75, 6.25, -2.5 ],
			"to": [ 9.25, 6.75, -0.25 ],
			"faces": {
				"down": { "uv": [ 6.75, 0.25, 9.25, 2.5 ], "texture": "#texture1" },
				"up": { "uv": [ 6.75, 13.5, 9.25, 15.75 ], "texture": "#texture1" },
				"north": { "uv": [ 6.75, 9.25, 9.25, 9.75 ], "texture": "#texture1" },
				"south": { "uv": [ 6.75, 9.25, 9.25, 9.75 ], "texture": "#texture1" },
				"west": { "uv": [ 13.5, 9.25, 15.75, 9.75 ], "texture": "#texture1" },
				"east": { "uv": [ 0.25, 9.25, 2.5, 9.75 ], "texture": "#texture1" }
			}
		},
		{
			"__comment": "Box9",
			"from": [ 7.25, 6.75, -2 ],
			"to": [ 8.75, 7.25, -1 ],
			"faces": {
				"down": { "uv": [ 7.25, 1, 8.75, 2 ], "texture": "#texture1" },
				"up": { "uv": [ 7.25, 14, 8.75, 15 ], "texture": "#texture1" },
				"north": { "uv": [ 7.25, 8.75, 8.75, 9.25 ], "texture": "#texture1" },
				"south": { "uv": [ 7.25, 8.75, 8.75, 9.25 ], "texture": "#texture1" },
				"west": { "uv": [ 14, 8.75, 15, 9.25 ], "texture": "#texture1" },
				"east": { "uv": [ 1, 8.75, 2, 9.25 ], "texture": "#texture1" }
			}
		},
		{
			"__comment": "Box10",
			"from": [ 6, 1, -2 ],
			"to": [ 7, 2, -1 ],
			"faces": {
				"down": { "uv": [ 6, 1, 7, 2 ], "texture": "#texture" },
				"up": { "uv": [ 6, 14, 7, 15 ], "texture": "#texture" },
				"north": { "uv": [ 9, 14, 10, 15 ], "texture": "#texture" },
				"south": { "uv": [ 6, 14, 7, 15 ], "texture": "#texture" },
				"west": { "uv": [ 14, 14, 15, 15 ], "texture": "#texture" },
				"east": { "uv": [ 1, 14, 2, 15 ], "texture": "#texture" }
			}
		},
		{
			"__comment": "Box11",
			"from": [ 9, 1, -2 ],
			"to": [ 10, 2, -1 ],
			"faces": {
				"down": { "uv": [ 9, 1, 10, 2 ], "texture": "#texture" },
				"up": { "uv": [ 9, 14, 10, 15 ], "texture": "#texture" },
				"north": { "uv": [ 6, 14, 7, 15 ], "texture": "#texture" },
				"south": { "uv": [ 9, 14, 10, 15 ], "texture": "#texture" },
				"west": { "uv": [ 14, 14, 15, 15 ], "texture": "#texture" },
				"east": { "uv": [ 1, 14, 2, 15 ], "texture": "#texture" }
			}
		},
		{
			"__comment": "Box12",
			"from": [ 6, 4, -2 ],
			"to": [ 7, 5, -1 ],
			"faces": {
				"down": { "uv": [ 6, 1, 7, 2 ], "texture": "#texture" },
				"up": { "uv": [ 6, 14, 7, 15 ], "texture": "#texture" },
				"north": { "uv": [ 9, 11, 10, 12 ], "texture": "#texture" },
				"south": { "uv": [ 6, 11, 7, 12 ], "texture": "#texture" },
				"west": { "uv": [ 14, 11, 15, 12 ], "texture": "#texture" },
				"east": { "uv": [ 1, 11, 2, 12 ], "texture": "#texture" }
			}
		},
		{
			"__comment": "Box13",
			"from": [ 9, 4, -2 ],
			"to": [ 10, 5, -1 ],
			"faces": {
				"down": { "uv": [ 9, 1, 10, 2 ], "texture": "#texture" },
				"up": { "uv": [ 9, 14, 10, 15 ], "texture": "#texture" },
				"north": { "uv": [ 6, 11, 7, 12 ], "texture": "#texture" },
				"south": { "uv": [ 9, 11, 10, 12 ], "texture": "#texture" },
				"west": { "uv": [ 14, 11, 15, 12 ], "texture": "#texture" },
				"east": { "uv": [ 1, 11, 2, 12 ], "texture": "#texture" }
			}
		}
	],
	"display": {
		"thirdperson_righthand": {
			"translation":  [ 0, 3, 10.434 ]
		},
		"thirdperson_lefthand": {
			"translation":  [ 0, 3, 10.434 ]
		},
		"firstperson_righthand": {
			"rotation":  [ 0, -85, -3 ],
			"translation":  [ -1.652, 3.8959, -5.825 ]
		},
		"firstperson_lefthand": {
			"rotation":  [ 0, -85, -3 ],
			"translation":  [ -1.652, 3.8959, -5.825 ]
		},
		"gui": {
			"rotation":  [ 30, 225, 0 ],
			"translation":  [ -9.738, 10.434, 0 ],
			"scale":  [ 1.4, 1.4, 1.4 ]
		},
		"ground": {
			"translation":  [ 0, 2, 5 ],
			"scale":  [ 0.5, 0.5, 0.5 ]
		}
	}
}