{
	"__comment": "Designed by Nick1701 with Cubik Studio - https://cubik.studio",
	"textures": {
		"particle": "blocks/e_particle",
		"texture": "block/iron_block",
		"texture1": "block/gold_block",
		"texture2": "block/diamond_block",
		"texture3": "block/sea_lantern"
	},
	"elements": [ 	 
		{
			"__comment": "Box1",
			"from": [ 7.25, 3, 7.25 ],
			"to": [ 8.75, 16, 8.75 ],
			"faces": {
				"north": { "uv": [ 8.75, 0, 7.25, 13 ], "texture": "#texture" },
				"south": { "uv": [ 7.25, 0, 8.75, 13 ], "texture": "#texture" },
				"west": { "uv": [ 7.25, 0, 8.75, 13 ], "texture": "#texture" },
				"east": { "uv": [ 8.75, 0, 7.25, 13 ], "texture": "#texture" }
			}
		},
		{
			"__comment": "Box2",
			"from": [ 6.75, 2.5, 6.75 ],
			"to": [ 9.25, 3, 9.25 ],
			"faces": {
				"down": { "uv": [ 6.75, 6.75, 9.25, 9.25 ], "texture": "#texture" },
				"up": { "uv": [ 6.75, 6.75, 9.25, 9.25 ], "texture": "#texture" },
				"north": { "uv": [ 6.75, 13, 9.25, 13.5 ], "texture": "#texture" },
				"south": { "uv": [ 6.75, 13, 9.25, 13.5 ], "texture": "#texture" },
				"west": { "uv": [ 6.75, 13, 9.25, 13.5 ], "texture": "#texture" },
				"east": { "uv": [ 6.75, 13, 9.25, 13.5 ], "texture": "#texture" }
			}
		},
		{
			"__comment": "Box3",
			"from": [ 6.5, 2, 7.25 ],
			"to": [ 7.25, 2.5, 8.75 ],
			"faces": {
				"down": { "uv": [ 6.5, 7.25, 7.25, 8.75 ], "texture": "#texture" },
				"up": { "uv": [ 6.5, 7.25, 7.25, 8.75 ], "texture": "#texture" },
				"north": { "uv": [ 8.75, 13.5, 9.5, 14 ], "texture": "#texture" },
				"south": { "uv": [ 6.5, 13.5, 7.25, 14 ], "texture": "#texture" },
				"west": { "uv": [ 7.25, 13.5, 8.75, 14 ], "texture": "#texture" },
				"east": { "uv": [ 7.25, 13.5, 8.75, 14 ], "texture": "#texture" }
			}
		},
		{
			"__comment": "Box3",
			"from": [ 8.75, 2, 7.25 ],
			"to": [ 9.5, 2.5, 8.75 ],
			"faces": {
				"down": { "uv": [ 6.5, 7.25, 7.25, 8.75 ], "texture": "#texture" },
				"up": { "uv": [ 6.5, 7.25, 7.25, 8.75 ], "texture": "#texture" },
				"north": { "uv": [ 8.75, 13.5, 9.5, 14.25 ], "texture": "#texture" },
				"south": { "uv": [ 6.5, 13.5, 7.25, 14.25 ], "texture": "#texture" },
				"west": { "uv": [ 7.25, 13.5, 8.75, 14.25 ], "texture": "#texture" },
				"east": { "uv": [ 7.25, 13.5, 8.75, 14.25 ], "texture": "#texture" }
			}
		},
		{
			"__comment": "Box5",
			"from": [ 6.25, 1.5, 7.5 ],
			"to": [ 6.75, 2, 8.5 ],
			"faces": {
				"down": { "uv": [ 6.25, 7.5, 6.75, 8.5 ], "texture": "#texture" },
				"up": { "uv": [ 6.25, 7.5, 6.75, 8.5 ], "texture": "#texture" },
				"north": { "uv": [ 9.25, 14, 9.75, 14.5 ], "texture": "#texture" },
				"south": { "uv": [ 6.25, 14, 6.75, 14.5 ], "texture": "#texture" },
				"west": { "uv": [ 7.5, 14, 8.5, 14.5 ], "texture": "#texture" },
				"east": { "uv": [ 7.5, 14, 8.5, 14.5 ], "texture": "#texture" }
			}
		},
		{
			"__comment": "Box6",
			"from": [ 7.25, 2.25, 7 ],
			"to": [ 8.75, 2.5, 9 ],
			"faces": {
				"down": { "uv": [ 7.25, 7, 8.75, 9 ], "texture": "#texture" },
				"north": { "uv": [ 7.25, 13.5, 8.75, 13.75 ], "texture": "#texture" },
				"south": { "uv": [ 7.25, 13.5, 8.75, 13.75 ], "texture": "#texture" },
				"west": { "uv": [ 7, 13.5, 9, 13.75 ], "texture": "#texture" },
				"east": { "uv": [ 7, 13.5, 9, 13.75 ], "texture": "#texture" }
			}
		},
		{
			"__comment": "Box5",
			"from": [ 9.25, 1.5, 7.5 ],
			"to": [ 9.75, 2, 8.5 ],
			"faces": {
				"down": { "uv": [ 6.25, 7.5, 6.75, 8.5 ], "texture": "#texture" },
				"up": { "uv": [ 6.25, 7.5, 6.75, 8.5 ], "texture": "#texture" },
				"north": { "uv": [ 9.25, 14, 9.75, 14.5 ], "texture": "#texture" },
				"south": { "uv": [ 6.25, 14, 6.75, 14.5 ], "texture": "#texture" },
				"west": { "uv": [ 7.5, 14, 8.5, 14.5 ], "texture": "#texture" },
				"east": { "uv": [ 7.5, 14, 8.5, 14.5 ], "texture": "#texture" }
			}
		},
		{
			"__comment": "Box8",
			"from": [ 6.25, 1.25, 7.75 ],
			"to": [ 6.5, 1.5, 8.25 ],
			"faces": {
				"down": { "uv": [ 6.25, 7.75, 6.5, 8.25 ], "texture": "#texture" },
				"north": { "uv": [ 9.5, 14.5, 9.75, 14.75 ], "texture": "#texture" },
				"south": { "uv": [ 6.25, 14.5, 6.5, 14.75 ], "texture": "#texture" },
				"west": { "uv": [ 7.75, 14.5, 8.25, 14.75 ], "texture": "#texture" },
				"east": { "uv": [ 7.75, 14.5, 8.25, 14.75 ], "texture": "#texture" }
			}
		},
		{
			"__comment": "Box8",
			"from": [ 9.5, 1.25, 7.75 ],
			"to": [ 9.75, 1.5, 8.25 ],
			"faces": {
				"down": { "uv": [ 6.25, 7.75, 6.5, 8.25 ], "texture": "#texture" },
				"north": { "uv": [ 9.5, 14.5, 9.75, 14.75 ], "texture": "#texture" },
				"south": { "uv": [ 6.25, 14.5, 6.5, 14.75 ], "texture": "#texture" },
				"west": { "uv": [ 7.75, 14.5, 8.25, 14.75 ], "texture": "#texture" },
				"east": { "uv": [ 7.75, 14.5, 8.25, 14.75 ], "texture": "#texture" }
			}
		},
		{
			"__comment": "Box1",
			"from": [ 7.25, 16, 7.25 ],
			"to": [ 8.75, 20, 8.75 ],
			"faces": {
				"north": { "uv": [ 7.25, 12, 8.75, 16 ], "texture": "#texture" },
				"south": { "uv": [ 7.25, 12, 8.75, 16 ], "texture": "#texture" },
				"west": { "uv": [ 7.25, 12, 8.75, 16 ], "texture": "#texture" },
				"east": { "uv": [ 7.25, 12, 8.75, 16 ], "texture": "#texture" }
			}
		},
		{
			"__comment": "Box28",
			"from": [ 6.5, 22, 7 ],
			"to": [ 9.5, 23, 9 ],
			"faces": {
				"down": { "uv": [ 6.5, 7, 9.5, 9 ], "texture": "#texture1" },
				"up": { "uv": [ 6.5, 7, 9.5, 9 ], "texture": "#texture1" },
				"north": { "uv": [ 6.5, 9, 9.5, 10 ], "texture": "#texture1" },
				"south": { "uv": [ 6.5, 9, 9.5, 10 ], "texture": "#texture1" },
				"west": { "uv": [ 7, 9, 9, 10 ], "texture": "#texture1" },
				"east": { "uv": [ 7, 9, 9, 10 ], "texture": "#texture1" }
			}
		},
		{
			"__comment": "Box29",
			"from": [ 6, 23, 7.5 ],
			"to": [ 7, 23.5, 8.5 ],
			"faces": {
				"down": { "uv": [ 6, 7.5, 7, 8.5 ], "texture": "#texture1" },
				"up": { "uv": [ 6, 7.5, 7, 8.5 ], "texture": "#texture1" },
				"north": { "uv": [ 9, 8.5, 10, 9 ], "texture": "#texture1" },
				"south": { "uv": [ 6, 8.5, 7, 9 ], "texture": "#texture1" },
				"west": { "uv": [ 7.5, 8.5, 8.5, 9 ], "texture": "#texture1" },
				"east": { "uv": [ 7.5, 8.5, 8.5, 9 ], "texture": "#texture1" }
			}
		},
		{
			"__comment": "Box30",
			"from": [ 9, 23, 7.5 ],
			"to": [ 10, 23.5, 8.5 ],
			"faces": {
				"down": { "uv": [ 9, 7.5, 10, 8.5 ], "texture": "#texture1" },
				"up": { "uv": [ 9, 7.5, 10, 8.5 ], "texture": "#texture1" },
				"north": { "uv": [ 6, 8.5, 7, 9 ], "texture": "#texture1" },
				"south": { "uv": [ 9, 8.5, 10, 9 ], "texture": "#texture1" },
				"west": { "uv": [ 7.5, 8.5, 8.5, 9 ], "texture": "#texture1" },
				"east": { "uv": [ 7.5, 8.5, 8.5, 9 ], "texture": "#texture1" }
			}
		},
		{
			"__comment": "Box31",
			"from": [ 4.5, 24, 7.75 ],
			"to": [ 6, 24.25, 8.25 ],
			"faces": {
				"down": { "uv": [ 4.5, 7.75, 6, 8.25 ], "texture": "#texture1" },
				"up": { "uv": [ 4.5, 7.75, 6, 8.25 ], "texture": "#texture1" },
				"north": { "uv": [ 10, 7.75, 11.5, 8 ], "texture": "#texture1" },
				"south": { "uv": [ 4.5, 7.75, 6, 8 ], "texture": "#texture1" },
				"west": { "uv": [ 7.75, 7.75, 8.25, 8 ], "texture": "#texture1" },
				"east": { "uv": [ 7.75, 7.75, 8.25, 8 ], "texture": "#texture1" }
			}
		},
		{
			"__comment": "Box32",
			"from": [ 10, 24, 7.75 ],
			"to": [ 11.5, 24.25, 8.25 ],
			"faces": {
				"down": { "uv": [ 10, 7.75, 11.5, 8.25 ], "texture": "#texture1" },
				"up": { "uv": [ 10, 7.75, 11.5, 8.25 ], "texture": "#texture1" },
				"north": { "uv": [ 4.5, 7.75, 6, 8 ], "texture": "#texture1" },
				"south": { "uv": [ 10, 7.75, 11.5, 8 ], "texture": "#texture1" },
				"west": { "uv": [ 7.75, 7.75, 8.25, 8 ], "texture": "#texture1" },
				"east": { "uv": [ 7.75, 7.75, 8.25, 8 ], "texture": "#texture1" }
			}
		},
		{
			"__comment": "Box33",
			"from": [ 5, 24.25, 7.75 ],
			"to": [ 5.75, 24.75, 8.25 ],
			"faces": {
				"down": { "uv": [ 5, 7.75, 5.75, 8.25 ], "texture": "#texture1" },
				"up": { "uv": [ 5, 7.75, 5.75, 8.25 ], "texture": "#texture1" },
				"north": { "uv": [ 10.25, 7.25, 11, 7.75 ], "texture": "#texture1" },
				"south": { "uv": [ 5, 7.25, 5.75, 7.75 ], "texture": "#texture1" },
				"west": { "uv": [ 7.75, 7.25, 8.25, 7.75 ], "texture": "#texture1" },
				"east": { "uv": [ 7.75, 7.25, 8.25, 7.75 ], "texture": "#texture1" }
			}
		},
		{
			"__comment": "Box34",
			"from": [ 10.25, 24.25, 7.75 ],
			"to": [ 11, 24.75, 8.25 ],
			"faces": {
				"down": { "uv": [ 10.25, 7.75, 11, 8.25 ], "texture": "#texture1" },
				"up": { "uv": [ 10.25, 7.75, 11, 8.25 ], "texture": "#texture1" },
				"north": { "uv": [ 5, 7.25, 5.75, 7.75 ], "texture": "#texture1" },
				"south": { "uv": [ 10.25, 7.25, 11, 7.75 ], "texture": "#texture1" },
				"west": { "uv": [ 7.75, 7.25, 8.25, 7.75 ], "texture": "#texture1" },
				"east": { "uv": [ 7.75, 7.25, 8.25, 7.75 ], "texture": "#texture1" }
			}
		},
		{
			"__comment": "Box35",
			"from": [ 7.5, 23, 7.5 ],
			"to": [ 8.5, 25, 8.5 ],
			"faces": {
				"down": { "uv": [ 7.5, 7.5, 8.5, 8.5 ], "texture": "#texture1" },
				"up": { "uv": [ 7.5, 7.5, 8.5, 8.5 ], "texture": "#texture1" },
				"north": { "uv": [ 7.5, 7, 8.5, 9 ], "texture": "#texture1" },
				"south": { "uv": [ 7.5, 7, 8.5, 9 ], "texture": "#texture1" },
				"west": { "uv": [ 7.5, 7, 8.5, 9 ], "texture": "#texture1" },
				"east": { "uv": [ 7.5, 7, 8.5, 9 ], "texture": "#texture1" }
			}
		},
		{
			"__comment": "Box36",
			"from": [ 7.25, 25, 7.25 ],
			"to": [ 8.75, 28.25, 8.75 ],
			"faces": {
				"down": { "uv": [ 7.25, 7.25, 8.75, 8.75 ], "texture": "#texture2" },
				"up": { "uv": [ 7.25, 7.25, 8.75, 8.75 ], "texture": "#texture2" },
				"north": { "uv": [ 7.25, 3.75, 8.75, 7 ], "texture": "#texture2" },
				"south": { "uv": [ 7.25, 3.75, 8.75, 7 ], "texture": "#texture2" },
				"west": { "uv": [ 7.25, 3.75, 8.75, 7 ], "texture": "#texture2" },
				"east": { "uv": [ 7.25, 3.75, 8.75, 7 ], "texture": "#texture2" }
			}
		},
		{
			"__comment": "Box37",
			"from": [ 7.5, 28.25, 7.5 ],
			"to": [ 8.5, 29.25, 8.5 ],
			"faces": {
				"down": { "uv": [ 7.5, 7.5, 8.5, 8.5 ], "texture": "#texture2" },
				"up": { "uv": [ 7.5, 7.5, 8.5, 8.5 ], "texture": "#texture2" },
				"north": { "uv": [ 7.5, 2.75, 8.5, 3.75 ], "texture": "#texture2" },
				"south": { "uv": [ 7.5, 2.75, 8.5, 3.75 ], "texture": "#texture2" },
				"west": { "uv": [ 7.5, 2.75, 8.5, 3.75 ], "texture": "#texture2" },
				"east": { "uv": [ 7.5, 2.75, 8.5, 3.75 ], "texture": "#texture2" }
			}
		},
		{
			"__comment": "Box38",
			"from": [ 7.75, 29.25, 7.75 ],
			"to": [ 8.25, 29.75, 8.25 ],
			"faces": {
				"down": { "uv": [ 7.75, 7.75, 8.25, 8.25 ], "texture": "#texture2" },
				"up": { "uv": [ 7.75, 7.75, 8.25, 8.25 ], "texture": "#texture2" },
				"north": { "uv": [ 7.75, 2.25, 8.25, 2.75 ], "texture": "#texture2" },
				"south": { "uv": [ 7.75, 2.25, 8.25, 2.75 ], "texture": "#texture2" },
				"west": { "uv": [ 7.75, 2.25, 8.25, 2.75 ], "texture": "#texture2" },
				"east": { "uv": [ 7.75, 2.25, 8.25, 2.75 ], "texture": "#texture2" }
			}
		},
		{
			"__comment": "Box39",
			"from": [ 7.75, 25.5, 8.75 ],
			"to": [ 8.25, 27.5, 9 ],
			"faces": {
				"down": { "uv": [ 7.75, 7, 8.25, 7.25 ], "texture": "#texture2" },
				"up": { "uv": [ 7.75, 8.75, 8.25, 9 ], "texture": "#texture2" },
				"north": { "uv": [ 7.75, 4.5, 8.25, 6.5 ], "texture": "#texture2" },
				"south": { "uv": [ 7.75, 4.5, 8.25, 6.5 ], "texture": "#texture2" },
				"west": { "uv": [ 8.75, 4.5, 9, 6.5 ], "texture": "#texture2" },
				"east": { "uv": [ 7, 4.5, 7.25, 6.5 ], "texture": "#texture2" }
			}
		},
		{
			"__comment": "Box40",
			"from": [ 7.75, 25.5, 7 ],
			"to": [ 8.25, 27.5, 7.25 ],
			"faces": {
				"down": { "uv": [ 7.75, 8.75, 8.25, 9 ], "texture": "#texture2" },
				"up": { "uv": [ 7.75, 7, 8.25, 7.25 ], "texture": "#texture2" },
				"north": { "uv": [ 7.75, 4.5, 8.25, 6.5 ], "texture": "#texture2" },
				"south": { "uv": [ 7.75, 4.5, 8.25, 6.5 ], "texture": "#texture2" },
				"west": { "uv": [ 7, 4.5, 7.25, 6.5 ], "texture": "#texture2" },
				"east": { "uv": [ 8.75, 4.5, 9, 6.5 ], "texture": "#texture2" }
			}
		},
		{
			"__comment": "Box41",
			"from": [ 8.75, 25.5, 7.75 ],
			"to": [ 9, 27.5, 8.25 ],
			"faces": {
				"down": { "uv": [ 8.75, 7.75, 9, 8.25 ], "texture": "#texture2" },
				"up": { "uv": [ 8.75, 7.75, 9, 8.25 ], "texture": "#texture2" },
				"north": { "uv": [ 7, 4.5, 7.25, 6.5 ], "texture": "#texture2" },
				"south": { "uv": [ 8.75, 4.5, 9, 6.5 ], "texture": "#texture2" },
				"west": { "uv": [ 7.75, 4.5, 8.25, 6.5 ], "texture": "#texture2" },
				"east": { "uv": [ 7.75, 4.5, 8.25, 6.5 ], "texture": "#texture2" }
			}
		},
		{
			"__comment": "Box42",
			"from": [ 7, 25.5, 7.75 ],
			"to": [ 7.25, 27.5, 8.25 ],
			"faces": {
				"down": { "uv": [ 7, 7.75, 7.25, 8.25 ], "texture": "#texture2" },
				"up": { "uv": [ 7, 7.75, 7.25, 8.25 ], "texture": "#texture2" },
				"north": { "uv": [ 8.75, 4.5, 9, 6.5 ], "texture": "#texture2" },
				"south": { "uv": [ 7, 4.5, 7.25, 6.5 ], "texture": "#texture2" },
				"west": { "uv": [ 7.75, 4.5, 8.25, 6.5 ], "texture": "#texture2" },
				"east": { "uv": [ 7.75, 4.5, 8.25, 6.5 ], "texture": "#texture2" }
			}
		},
		{
			"__comment": "Box43",
			"from": [ 9.5, 21.5, 7.25 ],
			"to": [ 9.75, 22.5, 8.75 ],
			"faces": {
				"down": { "uv": [ 9.5, 7.25, 9.75, 8.75 ], "texture": "#texture3" },
				"up": { "uv": [ 9.5, 7.25, 9.75, 8.75 ], "texture": "#texture3" },
				"north": { "uv": [ 6.25, 9.5, 6.5, 10.5 ], "texture": "#texture3" },
				"south": { "uv": [ 9.5, 9.5, 9.75, 10.5 ], "texture": "#texture3" },
				"west": { "uv": [ 7.25, 9.5, 8.75, 10.5 ], "texture": "#texture3" },
				"east": { "uv": [ 7.25, 9.5, 8.75, 10.5 ], "texture": "#texture3" }
			}
		},
		{
			"__comment": "Box44",
			"from": [ 9.75, 20.25, 7.5 ],
			"to": [ 10, 21.75, 8.5 ],
			"faces": {
				"down": { "uv": [ 9.75, 7.5, 10, 8.5 ], "texture": "#texture3" },
				"up": { "uv": [ 9.75, 7.5, 10, 8.5 ], "texture": "#texture3" },
				"north": { "uv": [ 6, 8.5, 6.25, 10 ], "texture": "#texture3" },
				"south": { "uv": [ 9.75, 8.5, 10, 10 ], "texture": "#texture3" },
				"west": { "uv": [ 7.5, 8.5, 8.5, 10 ], "texture": "#texture3" },
				"east": { "uv": [ 7.5, 8.5, 8.5, 10 ], "texture": "#texture3" }
			}
		},
		{
			"__comment": "Box45",
			"from": [ 9.5, 19.25, 7.75 ],
			"to": [ 9.75, 20.5, 8.25 ],
			"faces": {
				"down": { "uv": [ 6.25, 7.75, 6.5, 8.25 ], "texture": "#texture3" },
				"up": { "uv": [ 6.25, 7.75, 6.5, 8.25 ], "texture": "#texture3" },
				"north": { "uv": [ 9.5, 9.75, 9.75, 11 ], "texture": "#texture3" },
				"south": { "uv": [ 6.25, 9.75, 6.5, 11 ], "texture": "#texture3" },
				"west": { "uv": [ 7.75, 9.75, 8.25, 11 ], "texture": "#texture3" },
				"east": { "uv": [ 7.75, 9.75, 8.25, 11 ], "texture": "#texture3" }
			}
		},
		{
			"__comment": "Box46",
			"from": [ 9.25, 18.75, 7.75 ],
			"to": [ 9.5, 19.5, 8.25 ],
			"faces": {
				"down": { "uv": [ 9.25, 7.75, 9.5, 8.25 ], "texture": "#texture3" },
				"up": { "uv": [ 9.25, 7.75, 9.5, 8.25 ], "texture": "#texture3" },
				"north": { "uv": [ 6.5, 10.75, 6.75, 11.5 ], "texture": "#texture3" },
				"south": { "uv": [ 9.25, 10.75, 9.5, 11.5 ], "texture": "#texture3" },
				"west": { "uv": [ 7.75, 10.75, 8.25, 11.5 ], "texture": "#texture3" },
				"east": { "uv": [ 7.75, 10.75, 8.25, 11.5 ], "texture": "#texture3" }
			}
		},
		{
			"__comment": "Box47",
			"from": [ 9, 18.5, 7.75 ],
			"to": [ 9.25, 19, 8.25 ],
			"faces": {
				"down": { "uv": [ 9, 7.75, 9.25, 8.25 ], "texture": "#texture3" },
				"up": { "uv": [ 9, 7.75, 9.25, 8.25 ], "texture": "#texture3" },
				"north": { "uv": [ 6.75, 11.25, 7, 11.75 ], "texture": "#texture3" },
				"south": { "uv": [ 9, 11.25, 9.25, 11.75 ], "texture": "#texture3" },
				"west": { "uv": [ 7.75, 11.25, 8.25, 11.75 ], "texture": "#texture3" },
				"east": { "uv": [ 7.75, 11.25, 8.25, 11.75 ], "texture": "#texture3" }
			}
		},
		{
			"__comment": "Box47",
			"from": [ 6.75, 18.5, 7.75 ],
			"to": [ 7, 19, 8.25 ],
			"faces": {
				"down": { "uv": [ 6.75, 7.75, 7, 8.25 ], "texture": "#texture3" },
				"up": { "uv": [ 6.75, 7.75, 7, 8.25 ], "texture": "#texture3" },
				"north": { "uv": [ 9, 11.25, 9.25, 11.75 ], "texture": "#texture3" },
				"south": { "uv": [ 6.75, 11.25, 7, 11.75 ], "texture": "#texture3" },
				"west": { "uv": [ 7.75, 11.25, 8.25, 11.75 ], "texture": "#texture3" },
				"east": { "uv": [ 7.75, 11.25, 8.25, 11.75 ], "texture": "#texture3" }
			}
		},
		{
			"__comment": "Box46",
			"from": [ 6.5, 18.75, 7.75 ],
			"to": [ 6.75, 19.5, 8.25 ],
			"faces": {
				"down": { "uv": [ 6.5, 7.75, 6.75, 8.25 ], "texture": "#texture3" },
				"up": { "uv": [ 6.5, 7.75, 6.75, 8.25 ], "texture": "#texture3" },
				"north": { "uv": [ 9.25, 10.75, 9.5, 11.5 ], "texture": "#texture3" },
				"south": { "uv": [ 6.5, 10.75, 6.75, 11.5 ], "texture": "#texture3" },
				"west": { "uv": [ 7.75, 10.75, 8.25, 11.5 ], "texture": "#texture3" },
				"east": { "uv": [ 7.75, 10.75, 8.25, 11.5 ], "texture": "#texture3" }
			}
		},
		{
			"__comment": "Box45",
			"from": [ 6.25, 19.25, 7.75 ],
			"to": [ 6.5, 20.5, 8.25 ],
			"faces": {
				"down": { "uv": [ 6.25, 7.75, 6.5, 8.25 ], "texture": "#texture3" },
				"up": { "uv": [ 6.25, 7.75, 6.5, 8.25 ], "texture": "#texture3" },
				"north": { "uv": [ 9.5, 9.75, 9.75, 11 ], "texture": "#texture3" },
				"south": { "uv": [ 6.25, 9.75, 6.5, 11 ], "texture": "#texture3" },
				"west": { "uv": [ 7.75, 9.75, 8.25, 11 ], "texture": "#texture3" },
				"east": { "uv": [ 7.75, 9.75, 8.25, 11 ], "texture": "#texture3" }
			}
		},
		{
			"__comment": "Box44",
			"from": [ 6, 20.25, 7.5 ],
			"to": [ 6.25, 21.75, 8.5 ],
			"faces": {
				"down": { "uv": [ 6, 7.5, 6.25, 8.5 ], "texture": "#texture3" },
				"up": { "uv": [ 6, 7.5, 6.25, 8.5 ], "texture": "#texture3" },
				"north": { "uv": [ 9.75, 8.5, 10, 10 ], "texture": "#texture3" },
				"south": { "uv": [ 6, 8.5, 6.25, 10 ], "texture": "#texture3" },
				"west": { "uv": [ 7.5, 8.5, 8.5, 10 ], "texture": "#texture3" },
				"east": { "uv": [ 7.5, 8.5, 8.5, 10 ], "texture": "#texture3" }
			}
		},
		{
			"__comment": "Box43",
			"from": [ 6.25, 21.5, 7.25 ],
			"to": [ 6.5, 22.5, 8.75 ],
			"faces": {
				"down": { "uv": [ 6.25, 7.25, 6.5, 8.75 ], "texture": "#texture3" },
				"up": { "uv": [ 6.25, 7.25, 6.5, 8.75 ], "texture": "#texture3" },
				"north": { "uv": [ 9.5, 9.5, 9.75, 10.5 ], "texture": "#texture3" },
				"south": { "uv": [ 6.25, 9.5, 6.5, 10.5 ], "texture": "#texture3" },
				"west": { "uv": [ 7.25, 9.5, 8.75, 10.5 ], "texture": "#texture3" },
				"east": { "uv": [ 7.25, 9.5, 8.75, 10.5 ], "texture": "#texture3" }
			}
		},
		{
			"__comment": "Box53",
			"from": [ 5.5, 23.5, 7.5 ],
			"to": [ 6.5, 24, 8.5 ],
			"faces": {
				"down": { "uv": [ 5.5, 7.5, 6.5, 8.5 ], "texture": "#texture1" },
				"up": { "uv": [ 5.5, 7.5, 6.5, 8.5 ], "texture": "#texture1" },
				"north": { "uv": [ 9.5, 8, 10.5, 8.5 ], "texture": "#texture1" },
				"south": { "uv": [ 5.5, 8, 6.5, 8.5 ], "texture": "#texture1" },
				"west": { "uv": [ 7.5, 8, 8.5, 8.5 ], "texture": "#texture1" },
				"east": { "uv": [ 7.5, 8, 8.5, 8.5 ], "texture": "#texture1" }
			}
		},
		{
			"__comment": "Box54",
			"from": [ 9.5, 23.5, 7.5 ],
			"to": [ 10.5, 24, 8.5 ],
			"faces": {
				"down": { "uv": [ 9.5, 7.5, 10.5, 8.5 ], "texture": "#texture1" },
				"up": { "uv": [ 9.5, 7.5, 10.5, 8.5 ], "texture": "#texture1" },
				"north": { "uv": [ 5.5, 8, 6.5, 8.5 ], "texture": "#texture1" },
				"south": { "uv": [ 9.5, 8, 10.5, 8.5 ], "texture": "#texture1" },
				"west": { "uv": [ 7.5, 8, 8.5, 8.5 ], "texture": "#texture1" },
				"east": { "uv": [ 7.5, 8, 8.5, 8.5 ], "texture": "#texture1" }
			}
		},
		{
			"__comment": "Box55",
			"from": [ 7.25, 20, 7.25 ],
			"to": [ 8.75, 22, 8.75 ],
			"faces": {
				"down": { "uv": [ 7.25, 7.25, 8.75, 8.75 ], "texture": "#texture1" },
				"up": { "uv": [ 7.25, 7.25, 8.75, 8.75 ], "texture": "#texture1" },
				"north": { "uv": [ 7.25, 10, 8.75, 12 ], "texture": "#texture1" },
				"south": { "uv": [ 7.25, 10, 8.75, 12 ], "texture": "#texture1" },
				"west": { "uv": [ 7.25, 10, 8.75, 12 ], "texture": "#texture1" },
				"east": { "uv": [ 7.25, 10, 8.75, 12 ], "texture": "#texture1" }
			}
		}
	],
	"display": {
		"thirdperson_righthand": {
			"rotation":  [ 0, -50, 0 ],
			"translation":  [ 0, -12.52, 0 ]
		},
		"thirdperson_lefthand": {
			"rotation":  [ 0, -50, 0 ],
			"translation":  [ 0, -12.52, 0 ]
		},
		"firstperson_righthand": {
			"rotation":  [ 0, -67, 14 ],
			"translation":  [ 1.13, -0.278, 1.13 ],
			"scale":  [ 0.68, 0.68, 0.68 ]
		},
		"firstperson_lefthand": {
			"rotation":  [ 0, -67, 14 ],
			"translation":  [ 1.13, -0.278, 1.13 ],
			"scale":  [ 0.68, 0.68, 0.68 ]
		},
		"gui": {
			"rotation":  [ -25, -33, -48 ],
			"translation":  [ -2.086, -3.477, -2.086 ],
			"scale":  [ 0.625, 0.625, 0.625 ]
		},
		"ground": {
			"translation":  [ 0, 2, 0 ],
			"scale":  [ 0.5, 0.5, 0.5 ]
		},
		"fixed": {
			"rotation":  [ 0, 0, 28 ],
			"translation":  [ 1.3913, -4.173, 0 ],
			"scale":  [ 0.7, 0.7, 0.7 ]
		}
	}
}