{
	"__comment": "Designed by Nick1701 with Cubik Studio - https://cubik.studio",
	"textures": {
		"particle": "blocks/e_particle",
		"texture": "item/custom/xp-skin"
	},
	"elements": [ 	 
		{
			"__comment": "Box1",
			"from": [ 4, 0, 4 ],
			"to": [ 12, 8, 12 ],
			"faces": {
				"down": { "uv": [ 0, 0, 4, 4 ], "texture": "#texture", "rotation": 180 },
				"up": { "uv": [ 0, 0, 4, 4 ], "texture": "#texture" },
				"north": { "uv": [ 4, 0, 0, 4 ], "texture": "#texture" },
				"south": { "uv": [ 0, 4, 4, 0 ], "texture": "#texture" },
				"west": { "uv": [ 4, 0, 0, 4 ], "texture": "#texture", "rotation": 270 },
				"east": { "uv": [ 4, 0, 0, 4 ], "texture": "#texture", "rotation": 90 }
			}
		}
	],
	"display": {
		"thirdperson_righthand": {
			"rotation":  [ 75, 45, 0 ],
			"translation":  [ 0, 1.8043, 1.3913 ],
			"scale":  [ 0.375, 0.375, 0.375 ]
		},
		"thirdperson_lefthand": {
			"rotation":  [ 75, 45, 0 ],
			"translation":  [ 0, 1.8043, 1.3913 ],
			"scale":  [ 0.375, 0.375, 0.375 ]
		},
		"firstperson_righthand": {
			"rotation":  [ 0, 45, 0 ],
			"translation":  [ 0, 3.4782, 0 ],
			"scale":  [ 0.7, 0.7, 0.7 ]
		},
		"firstperson_lefthand": {
			"rotation":  [ 0, 45, 0 ],
			"translation":  [ 0, 3.4782, 0 ],
			"scale":  [ 0.7, 0.7, 0.7 ]
		},
		"gui": {
			"rotation":  [ 30, 225, 0 ],
			"translation":  [ 0, 3.4782, 0 ]
		},
		"ground": {
			"translation":  [ 0, 3, 0 ],
			"scale":  [ 0.25, 0.25, 0.25 ]
		}
	}
}