{
	"__comment": "Designed by Nick1701 with Cubik Studio - https://cubik.studio",
	"textures": {
		"particle": "blocks/e_particle",
		"texture": "entity/enchanting_table_book",
		"texture1": "item/custom/upgrade"
	},
	"elements": [ 	 
		{
			"__comment": "Box1",
			"from": [ 2, 4, 7.5 ],
			"to": [ 8, 13, 8 ],
			"faces": {
				"down": { "uv": [ 0, 4.5, 1.75, 5 ], "texture": "#texture" },
				"up": { "uv": [ 0, 0, 1.75, 0.5 ], "texture": "#texture" },
				"north": { "uv": [ 1.75, 0, 0, 5 ], "texture": "#texture" },
				"south": { "uv": [ 0, 0, 1.75, 5 ], "texture": "#texture" },
				"west": { "uv": [ 0, 0, 0.25, 5 ], "texture": "#texture" },
				"east": { "uv": [ 1.5, 0, 1.75, 5 ], "texture": "#texture" }
			}
		},
		{
			"__comment": "Box2",
			"from": [ 8, 4, 7.5 ],
			"to": [ 14, 13, 8 ],
			"rotation": { "origin": [ 8, 4, 7.5 ], "axis": "y", "angle": -22.5 },
			"faces": {
				"down": { "uv": [ 1.75, 4.5, 0, 5 ], "texture": "#texture" },
				"up": { "uv": [ 1.75, 0, 0, 0.5 ], "texture": "#texture" },
				"north": { "uv": [ 0, 0, 1.75, 5 ], "texture": "#texture" },
				"south": { "uv": [ 1.75, 5, 0, 0 ], "texture": "#texture" },
				"west": { "uv": [ 1.5, 0, 1.75, 5 ], "texture": "#texture" },
				"east": { "uv": [ 0, 0, 0.25, 5 ], "texture": "#texture" }
			}
		},
		{
			"__comment": "Box3",
			"from": [ 2.5, 4.5, 8 ],
			"to": [ 7.75, 12.5, 8.5 ],
			"faces": {
				"down": { "uv": [ 3.5, 5, 5.5, 5.5 ], "texture": "#texture" },
				"up": { "uv": [ 3.25, 5, 5.75, 5.5 ], "texture": "#texture" },
				"north": { "uv": [ 3.75, 5.5, 7.25, 9.5 ], "texture": "#texture" },
				"south": { "uv": [ 2.5, 1, 12.75, 14.5 ], "texture": "#texture1" },
				"west": { "uv": [ 8.25, 5, 8.5, 9 ], "texture": "#texture" },
				"east": { "uv": [ 6, 5, 6.25, 9 ], "texture": "#texture" }
			}
		},
		{
			"__comment": "Box4",
			"from": [ 8.25, 4.5, 8 ],
			"to": [ 13.5, 12.5, 8.5 ],
			"rotation": { "origin": [ 8, 4, 7.5 ], "axis": "y", "angle": -22.5 },
			"faces": {
				"down": { "uv": [ 3.5, 5, 5.5, 5.5 ], "texture": "#texture" },
				"up": { "uv": [ 3.25, 5, 5.75, 5.5 ], "texture": "#texture" },
				"north": { "uv": [ 3.75, 5.5, 7.25, 9.5 ], "texture": "#texture" },
				"south": { "uv": [ 6, 5, 8.5, 9 ], "texture": "#texture" },
				"west": { "uv": [ 8.25, 5, 8.5, 9 ], "texture": "#texture" },
				"east": { "uv": [ 6, 5, 6.25, 9 ], "texture": "#texture" }
			}
		}
	],
	"display": {
		"thirdperson_righthand": {
			"rotation":  [ 29, 5, -31 ],
			"translation":  [ 0, 3.9999, 0.5 ],
			"scale":  [ 0.85, 0.85, 0.85 ]
		},
		"thirdperson_lefthand": {
			"rotation":  [ 12, -30, -4 ],
			"translation":  [ 0, 3.4782, 0.5 ],
			"scale":  [ 0.85, 0.85, 0.85 ]
		},
		"firstperson_righthand": {
			"rotation":  [ -31, -28, -28 ],
			"translation":  [ 0, 2.0869, -3.478 ]
		},
		"firstperson_lefthand": {
			"rotation":  [ -31, -28, -28 ],
			"translation":  [ 0, 2.0869, -3.478 ]
		},
		"gui": {
			"rotation":  [ -48, -3, -17 ],
			"translation":  [ 0, -2.086, 0.0006 ]
		},
		"ground": {
			"translation":  [ 0, 2, 0 ],
			"scale":  [ 0.5, 0.5, 0.5 ]
		},
		"fixed": {
			"rotation":  [ 0, -169, 0 ]
		}
	}
}