{
	"__comment": "Designed by Nick1701 with Cubik Studio - https://cubik.studio",
	"textures": {
		"particle": "blocks/e_particle",
		"texture": "item/custom/volleyball skin"
	},
	"elements": [ 	 
		{
			"__comment": "Box1",
			"from": [ 4, 4, 4 ],
			"to": [ 12, 12, 12 ],
			"faces": {
				"down": { "uv": [ 4, 4, 6, 0 ], "texture": "#texture" },
				"up": { "uv": [ 2, 0, 4, 4 ], "texture": "#texture" },
				"north": { "uv": [ 6, 4, 8, 8 ], "texture": "#texture" },
				"south": { "uv": [ 5, 4, 7, 8 ], "texture": "#texture" },
				"west": { "uv": [ 0, 4, 2, 8 ], "texture": "#texture" },
				"east": { "uv": [ 1.25, 3.999999, 3.25, 8 ], "texture": "#texture" }
			}
		},
		{
			"__comment": "Box2",
			"from": [ 4, 3, 6 ],
			"to": [ 12, 4, 10 ],
			"faces": {
				"down": { "uv": [ 10, 3, 12, 1 ], "texture": "#texture" },
				"north": { "uv": [ 12, 1, 10, 1.5 ], "texture": "#texture" },
				"south": { "uv": [ 10, 2.5, 12, 3 ], "texture": "#texture" },
				"west": { "uv": [ 10, 1, 10.25, 3 ], "texture": "#texture", "rotation": 270 },
				"east": { "uv": [ 11.75, 1, 12, 3 ], "texture": "#texture", "rotation": 90 }
			}
		},
		{
			"__comment": "Box3",
			"from": [ 5, 3, 10 ],
			"to": [ 11, 4, 11 ],
			"faces": {
				"down": { "uv": [ 10.25, 3, 11.75, 3.5 ], "texture": "#texture" },
				"south": { "uv": [ 10.25, 3, 11.75, 3.5 ], "texture": "#texture" },
				"west": { "uv": [ 10.25, 3, 10.5, 3.5 ], "texture": "#texture" },
				"east": { "uv": [ 11.5, 3, 11.75, 3.5 ], "texture": "#texture" }
			}
		},
		{
			"__comment": "Box4",
			"from": [ 6, 3, 11 ],
			"to": [ 10, 4, 12 ],
			"faces": {
				"down": { "uv": [ 10.5, 3.5, 11.5, 4 ], "texture": "#texture" },
				"south": { "uv": [ 10.5, 3.5, 11.5, 4 ], "texture": "#texture" },
				"west": { "uv": [ 10.5, 3.5, 10.75, 4 ], "texture": "#texture" },
				"east": { "uv": [ 11.25, 3.5, 11.5, 4 ], "texture": "#texture" }
			}
		},
		{
			"__comment": "Box5",
			"from": [ 5, 3, 5 ],
			"to": [ 11, 4, 6 ],
			"faces": {
				"down": { "uv": [ 10.25, 0.5, 11.75, 1 ], "texture": "#texture" },
				"north": { "uv": [ 11.75, 0.5, 10.25, 1 ], "texture": "#texture" },
				"west": { "uv": [ 10.25, 0.5, 10.5, 1 ], "texture": "#texture" },
				"east": { "uv": [ 11.5, 0.5, 11.75, 1 ], "texture": "#texture" }
			}
		},
		{
			"__comment": "Box6",
			"from": [ 6, 3, 4 ],
			"to": [ 10, 4, 5 ],
			"faces": {
				"down": { "uv": [ 10.5, 0, 11.5, 0.5 ], "texture": "#texture" },
				"north": { "uv": [ 11.5, 0, 10.5, 0.5 ], "texture": "#texture" },
				"west": { "uv": [ 10.5, 0, 10.75, 0.5 ], "texture": "#texture" },
				"east": { "uv": [ 11.25, 0, 11.5, 0.5 ], "texture": "#texture" }
			}
		},
		{
			"__comment": "Box2",
			"from": [ 4, 12, 6 ],
			"to": [ 12, 13, 10 ],
			"faces": {
				"up": { "uv": [ 10, 1, 12, 3 ], "texture": "#texture" },
				"north": { "uv": [ 12, 1, 10, 1.5 ], "texture": "#texture" },
				"south": { "uv": [ 10, 2.5, 12, 3 ], "texture": "#texture" },
				"west": { "uv": [ 10, 1, 10.25, 3 ], "texture": "#texture", "rotation": 270 },
				"east": { "uv": [ 11.75, 1, 12, 3 ], "texture": "#texture", "rotation": 90 }
			}
		},
		{
			"__comment": "Box3",
			"from": [ 5, 12, 10 ],
			"to": [ 11, 13, 11 ],
			"faces": {
				"up": { "uv": [ 10.25, 3, 11.75, 3.5 ], "texture": "#texture" },
				"south": { "uv": [ 10.25, 3, 11.75, 3.5 ], "texture": "#texture" },
				"west": { "uv": [ 10.25, 3, 10.5, 3.5 ], "texture": "#texture" },
				"east": { "uv": [ 11.5, 3, 11.75, 3.5 ], "texture": "#texture" }
			}
		},
		{
			"__comment": "Box4",
			"from": [ 6, 12, 11 ],
			"to": [ 10, 13, 12 ],
			"faces": {
				"up": { "uv": [ 10.5, 3.5, 11.5, 4 ], "texture": "#texture" },
				"south": { "uv": [ 10.5, 3.5, 11.5, 4 ], "texture": "#texture" },
				"west": { "uv": [ 10.5, 3.5, 10.75, 4 ], "texture": "#texture" },
				"east": { "uv": [ 11.25, 3.5, 11.5, 4 ], "texture": "#texture" }
			}
		},
		{
			"__comment": "Box5",
			"from": [ 5, 12, 5 ],
			"to": [ 11, 13, 6 ],
			"faces": {
				"up": { "uv": [ 10.25, 0.5, 11.75, 1 ], "texture": "#texture" },
				"north": { "uv": [ 11.75, 0.5, 10.25, 1 ], "texture": "#texture" },
				"west": { "uv": [ 10.25, 0.5, 10.5, 1 ], "texture": "#texture" },
				"east": { "uv": [ 11.5, 0.5, 11.75, 1 ], "texture": "#texture" }
			}
		},
		{
			"__comment": "Box6",
			"from": [ 6, 12, 4 ],
			"to": [ 10, 13, 5 ],
			"faces": {
				"up": { "uv": [ 10.5, 0, 11.5, 0.5 ], "texture": "#texture" },
				"north": { "uv": [ 11.5, 0, 10.5, 0.5 ], "texture": "#texture" },
				"west": { "uv": [ 10.5, 0, 10.75, 0.5 ], "texture": "#texture" },
				"east": { "uv": [ 11.25, 0, 11.5, 0.5 ], "texture": "#texture" }
			}
		},
		{
			"__comment": "Box12",
			"from": [ 6, 4, 3 ],
			"to": [ 10, 12, 4 ],
			"faces": {
				"down": { "uv": [ 14.5, 7.5, 15.5, 8 ], "texture": "#texture" },
				"up": { "uv": [ 14.5, 4, 15.5, 4.5 ], "texture": "#texture" },
				"north": { "uv": [ 14.5, 4, 15.5, 8 ], "texture": "#texture" },
				"west": { "uv": [ 14.5, 4, 14.75, 8 ], "texture": "#texture" },
				"east": { "uv": [ 15.25, 4, 15.5, 8 ], "texture": "#texture" }
			}
		},
		{
			"__comment": "Box13",
			"from": [ 5, 5, 3 ],
			"to": [ 6, 11, 4 ],
			"faces": {
				"down": { "uv": [ 15.5, 7, 15.75, 7.5 ], "texture": "#texture" },
				"up": { "uv": [ 15.5, 4.5, 15.75, 5 ], "texture": "#texture" },
				"north": { "uv": [ 15.5, 4.5, 15.75, 7.5 ], "texture": "#texture" },
				"west": { "uv": [ 15.5, 4.5, 15.75, 7.5 ], "texture": "#texture" }
			}
		},
		{
			"__comment": "Box13",
			"from": [ 4, 6, 3 ],
			"to": [ 5, 10, 4 ],
			"faces": {
				"down": { "uv": [ 15.75, 6.5, 16, 7 ], "texture": "#texture" },
				"up": { "uv": [ 15.75, 5, 16, 5.5 ], "texture": "#texture" },
				"north": { "uv": [ 15.75, 5, 16, 7 ], "texture": "#texture" },
				"west": { "uv": [ 15.75, 5, 16, 7 ], "texture": "#texture" }
			}
		},
		{
			"__comment": "Box13",
			"from": [ 10, 5, 3 ],
			"to": [ 11, 11, 4 ],
			"faces": {
				"down": { "uv": [ 15.75, 6.5, 16, 7 ], "texture": "#texture" },
				"up": { "uv": [ 15.75, 5, 16, 5.5 ], "texture": "#texture" },
				"north": { "uv": [ 15.75, 5, 16, 7 ], "texture": "#texture" },
				"east": { "uv": [ 15.75, 5, 16, 7 ], "texture": "#texture" }
			}
		},
		{
			"__comment": "Box16",
			"from": [ 11, 6, 3 ],
			"to": [ 12, 10, 4 ],
			"faces": {
				"down": { "uv": [ 14, 6.5, 14.25, 7 ], "texture": "#texture" },
				"up": { "uv": [ 14, 5, 14.25, 5.5 ], "texture": "#texture" },
				"north": { "uv": [ 14, 5, 14.25, 7 ], "texture": "#texture" },
				"east": { "uv": [ 14, 5, 14.25, 7 ], "texture": "#texture" }
			}
		},
		{
			"__comment": "Box16",
			"from": [ 11, 6, 12 ],
			"to": [ 12, 10, 13 ],
			"faces": {
				"down": { "uv": [ 11.75, 6.5, 12, 7 ], "texture": "#texture" },
				"up": { "uv": [ 11.75, 5, 12, 5.5 ], "texture": "#texture" },
				"south": { "uv": [ 11.75, 5, 12, 7 ], "texture": "#texture" },
				"east": { "uv": [ 11.75, 5, 12, 7 ], "texture": "#texture" }
			}
		},
		{
			"__comment": "Box13",
			"from": [ 5, 5, 12 ],
			"to": [ 6, 11, 13 ],
			"faces": {
				"down": { "uv": [ 10.25, 7, 10.5, 7.5 ], "texture": "#texture" },
				"up": { "uv": [ 10.25, 4.5, 10.5, 5 ], "texture": "#texture" },
				"south": { "uv": [ 10.25, 4.5, 10.5, 7.5 ], "texture": "#texture" },
				"west": { "uv": [ 10.25, 4.5, 10.5, 7.5 ], "texture": "#texture" }
			}
		},
		{
			"__comment": "Box13",
			"from": [ 4, 6, 12 ],
			"to": [ 5, 10, 13 ],
			"faces": {
				"down": { "uv": [ 11.5, 7, 11.75, 7.5 ], "texture": "#texture" },
				"up": { "uv": [ 11.5, 4.5, 11.75, 5 ], "texture": "#texture" },
				"south": { "uv": [ 11.5, 4.5, 11.75, 7.5 ], "texture": "#texture" },
				"west": { "uv": [ 11.5, 4.5, 11.75, 7.5 ], "texture": "#texture" }
			}
		},
		{
			"__comment": "Box13",
			"from": [ 10, 5, 12 ],
			"to": [ 11, 11, 13 ],
			"faces": {
				"down": { "uv": [ 11.5, 7, 11.75, 7.5 ], "texture": "#texture" },
				"up": { "uv": [ 11.5, 4.5, 11.75, 5 ], "texture": "#texture" },
				"south": { "uv": [ 11.5, 4.5, 11.75, 7.5 ], "texture": "#texture" },
				"east": { "uv": [ 11.5, 4.5, 11.75, 7.5 ], "texture": "#texture" }
			}
		},
		{
			"__comment": "Box12",
			"from": [ 6, 4, 12 ],
			"to": [ 10, 12, 13 ],
			"faces": {
				"down": { "uv": [ 10.5, 7.5, 11.5, 8 ], "texture": "#texture" },
				"up": { "uv": [ 10.5, 4, 11.5, 4.5 ], "texture": "#texture" },
				"south": { "uv": [ 10.5, 4, 11.5, 8 ], "texture": "#texture" },
				"west": { "uv": [ 10.5, 4, 10.75, 8 ], "texture": "#texture" },
				"east": { "uv": [ 11.25, 4, 11.5, 8 ], "texture": "#texture" }
			}
		},
		{
			"__comment": "Box22",
			"from": [ 12, 4, 6 ],
			"to": [ 13, 12, 10 ],
			"faces": {
				"down": { "uv": [ 12.5, 7.5, 13.5, 8 ], "texture": "#texture", "rotation": 90 },
				"up": { "uv": [ 13.5, 4, 12.5, 4.5 ], "texture": "#texture", "rotation": 90 },
				"north": { "uv": [ 13.25, 4, 13.5, 8 ], "texture": "#texture", "rotation": 90 },
				"south": { "uv": [ 12.5, 4, 12.75, 8 ], "texture": "#texture" },
				"east": { "uv": [ 12.5, 4, 13.5, 8 ], "texture": "#texture" }
			}
		},
		{
			"__comment": "Box23",
			"from": [ 12, 5, 10 ],
			"to": [ 13, 11, 11 ],
			"faces": {
				"down": { "uv": [ 9.5, 7, 9.75, 7.5 ], "texture": "#texture" },
				"up": { "uv": [ 9.5, 4.5, 9.75, 5 ], "texture": "#texture" },
				"south": { "uv": [ 9.5, 4.5, 9.75, 7.5 ], "texture": "#texture" },
				"east": { "uv": [ 9.5, 4.5, 9.75, 7.5 ], "texture": "#texture" }
			}
		},
		{
			"__comment": "Box24",
			"from": [ 12, 6, 11 ],
			"to": [ 13, 10, 12 ],
			"faces": {
				"down": { "uv": [ 9.75, 6.5, 10, 7 ], "texture": "#texture" },
				"up": { "uv": [ 9.75, 5, 10, 5.5 ], "texture": "#texture" },
				"south": { "uv": [ 9.75, 5, 10, 7 ], "texture": "#texture" },
				"east": { "uv": [ 9.75, 5, 10, 7 ], "texture": "#texture" }
			}
		},
		{
			"__comment": "Box25",
			"from": [ 12, 5, 5 ],
			"to": [ 13, 11, 6 ],
			"faces": {
				"down": { "uv": [ 8.25, 7, 8.5, 7.5 ], "texture": "#texture" },
				"up": { "uv": [ 8.25, 4.5, 8.5, 5 ], "texture": "#texture" },
				"north": { "uv": [ 8.25, 4.5, 8.5, 7.5 ], "texture": "#texture" },
				"east": { "uv": [ 8.25, 4.5, 8.5, 7.5 ], "texture": "#texture" }
			}
		},
		{
			"__comment": "Box26",
			"from": [ 12, 6, 4 ],
			"to": [ 13, 10, 5 ],
			"faces": {
				"down": { "uv": [ 8, 6.5, 8.25, 7 ], "texture": "#texture" },
				"up": { "uv": [ 8, 5, 8.25, 5.5 ], "texture": "#texture" },
				"north": { "uv": [ 8, 5, 8.25, 7 ], "texture": "#texture" },
				"east": { "uv": [ 8, 5, 8.25, 7 ], "texture": "#texture" }
			}
		},
		{
			"__comment": "Box26",
			"from": [ 3, 6, 4 ],
			"to": [ 4, 10, 5 ],
			"faces": {
				"down": { "uv": [ 8, 6.5, 8.25, 7 ], "texture": "#texture" },
				"up": { "uv": [ 8, 5, 8.25, 5.5 ], "texture": "#texture" },
				"north": { "uv": [ 8, 5, 8.25, 7 ], "texture": "#texture" },
				"west": { "uv": [ 8, 5, 8.25, 7 ], "texture": "#texture" }
			}
		},
		{
			"__comment": "Box22",
			"from": [ 3, 4, 6 ],
			"to": [ 4, 12, 10 ],
			"faces": {
				"down": { "uv": [ 8.5, 7.5, 9.5, 8 ], "texture": "#texture", "rotation": 90 },
				"up": { "uv": [ 8.5, 4, 9.5, 4.5 ], "texture": "#texture", "rotation": 90 },
				"north": { "uv": [ 8.5, 4, 8.75, 8 ], "texture": "#texture", "rotation": 90 },
				"south": { "uv": [ 9.25, 4, 9.5, 8 ], "texture": "#texture" },
				"west": { "uv": [ 8.5, 4, 9.5, 8 ], "texture": "#texture" }
			}
		},
		{
			"__comment": "Box23",
			"from": [ 3, 5, 10 ],
			"to": [ 4, 11, 11 ],
			"faces": {
				"down": { "uv": [ 9.5, 7, 9.75, 7.5 ], "texture": "#texture" },
				"up": { "uv": [ 9.5, 4.5, 9.75, 5 ], "texture": "#texture" },
				"south": { "uv": [ 9.5, 4.5, 9.75, 7.5 ], "texture": "#texture" },
				"west": { "uv": [ 9.5, 4.5, 9.75, 7.5 ], "texture": "#texture" }
			}
		},
		{
			"__comment": "Box24",
			"from": [ 3, 6, 11 ],
			"to": [ 4, 10, 12 ],
			"faces": {
				"down": { "uv": [ 9.75, 6.5, 10, 7 ], "texture": "#texture" },
				"up": { "uv": [ 9.75, 5, 10, 5.5 ], "texture": "#texture" },
				"south": { "uv": [ 9.75, 5, 10, 7 ], "texture": "#texture" },
				"west": { "uv": [ 9.75, 5, 10, 7 ], "texture": "#texture" }
			}
		},
		{
			"__comment": "Box25",
			"from": [ 3, 5, 5 ],
			"to": [ 4, 11, 6 ],
			"faces": {
				"down": { "uv": [ 8.25, 7, 8.5, 7.5 ], "texture": "#texture" },
				"up": { "uv": [ 8.25, 4.5, 8.5, 5 ], "texture": "#texture" },
				"north": { "uv": [ 8.25, 4.5, 8.5, 7.5 ], "texture": "#texture" },
				"west": { "uv": [ 8.25, 4.5, 8.5, 7.5 ], "texture": "#texture" }
			}
		}
	],
	"display": {
		"thirdperson_righthand": {
			"rotation":  [ 75, 45, 0 ],
			"translation":  [ 0, 2.5, 0 ],
			"scale":  [ 0.45, 0.45, 0.45 ]
		},
		"thirdperson_lefthand": {
			"rotation":  [ 75, 45, 0 ],
			"translation":  [ 0, 2.5, 0 ],
			"scale":  [ 0.45, 0.45, 0.45 ]
		},
		"firstperson_righthand": {
			"rotation":  [ 0, 45, 0 ],
			"translation":  [ 0, 2.7826, 0 ],
			"scale":  [ 0.5, 0.5, 0.5 ]
		},
		"firstperson_lefthand": {
			"rotation":  [ 0, 45, 0 ],
			"translation":  [ 0, 2.7826, 0 ],
			"scale":  [ 0.5, 0.5, 0.5 ]
		},
		"gui": {
			"rotation":  [ 30, 225, 0 ],
			"scale":  [ 0.8, 0.8, 0.8 ]
		},
		"ground": {
			"translation":  [ 0, 2, 0 ],
			"scale":  [ 0.5, 0.5, 0.5 ]
		}
	}
}