{
	"__comment": "Designed by Nick1701 with Cubik Studio - https://cubik.studio",
	"textures": {
		"particle": "blocks/e_particle",
		"texture": "block/gray_stained_glass",
		"emerald_pickaxe": "item/custom/zwergenspitzhacke",
		"texture1": "block/red_stained_glass"
	},
	"elements": [ 	 
		{
			"__comment": "Box16",
			"from": [ 2, 8, 13 ],
			"to": [ 5, 9, 14 ],
			"faces": {
				"down": { "uv": [ 2, 14, 5, 13 ], "texture": "#emerald_pickaxe" },
				"up": { "uv": [ 2, 13, 5, 14 ], "texture": "#emerald_pickaxe" },
				"north": { "uv": [ 5, 13, 2, 14 ], "texture": "#emerald_pickaxe" },
				"south": { "uv": [ 2, 13, 5, 14 ], "texture": "#emerald_pickaxe" },
				"west": { "uv": [ 2, 13, 3, 14 ], "texture": "#emerald_pickaxe", "rotation": 270 },
				"east": { "uv": [ 5, 14, 4, 13 ], "texture": "#emerald_pickaxe", "rotation": 270 }
			}
		},
		{
			"__comment": "Box17",
			"from": [ 2, 8, 14 ],
			"to": [ 4, 9, 15 ],
			"faces": {
				"down": { "uv": [ 2, 15, 4, 14 ], "texture": "#emerald_pickaxe" },
				"up": { "uv": [ 2, 14, 4, 15 ], "texture": "#emerald_pickaxe" },
				"north": { "uv": [ 4, 14, 2, 15 ], "texture": "#emerald_pickaxe" },
				"south": { "uv": [ 2, 14, 4, 15 ], "texture": "#emerald_pickaxe" },
				"west": { "uv": [ 2, 14, 3, 15 ], "texture": "#emerald_pickaxe", "rotation": 270 },
				"east": { "uv": [ 4, 15, 3, 14 ], "texture": "#emerald_pickaxe", "rotation": 270 }
			}
		},
		{
			"__comment": "Box18",
			"from": [ 3, 8, 12 ],
			"to": [ 6, 9, 13 ],
			"faces": {
				"down": { "uv": [ 3, 13, 6, 12 ], "texture": "#emerald_pickaxe" },
				"up": { "uv": [ 3, 12, 6, 13 ], "texture": "#emerald_pickaxe" },
				"north": { "uv": [ 6, 12, 3, 13 ], "texture": "#emerald_pickaxe" },
				"south": { "uv": [ 3, 12, 6, 13 ], "texture": "#emerald_pickaxe" },
				"west": { "uv": [ 3, 12, 4, 13 ], "texture": "#emerald_pickaxe", "rotation": 270 },
				"east": { "uv": [ 6, 13, 5, 12 ], "texture": "#emerald_pickaxe", "rotation": 270 }
			}
		},
		{
			"__comment": "Box19",
			"from": [ 4, 8, 11 ],
			"to": [ 7, 9, 12 ],
			"faces": {
				"down": { "uv": [ 4, 12, 7, 11 ], "texture": "#emerald_pickaxe" },
				"up": { "uv": [ 4, 11, 7, 12 ], "texture": "#emerald_pickaxe" },
				"north": { "uv": [ 7, 11, 4, 12 ], "texture": "#emerald_pickaxe" },
				"south": { "uv": [ 4, 11, 7, 12 ], "texture": "#emerald_pickaxe" },
				"west": { "uv": [ 4, 11, 5, 12 ], "texture": "#emerald_pickaxe", "rotation": 270 },
				"east": { "uv": [ 7, 12, 6, 11 ], "texture": "#emerald_pickaxe", "rotation": 270 }
			}
		},
		{
			"__comment": "Box20",
			"from": [ 5, 8, 3 ],
			"to": [ 12, 9, 4 ],
			"faces": {
				"down": { "uv": [ 5, 4, 12, 3 ], "texture": "#emerald_pickaxe" },
				"up": { "uv": [ 5, 3, 12, 4 ], "texture": "#emerald_pickaxe" },
				"north": { "uv": [ 12, 3, 5, 4 ], "texture": "#emerald_pickaxe" },
				"south": { "uv": [ 5, 3, 12, 4 ], "texture": "#emerald_pickaxe" },
				"west": { "uv": [ 5, 3, 6, 4 ], "texture": "#emerald_pickaxe", "rotation": 270 },
				"east": { "uv": [ 12, 4, 11, 3 ], "texture": "#emerald_pickaxe", "rotation": 270 }
			}
		},
		{
			"__comment": "Box21",
			"from": [ 5, 8, 10 ],
			"to": [ 8, 9, 11 ],
			"faces": {
				"down": { "uv": [ 5, 11, 8, 10 ], "texture": "#emerald_pickaxe" },
				"up": { "uv": [ 5, 10, 8, 11 ], "texture": "#emerald_pickaxe" },
				"north": { "uv": [ 8, 10, 5, 11 ], "texture": "#emerald_pickaxe" },
				"south": { "uv": [ 5, 10, 8, 11 ], "texture": "#emerald_pickaxe" },
				"west": { "uv": [ 5, 10, 6, 11 ], "texture": "#emerald_pickaxe", "rotation": 270 },
				"east": { "uv": [ 8, 11, 7, 10 ], "texture": "#emerald_pickaxe", "rotation": 270 }
			}
		},
		{
			"__comment": "Box22",
			"from": [ 6, 8, 2 ],
			"to": [ 11, 9, 5 ],
			"faces": {
				"down": { "uv": [ 6, 5, 11, 2 ], "texture": "#emerald_pickaxe" },
				"up": { "uv": [ 6, 2, 11, 5 ], "texture": "#emerald_pickaxe" },
				"north": { "uv": [ 11, 2, 6, 3 ], "texture": "#emerald_pickaxe" },
				"south": { "uv": [ 6, 4, 11, 5 ], "texture": "#emerald_pickaxe" },
				"west": { "uv": [ 6, 2, 7, 5 ], "texture": "#emerald_pickaxe", "rotation": 270 },
				"east": { "uv": [ 11, 5, 10, 2 ], "texture": "#emerald_pickaxe", "rotation": 270 }
			}
		},
		{
			"__comment": "Box23",
			"from": [ 6, 8, 9 ],
			"to": [ 9, 9, 10 ],
			"faces": {
				"down": { "uv": [ 6, 10, 9, 9 ], "texture": "#emerald_pickaxe" },
				"up": { "uv": [ 6, 9, 9, 10 ], "texture": "#emerald_pickaxe" },
				"north": { "uv": [ 9, 9, 6, 10 ], "texture": "#emerald_pickaxe" },
				"south": { "uv": [ 6, 9, 9, 10 ], "texture": "#emerald_pickaxe" },
				"west": { "uv": [ 6, 9, 7, 10 ], "texture": "#emerald_pickaxe", "rotation": 270 },
				"east": { "uv": [ 9, 10, 8, 9 ], "texture": "#emerald_pickaxe", "rotation": 270 }
			}
		},
		{
			"__comment": "Box24",
			"from": [ 7, 8, 8 ],
			"to": [ 10, 9, 9 ],
			"faces": {
				"down": { "uv": [ 7, 9, 10, 8 ], "texture": "#emerald_pickaxe" },
				"up": { "uv": [ 7, 8, 10, 9 ], "texture": "#emerald_pickaxe" },
				"north": { "uv": [ 10, 8, 7, 9 ], "texture": "#emerald_pickaxe" },
				"south": { "uv": [ 7, 8, 10, 9 ], "texture": "#emerald_pickaxe" },
				"west": { "uv": [ 7, 8, 8, 9 ], "texture": "#emerald_pickaxe", "rotation": 270 },
				"east": { "uv": [ 10, 9, 9, 8 ], "texture": "#emerald_pickaxe", "rotation": 270 }
			}
		},
		{
			"__comment": "Box25",
			"from": [ 8, 8, 7 ],
			"to": [ 11, 9, 8 ],
			"faces": {
				"down": { "uv": [ 8, 8, 11, 7 ], "texture": "#emerald_pickaxe" },
				"up": { "uv": [ 8, 7, 11, 8 ], "texture": "#emerald_pickaxe" },
				"north": { "uv": [ 11, 7, 8, 8 ], "texture": "#emerald_pickaxe" },
				"south": { "uv": [ 8, 7, 11, 8 ], "texture": "#emerald_pickaxe" },
				"west": { "uv": [ 8, 7, 9, 8 ], "texture": "#emerald_pickaxe", "rotation": 270 },
				"east": { "uv": [ 11, 8, 10, 7 ], "texture": "#emerald_pickaxe", "rotation": 270 }
			}
		},
		{
			"__comment": "Box26",
			"from": [ 9, 8, 6 ],
			"to": [ 15, 9, 7 ],
			"faces": {
				"down": { "uv": [ 9, 7, 15, 6 ], "texture": "#emerald_pickaxe" },
				"up": { "uv": [ 9, 6, 15, 7 ], "texture": "#emerald_pickaxe" },
				"north": { "uv": [ 15, 6, 9, 7 ], "texture": "#emerald_pickaxe" },
				"south": { "uv": [ 9, 6, 15, 7 ], "texture": "#emerald_pickaxe" },
				"west": { "uv": [ 9, 6, 10, 7 ], "texture": "#emerald_pickaxe", "rotation": 270 },
				"east": { "uv": [ 15, 7, 14, 6 ], "texture": "#emerald_pickaxe", "rotation": 270 }
			}
		},
		{
			"__comment": "Box27",
			"from": [ 10, 8, 5 ],
			"to": [ 14, 9, 6 ],
			"faces": {
				"down": { "uv": [ 10, 6, 14, 5 ], "texture": "#emerald_pickaxe" },
				"up": { "uv": [ 10, 5, 14, 6 ], "texture": "#emerald_pickaxe" },
				"north": { "uv": [ 14, 5, 10, 6 ], "texture": "#emerald_pickaxe" },
				"south": { "uv": [ 10, 5, 14, 6 ], "texture": "#emerald_pickaxe" },
				"west": { "uv": [ 10, 5, 11, 6 ], "texture": "#emerald_pickaxe", "rotation": 270 },
				"east": { "uv": [ 14, 6, 13, 5 ], "texture": "#emerald_pickaxe", "rotation": 270 }
			}
		},
		{
			"__comment": "Box29",
			"from": [ 12, 8, 7 ],
			"to": [ 15, 9, 11 ],
			"faces": {
				"down": { "uv": [ 12, 11, 15, 7 ], "texture": "#emerald_pickaxe" },
				"up": { "uv": [ 12, 7, 15, 11 ], "texture": "#emerald_pickaxe" },
				"north": { "uv": [ 15, 7, 12, 8 ], "texture": "#emerald_pickaxe" },
				"south": { "uv": [ 12, 10, 15, 11 ], "texture": "#emerald_pickaxe" },
				"west": { "uv": [ 12, 7, 13, 11 ], "texture": "#emerald_pickaxe", "rotation": 270 },
				"east": { "uv": [ 15, 11, 14, 7 ], "texture": "#emerald_pickaxe", "rotation": 270 }
			}
		},
		{
			"__comment": "Box30",
			"from": [ 13, 8, 11 ],
			"to": [ 14, 9, 12 ],
			"faces": {
				"down": { "uv": [ 13, 12, 14, 11 ], "texture": "#emerald_pickaxe" },
				"up": { "uv": [ 13, 11, 14, 12 ], "texture": "#emerald_pickaxe" },
				"north": { "uv": [ 14, 11, 13, 12 ], "texture": "#emerald_pickaxe" },
				"south": { "uv": [ 13, 11, 14, 12 ], "texture": "#emerald_pickaxe" },
				"west": { "uv": [ 13, 11, 14, 12 ], "texture": "#emerald_pickaxe", "rotation": 270 },
				"east": { "uv": [ 14, 12, 13, 11 ], "texture": "#emerald_pickaxe", "rotation": 270 }
			}
		},
		{
			"__comment": "Box16",
			"from": [ 12.25, 8, 2 ],
			"to": [ 13.25, 9, 3 ],
			"rotation": { "origin": [ 12.25, 8, 2 ], "axis": "y", "angle": -45 },
			"faces": {
				"down": { "uv": [ 12.5, 11.5, 13.5, 12.5 ], "texture": "#texture" },
				"up": { "uv": [ 12.5, 3.5, 13.5, 4.5 ], "texture": "#texture" },
				"north": { "uv": [ 2.5, 7, 3.5, 8 ], "texture": "#texture" },
				"south": { "uv": [ 12.5, 7, 13.5, 8 ], "texture": "#texture" },
				"west": { "uv": [ 3.5, 7, 4.5, 8 ], "texture": "#texture" },
				"east": { "uv": [ 11.5, 7, 12.5, 8 ], "texture": "#texture" }
			}
		},
		{
			"__comment": "Box16",
			"from": [ 13.25, 8, 1 ],
			"to": [ 14.25, 9, 2 ],
			"rotation": { "origin": [ 13.25, 8, 1 ], "axis": "y", "angle": -45 },
			"faces": {
				"down": { "uv": [ 12.5, 11.5, 13.5, 12.5 ], "texture": "#texture" },
				"up": { "uv": [ 12.5, 3.5, 13.5, 4.5 ], "texture": "#texture" },
				"north": { "uv": [ 2.5, 7, 3.5, 8 ], "texture": "#texture" },
				"south": { "uv": [ 12.5, 7, 13.5, 8 ], "texture": "#texture" },
				"west": { "uv": [ 3.5, 7, 4.5, 8 ], "texture": "#texture" },
				"east": { "uv": [ 11.5, 7, 12.5, 8 ], "texture": "#texture" }
			}
		},
		{
			"__comment": "Box16",
			"from": [ 14.25, 8, 0 ],
			"to": [ 15.25, 9, 1 ],
			"rotation": { "origin": [ 14.25, 8, 0 ], "axis": "y", "angle": -45 },
			"faces": {
				"down": { "uv": [ 12.5, 11.5, 13.5, 12.5 ], "texture": "#texture" },
				"up": { "uv": [ 12.5, 3.5, 13.5, 4.5 ], "texture": "#texture" },
				"north": { "uv": [ 2.5, 7, 3.5, 8 ], "texture": "#texture" },
				"south": { "uv": [ 12.5, 7, 13.5, 8 ], "texture": "#texture" },
				"west": { "uv": [ 3.5, 7, 4.5, 8 ], "texture": "#texture" },
				"east": { "uv": [ 11.5, 7, 12.5, 8 ], "texture": "#texture" }
			}
		},
		{
			"__comment": "Box16",
			"from": [ 12.25, 6.5, 2 ],
			"to": [ 13.25, 7.5, 3 ],
			"rotation": { "origin": [ 12.25, 6.5, 2 ], "axis": "y", "angle": -45 },
			"faces": {
				"down": { "uv": [ 12.5, 11.5, 13.5, 12.5 ], "texture": "#texture" },
				"up": { "uv": [ 12.5, 3.5, 13.5, 4.5 ], "texture": "#texture" },
				"north": { "uv": [ 2.5, 7, 3.5, 8 ], "texture": "#texture" },
				"south": { "uv": [ 12.5, 7, 13.5, 8 ], "texture": "#texture" },
				"west": { "uv": [ 3.5, 7, 4.5, 8 ], "texture": "#texture" },
				"east": { "uv": [ 11.5, 7, 12.5, 8 ], "texture": "#texture" }
			}
		},
		{
			"__comment": "Box16",
			"from": [ 13.25, 6.5, 1 ],
			"to": [ 14.25, 7.5, 2 ],
			"rotation": { "origin": [ 13.25, 6.5, 1 ], "axis": "y", "angle": -45 },
			"faces": {
				"down": { "uv": [ 12.5, 11.5, 13.5, 12.5 ], "texture": "#texture" },
				"up": { "uv": [ 12.5, 3.5, 13.5, 4.5 ], "texture": "#texture" },
				"north": { "uv": [ 2.5, 7, 3.5, 8 ], "texture": "#texture" },
				"south": { "uv": [ 12.5, 7, 13.5, 8 ], "texture": "#texture" },
				"west": { "uv": [ 3.5, 7, 4.5, 8 ], "texture": "#texture" },
				"east": { "uv": [ 11.5, 7, 12.5, 8 ], "texture": "#texture" }
			}
		},
		{
			"__comment": "Box16",
			"from": [ 14.25, 6.5, 0 ],
			"to": [ 15.25, 7.5, 1 ],
			"rotation": { "origin": [ 14.25, 6.5, 0 ], "axis": "y", "angle": -45 },
			"faces": {
				"down": { "uv": [ 12.5, 11.5, 13.5, 12.5 ], "texture": "#texture" },
				"up": { "uv": [ 12.5, 3.5, 13.5, 4.5 ], "texture": "#texture" },
				"north": { "uv": [ 2.5, 7, 3.5, 8 ], "texture": "#texture" },
				"south": { "uv": [ 12.5, 7, 13.5, 8 ], "texture": "#texture" },
				"west": { "uv": [ 3.5, 7, 4.5, 8 ], "texture": "#texture" },
				"east": { "uv": [ 11.5, 7, 12.5, 8 ], "texture": "#texture" }
			}
		},
		{
			"__comment": "Box16",
			"from": [ 13.25, 9.5, 1 ],
			"to": [ 14.25, 10.5, 2 ],
			"rotation": { "origin": [ 13.25, 9.5, 1 ], "axis": "y", "angle": -45 },
			"faces": {
				"down": { "uv": [ 12.5, 11.5, 13.5, 12.5 ], "texture": "#texture" },
				"up": { "uv": [ 12.5, 3.5, 13.5, 4.5 ], "texture": "#texture" },
				"north": { "uv": [ 2.5, 7, 3.5, 8 ], "texture": "#texture" },
				"south": { "uv": [ 12.5, 7, 13.5, 8 ], "texture": "#texture" },
				"west": { "uv": [ 3.5, 7, 4.5, 8 ], "texture": "#texture" },
				"east": { "uv": [ 11.5, 7, 12.5, 8 ], "texture": "#texture" }
			}
		},
		{
			"__comment": "Box16",
			"from": [ 14.25, 9.5, 0 ],
			"to": [ 15.25, 10.5, 1 ],
			"rotation": { "origin": [ 14.25, 9.5, 0 ], "axis": "y", "angle": -45 },
			"faces": {
				"down": { "uv": [ 12.5, 11.5, 13.5, 12.5 ], "texture": "#texture" },
				"up": { "uv": [ 12.5, 3.5, 13.5, 4.5 ], "texture": "#texture" },
				"north": { "uv": [ 2.5, 7, 3.5, 8 ], "texture": "#texture" },
				"south": { "uv": [ 12.5, 7, 13.5, 8 ], "texture": "#texture" },
				"west": { "uv": [ 3.5, 7, 4.5, 8 ], "texture": "#texture" },
				"east": { "uv": [ 11.5, 7, 12.5, 8 ], "texture": "#texture" }
			}
		},
		{
			"__comment": "Box16",
			"from": [ 12.25, 9.5, 2 ],
			"to": [ 13.25, 10.5, 3 ],
			"rotation": { "origin": [ 12.25, 9.5, 2 ], "axis": "y", "angle": -45 },
			"faces": {
				"down": { "uv": [ 12.5, 11.5, 13.5, 12.5 ], "texture": "#texture" },
				"up": { "uv": [ 12.5, 3.5, 13.5, 4.5 ], "texture": "#texture" },
				"north": { "uv": [ 2.5, 7, 3.5, 8 ], "texture": "#texture" },
				"south": { "uv": [ 12.5, 7, 13.5, 8 ], "texture": "#texture" },
				"west": { "uv": [ 3.5, 7, 4.5, 8 ], "texture": "#texture" },
				"east": { "uv": [ 11.5, 7, 12.5, 8 ], "texture": "#texture" }
			}
		},
		{
			"__comment": "Box25",
			"from": [ 6, 7.75, 3 ],
			"to": [ 11, 9.25, 4 ],
			"faces": {
				"down": { "uv": [ 6, 3, 11, 4 ], "texture": "#emerald_pickaxe" },
				"up": { "uv": [ 6, 3, 11, 4 ], "texture": "#emerald_pickaxe" },
				"north": { "uv": [ 6, 3, 11, 4 ], "texture": "#emerald_pickaxe" },
				"south": { "uv": [ 6, 3, 11, 4 ], "texture": "#emerald_pickaxe" },
				"west": { "uv": [ 6, 3, 7, 4 ], "texture": "#emerald_pickaxe" },
				"east": { "uv": [ 10, 3, 11, 4 ], "texture": "#emerald_pickaxe" }
			}
		},
		{
			"__comment": "Box25",
			"from": [ 13, 7.75, 6 ],
			"to": [ 14, 9.25, 11 ],
			"faces": {
				"down": { "uv": [ 13, 6, 14, 11 ], "texture": "#emerald_pickaxe" },
				"up": { "uv": [ 13, 6, 14, 11 ], "texture": "#emerald_pickaxe" },
				"north": { "uv": [ 13, 6, 14, 11 ], "texture": "#emerald_pickaxe" },
				"south": { "uv": [ 13, 6, 14, 11 ], "texture": "#emerald_pickaxe" },
				"west": { "uv": [ 13, 6, 14, 11 ], "texture": "#emerald_pickaxe" },
				"east": { "uv": [ 13, 6, 14, 11 ], "texture": "#emerald_pickaxe" }
			}
		},
		{
			"__comment": "Box25",
			"from": [ 10, 7.75, 4 ],
			"to": [ 12, 9.25, 5 ],
			"faces": {
				"down": { "uv": [ 10, 4, 12, 5 ], "texture": "#emerald_pickaxe" },
				"up": { "uv": [ 10, 4, 12, 5 ], "texture": "#emerald_pickaxe" },
				"north": { "uv": [ 10, 4, 12, 5 ], "texture": "#emerald_pickaxe" },
				"south": { "uv": [ 10, 4, 12, 5 ], "texture": "#emerald_pickaxe" },
				"west": { "uv": [ 10, 4, 11, 5 ], "texture": "#emerald_pickaxe" },
				"east": { "uv": [ 11, 4, 12, 5 ], "texture": "#emerald_pickaxe" }
			}
		},
		{
			"__comment": "Box25",
			"from": [ 11, 7.75, 5 ],
			"to": [ 13, 9.25, 6 ],
			"faces": {
				"down": { "uv": [ 12, 6, 13, 7 ], "texture": "#emerald_pickaxe" },
				"up": { "uv": [ 12, 6, 13, 7 ], "texture": "#emerald_pickaxe" },
				"north": { "uv": [ 12, 6, 13, 7 ], "texture": "#emerald_pickaxe" },
				"south": { "uv": [ 12, 6, 12.5, 7 ], "texture": "#emerald_pickaxe" },
				"west": { "uv": [ 12, 6, 13, 7 ], "texture": "#emerald_pickaxe" },
				"east": { "uv": [ 12, 6, 13, 7 ], "texture": "#emerald_pickaxe" }
			}
		},
		{
			"__comment": "Box25",
			"from": [ 12, 7.75, 6 ],
			"to": [ 13, 9.25, 7 ],
			"faces": {
				"down": { "uv": [ 12, 6, 13, 7 ], "texture": "#emerald_pickaxe" },
				"up": { "uv": [ 12, 6, 13, 7 ], "texture": "#emerald_pickaxe" },
				"north": { "uv": [ 12, 6, 13, 7 ], "texture": "#emerald_pickaxe" },
				"south": { "uv": [ 12, 6, 12.5, 7 ], "texture": "#emerald_pickaxe" },
				"west": { "uv": [ 12, 6, 13, 7 ], "texture": "#emerald_pickaxe" },
				"east": { "uv": [ 12, 6, 13, 7 ], "texture": "#emerald_pickaxe" }
			}
		},
		{
			"__comment": "Box16",
			"from": [ 13.25, 9.5, 3 ],
			"to": [ 14.25, 10.5, 4 ],
			"rotation": { "origin": [ 13.25, 9.5, 3 ], "axis": "y", "angle": -45 },
			"faces": {
				"down": { "uv": [ 12.5, 11.5, 13.5, 12.5 ], "texture": "#texture" },
				"up": { "uv": [ 12.5, 3.5, 13.5, 4.5 ], "texture": "#texture" },
				"north": { "uv": [ 2.5, 7, 3.5, 8 ], "texture": "#texture" },
				"south": { "uv": [ 12.5, 7, 13.5, 8 ], "texture": "#texture" },
				"west": { "uv": [ 3.5, 7, 4.5, 8 ], "texture": "#texture" },
				"east": { "uv": [ 11.5, 7, 12.5, 8 ], "texture": "#texture" }
			}
		},
		{
			"__comment": "Box16",
			"from": [ 14.25, 9.5, 2 ],
			"to": [ 15.25, 10.5, 3 ],
			"rotation": { "origin": [ 14.25, 9.5, 2 ], "axis": "y", "angle": -45 },
			"faces": {
				"down": { "uv": [ 12.5, 11.5, 13.5, 12.5 ], "texture": "#texture" },
				"up": { "uv": [ 12.5, 3.5, 13.5, 4.5 ], "texture": "#texture" },
				"north": { "uv": [ 2.5, 7, 3.5, 8 ], "texture": "#texture" },
				"south": { "uv": [ 12.5, 7, 13.5, 8 ], "texture": "#texture" },
				"west": { "uv": [ 3.5, 7, 4.5, 8 ], "texture": "#texture" },
				"east": { "uv": [ 11.5, 7, 12.5, 8 ], "texture": "#texture" }
			}
		},
		{
			"__comment": "Box16",
			"from": [ 15.25, 9.5, 1 ],
			"to": [ 16.25, 10.5, 2 ],
			"rotation": { "origin": [ 15.25, 9.5, 1 ], "axis": "y", "angle": -45 },
			"faces": {
				"down": { "uv": [ 12.5, 11.5, 13.5, 12.5 ], "texture": "#texture" },
				"up": { "uv": [ 12.5, 3.5, 13.5, 4.5 ], "texture": "#texture" },
				"north": { "uv": [ 2.5, 7, 3.5, 8 ], "texture": "#texture" },
				"south": { "uv": [ 12.5, 7, 13.5, 8 ], "texture": "#texture" },
				"west": { "uv": [ 3.5, 7, 4.5, 8 ], "texture": "#texture" },
				"east": { "uv": [ 11.5, 7, 12.5, 8 ], "texture": "#texture" }
			}
		},
		{
			"__comment": "Box16",
			"from": [ 15.25, 8, 1 ],
			"to": [ 16.25, 9, 2 ],
			"rotation": { "origin": [ 15.25, 8, 1 ], "axis": "y", "angle": -45 },
			"faces": {
				"down": { "uv": [ 12.5, 11.5, 13.5, 12.5 ], "texture": "#texture" },
				"up": { "uv": [ 12.5, 3.5, 13.5, 4.5 ], "texture": "#texture" },
				"north": { "uv": [ 2.5, 7, 3.5, 8 ], "texture": "#texture" },
				"south": { "uv": [ 12.5, 7, 13.5, 8 ], "texture": "#texture" },
				"west": { "uv": [ 3.5, 7, 4.5, 8 ], "texture": "#texture" },
				"east": { "uv": [ 11.5, 7, 12.5, 8 ], "texture": "#texture" }
			}
		},
		{
			"__comment": "Box16",
			"from": [ 14.25, 8, 2 ],
			"to": [ 15.25, 9, 3 ],
			"rotation": { "origin": [ 14.25, 8, 2 ], "axis": "y", "angle": -45 },
			"faces": {
				"down": { "uv": [ 12.5, 11.5, 13.5, 12.5 ], "texture": "#texture" },
				"up": { "uv": [ 12.5, 3.5, 13.5, 4.5 ], "texture": "#texture" },
				"north": { "uv": [ 2.5, 7, 3.5, 8 ], "texture": "#texture" },
				"south": { "uv": [ 12.5, 7, 13.5, 8 ], "texture": "#texture" },
				"west": { "uv": [ 3.5, 7, 4.5, 8 ], "texture": "#texture" },
				"east": { "uv": [ 11.5, 7, 12.5, 8 ], "texture": "#texture" }
			}
		},
		{
			"__comment": "Box16",
			"from": [ 13.25, 8, 3 ],
			"to": [ 14.25, 9, 4 ],
			"rotation": { "origin": [ 13.25, 8, 3 ], "axis": "y", "angle": -45 },
			"faces": {
				"down": { "uv": [ 12.5, 11.5, 13.5, 12.5 ], "texture": "#texture" },
				"up": { "uv": [ 12.5, 3.5, 13.5, 4.5 ], "texture": "#texture" },
				"north": { "uv": [ 2.5, 7, 3.5, 8 ], "texture": "#texture" },
				"south": { "uv": [ 12.5, 7, 13.5, 8 ], "texture": "#texture" },
				"west": { "uv": [ 3.5, 7, 4.5, 8 ], "texture": "#texture" },
				"east": { "uv": [ 11.5, 7, 12.5, 8 ], "texture": "#texture" }
			}
		},
		{
			"__comment": "Box16",
			"from": [ 13.25, 6.5, 3 ],
			"to": [ 14.25, 7.5, 4 ],
			"rotation": { "origin": [ 13.25, 6.5, 3 ], "axis": "y", "angle": -45 },
			"faces": {
				"down": { "uv": [ 12.5, 11.5, 13.5, 12.5 ], "texture": "#texture" },
				"up": { "uv": [ 12.5, 3.5, 13.5, 4.5 ], "texture": "#texture" },
				"north": { "uv": [ 2.5, 7, 3.5, 8 ], "texture": "#texture" },
				"south": { "uv": [ 12.5, 7, 13.5, 8 ], "texture": "#texture" },
				"west": { "uv": [ 3.5, 7, 4.5, 8 ], "texture": "#texture" },
				"east": { "uv": [ 11.5, 7, 12.5, 8 ], "texture": "#texture" }
			}
		},
		{
			"__comment": "Box16",
			"from": [ 14.25, 6.5, 2 ],
			"to": [ 15.25, 7.5, 3 ],
			"rotation": { "origin": [ 14.25, 6.5, 2 ], "axis": "y", "angle": -45 },
			"faces": {
				"down": { "uv": [ 12.5, 11.5, 13.5, 12.5 ], "texture": "#texture" },
				"up": { "uv": [ 12.5, 3.5, 13.5, 4.5 ], "texture": "#texture" },
				"north": { "uv": [ 2.5, 7, 3.5, 8 ], "texture": "#texture" },
				"south": { "uv": [ 12.5, 7, 13.5, 8 ], "texture": "#texture" },
				"west": { "uv": [ 3.5, 7, 4.5, 8 ], "texture": "#texture" },
				"east": { "uv": [ 11.5, 7, 12.5, 8 ], "texture": "#texture" }
			}
		},
		{
			"__comment": "Box16",
			"from": [ 15.25, 6.5, 1 ],
			"to": [ 16.25, 7.5, 2 ],
			"rotation": { "origin": [ 15.25, 6.5, 1 ], "axis": "y", "angle": -45 },
			"faces": {
				"down": { "uv": [ 12.5, 11.5, 13.5, 12.5 ], "texture": "#texture" },
				"up": { "uv": [ 12.5, 3.5, 13.5, 4.5 ], "texture": "#texture" },
				"north": { "uv": [ 2.5, 7, 3.5, 8 ], "texture": "#texture" },
				"south": { "uv": [ 12.5, 7, 13.5, 8 ], "texture": "#texture" },
				"west": { "uv": [ 3.5, 7, 4.5, 8 ], "texture": "#texture" },
				"east": { "uv": [ 11.5, 7, 12.5, 8 ], "texture": "#texture" }
			}
		},
		{
			"__comment": "Box16",
			"from": [ 14.25, 6.5, 4 ],
			"to": [ 15.25, 7.5, 5 ],
			"rotation": { "origin": [ 14.25, 6.5, 4 ], "axis": "y", "angle": -45 },
			"faces": {
				"down": { "uv": [ 12.5, 11.5, 13.5, 12.5 ], "texture": "#texture" },
				"up": { "uv": [ 12.5, 3.5, 13.5, 4.5 ], "texture": "#texture" },
				"north": { "uv": [ 2.5, 7, 3.5, 8 ], "texture": "#texture" },
				"south": { "uv": [ 12.5, 7, 13.5, 8 ], "texture": "#texture" },
				"west": { "uv": [ 3.5, 7, 4.5, 8 ], "texture": "#texture" },
				"east": { "uv": [ 11.5, 7, 12.5, 8 ], "texture": "#texture" }
			}
		},
		{
			"__comment": "Box16",
			"from": [ 14.25, 8, 4 ],
			"to": [ 15.25, 9, 5 ],
			"rotation": { "origin": [ 14.25, 8, 4 ], "axis": "y", "angle": -45 },
			"faces": {
				"down": { "uv": [ 12.5, 11.5, 13.5, 12.5 ], "texture": "#texture" },
				"up": { "uv": [ 12.5, 3.5, 13.5, 4.5 ], "texture": "#texture" },
				"north": { "uv": [ 2.5, 7, 3.5, 8 ], "texture": "#texture" },
				"south": { "uv": [ 12.5, 7, 13.5, 8 ], "texture": "#texture" },
				"west": { "uv": [ 3.5, 7, 4.5, 8 ], "texture": "#texture" },
				"east": { "uv": [ 11.5, 7, 12.5, 8 ], "texture": "#texture" }
			}
		},
		{
			"__comment": "Box16",
			"from": [ 14.25, 9.5, 4 ],
			"to": [ 15.25, 10.5, 5 ],
			"rotation": { "origin": [ 14.25, 9.5, 4 ], "axis": "y", "angle": -45 },
			"faces": {
				"down": { "uv": [ 12.5, 11.5, 13.5, 12.5 ], "texture": "#texture" },
				"up": { "uv": [ 12.5, 3.5, 13.5, 4.5 ], "texture": "#texture" },
				"north": { "uv": [ 2.5, 7, 3.5, 8 ], "texture": "#texture" },
				"south": { "uv": [ 12.5, 7, 13.5, 8 ], "texture": "#texture" },
				"west": { "uv": [ 3.5, 7, 4.5, 8 ], "texture": "#texture" },
				"east": { "uv": [ 11.5, 7, 12.5, 8 ], "texture": "#texture" }
			}
		},
		{
			"__comment": "Box16",
			"from": [ 15.25, 9.5, 3 ],
			"to": [ 16.25, 10.5, 4 ],
			"rotation": { "origin": [ 15.25, 9.5, 3 ], "axis": "y", "angle": -45 },
			"faces": {
				"down": { "uv": [ 12.5, 11.5, 13.5, 12.5 ], "texture": "#texture" },
				"up": { "uv": [ 12.5, 3.5, 13.5, 4.5 ], "texture": "#texture" },
				"north": { "uv": [ 2.5, 7, 3.5, 8 ], "texture": "#texture" },
				"south": { "uv": [ 12.5, 7, 13.5, 8 ], "texture": "#texture" },
				"west": { "uv": [ 3.5, 7, 4.5, 8 ], "texture": "#texture" },
				"east": { "uv": [ 11.5, 7, 12.5, 8 ], "texture": "#texture" }
			}
		},
		{
			"__comment": "Box16",
			"from": [ 15.25, 8, 3 ],
			"to": [ 16.25, 9, 4 ],
			"rotation": { "origin": [ 15.25, 8, 3 ], "axis": "y", "angle": -45 },
			"faces": {
				"down": { "uv": [ 12.5, 11.5, 13.5, 12.5 ], "texture": "#texture1" },
				"up": { "uv": [ 12.5, 3.5, 13.5, 4.5 ], "texture": "#texture1" },
				"north": { "uv": [ 2.5, 7, 3.5, 8 ], "texture": "#texture1" },
				"south": { "uv": [ 12.5, 7, 13.5, 8 ], "texture": "#texture1" },
				"west": { "uv": [ 3.5, 7, 4.5, 8 ], "texture": "#texture1" },
				"east": { "uv": [ 11.5, 7, 12.5, 8 ], "texture": "#texture1" }
			}
		},
		{
			"__comment": "Box16",
			"from": [ 15.25, 6.5, 3 ],
			"to": [ 16.25, 7.5, 4 ],
			"rotation": { "origin": [ 15.25, 6.5, 3 ], "axis": "y", "angle": -45 },
			"faces": {
				"down": { "uv": [ 12.5, 11.5, 13.5, 12.5 ], "texture": "#texture" },
				"up": { "uv": [ 12.5, 3.5, 13.5, 4.5 ], "texture": "#texture" },
				"north": { "uv": [ 2.5, 7, 3.5, 8 ], "texture": "#texture" },
				"south": { "uv": [ 12.5, 7, 13.5, 8 ], "texture": "#texture" },
				"west": { "uv": [ 3.5, 7, 4.5, 8 ], "texture": "#texture" },
				"east": { "uv": [ 11.5, 7, 12.5, 8 ], "texture": "#texture" }
			}
		},
		{
			"__comment": "Box16",
			"from": [ 16.25, 6.5, 2 ],
			"to": [ 17.25, 7.5, 3 ],
			"rotation": { "origin": [ 16.25, 6.5, 2 ], "axis": "y", "angle": -45 },
			"faces": {
				"down": { "uv": [ 12.5, 11.5, 13.5, 12.5 ], "texture": "#texture" },
				"up": { "uv": [ 12.5, 3.5, 13.5, 4.5 ], "texture": "#texture" },
				"north": { "uv": [ 2.5, 7, 3.5, 8 ], "texture": "#texture" },
				"south": { "uv": [ 12.5, 7, 13.5, 8 ], "texture": "#texture" },
				"west": { "uv": [ 3.5, 7, 4.5, 8 ], "texture": "#texture" },
				"east": { "uv": [ 11.5, 7, 12.5, 8 ], "texture": "#texture" }
			}
		},
		{
			"__comment": "Box16",
			"from": [ 16.25, 8, 2 ],
			"to": [ 17.25, 9, 3 ],
			"rotation": { "origin": [ 16.25, 8, 2 ], "axis": "y", "angle": -45 },
			"faces": {
				"down": { "uv": [ 12.5, 11.5, 13.5, 12.5 ], "texture": "#texture" },
				"up": { "uv": [ 12.5, 3.5, 13.5, 4.5 ], "texture": "#texture" },
				"north": { "uv": [ 2.5, 7, 3.5, 8 ], "texture": "#texture" },
				"south": { "uv": [ 12.5, 7, 13.5, 8 ], "texture": "#texture" },
				"west": { "uv": [ 3.5, 7, 4.5, 8 ], "texture": "#texture" },
				"east": { "uv": [ 11.5, 7, 12.5, 8 ], "texture": "#texture" }
			}
		},
		{
			"__comment": "Box16",
			"from": [ 16.25, 9.5, 2 ],
			"to": [ 17.25, 10.5, 3 ],
			"rotation": { "origin": [ 16.25, 9.5, 2 ], "axis": "y", "angle": -45 },
			"faces": {
				"down": { "uv": [ 12.5, 11.5, 13.5, 12.5 ], "texture": "#texture" },
				"up": { "uv": [ 12.5, 3.5, 13.5, 4.5 ], "texture": "#texture" },
				"north": { "uv": [ 2.5, 7, 3.5, 8 ], "texture": "#texture" },
				"south": { "uv": [ 12.5, 7, 13.5, 8 ], "texture": "#texture" },
				"west": { "uv": [ 3.5, 7, 4.5, 8 ], "texture": "#texture" },
				"east": { "uv": [ 11.5, 7, 12.5, 8 ], "texture": "#texture" }
			}
		}
	],
	"display": {
		"thirdperson_righthand": {
			"rotation":  [ 63, 0, 111 ],
			"translation":  [ 0, 4, 0.5 ],
			"scale":  [ 0.85, 0.85, 0.85 ]
		},
		"thirdperson_lefthand": {
			"rotation":  [ 63, 0, -86 ],
			"translation":  [ 0, 4, 1.1956 ],
			"scale":  [ 0.85, 0.85, 0.85 ]
		},
		"firstperson_righthand": {
			"rotation":  [ 37, 7, 97 ],
			"translation":  [ 1.3912, 2.0869, 0.4353 ],
			"scale":  [ 0.68, 0.68, 0.68 ]
		},
		"firstperson_lefthand": {
			"rotation":  [ 29, -3, -67 ],
			"translation":  [ 1.3912, 2.0869, 0.4353 ],
			"scale":  [ 0.68, 0.68, 0.68 ]
		},
		"gui": {
			"rotation":  [ 0, -54, 90 ],
			"translation":  [ 0, -1.391, 0 ],
			"scale":  [ 0.8, 0.8, 0.8 ]
		},
		"ground": {
			"rotation":  [ 0, 0, 90 ],
			"translation":  [ 0, 2, 0 ],
			"scale":  [ 0.5, 0.5, 0.5 ]
		},
		"fixed": {
			"rotation":  [ 0, -90, 90 ]
		}
	}
}