{
  "__comment": "designed_by_roddan_with_bdcraft_cubik_pro_0.87_beta_-_http://bdcraft.net",
  "textures": {
    "texture": "item/custom/warlords/axe/gemsceptertexture1",
    "gemsceptertexture4": "item/custom/warlords/axe/gemsceptertexture4",
    "gemsceptertexture2": "item/custom/warlords/axe/gemsceptertexture2",
    "gemsceptertexture3": "item/custom/warlords/axe/gemsceptertexture3",
    "gemringsheet": "item/custom/warlords/axe/gemringsheet"
  },
  "elements": [
    {
      "from": [
        7,
        1.5,
        11
      ],
      "to": [
        9,
        16,
        12.5
      ],
      "faces": {
        "north": {
          "uv": [
            2,
            0.5,
            0,
            15
          ],
          "texture": "#texture"
        },
        "south": {
          "uv": [
            0,
            0.5,
            2,
            15
          ],
          "texture": "#texture"
        },
        "west": {
          "uv": [
            0.5,
            0.5,
            2,
            15
          ],
          "texture": "#texture"
        },
        "east": {
          "uv": [
            0,
            0.5,
            1.5,
            15
          ],
          "texture": "#texture"
        }
      }
    },
    {
      "from": [
        7.5,
        1.5,
        10.5
      ],
      "to": [
        8.5,
        16,
        13
      ],
      "faces": {
        "north": {
          "uv": [
            1.5,
            0.5,
            0.5,
            15
          ],
          "texture": "#texture"
        },
        "south": {
          "uv": [
            0.5,
            0.5,
            1.5,
            15
          ],
          "texture": "#texture"
        },
        "west": {
          "uv": [
            13,
            0.5,
            10.5,
            12.5
          ],
          "texture": "#texture"
        },
        "east": {
          "uv": [
            11.5,
            0.5,
            14,
            12.5
          ],
          "texture": "#texture"
        }
      }
    },
    {
      "from": [
        6.5,
        16,
        10
      ],
      "to": [
        9.5,
        17.5,
        13.5
      ],
      "faces": {
        "down": {
          "uv": [
            3,
            14.5,
            6,
            16
          ],
          "texture": "#texture",
          "cullface": "up"
        },
        "north": {
          "uv": [
            6,
            14.5,
            3,
            16
          ],
          "texture": "#texture",
          "cullface": "up"
        },
        "south": {
          "uv": [
            3,
            14.5,
            6,
            16
          ],
          "texture": "#texture",
          "cullface": "up"
        },
        "west": {
          "uv": [
            6,
            14.5,
            3,
            16
          ],
          "texture": "#texture",
          "cullface": "up"
        },
        "east": {
          "uv": [
            3,
            14.5,
            6,
            16
          ],
          "texture": "#texture",
          "cullface": "up"
        }
      }
    },
    {
      "from": [
        6.5,
        17.5,
        9
      ],
      "to": [
        10.5,
        23.5,
        14.5
      ],
      "faces": {
        "down": {
          "uv": [
            11,
            5,
            5.5,
            11
          ],
          "texture": "#gemsceptertexture4",
          "cullface": "up"
        },
        "up": {
          "uv": [
            5.5,
            5,
            10.5,
            11
          ],
          "texture": "#gemsceptertexture4",
          "cullface": "up"
        },
        "north": {
          "uv": [
            10.5,
            4.5,
            6.5,
            11
          ],
          "texture": "#gemsceptertexture2",
          "cullface": "up"
        },
        "south": {
          "uv": [
            6.5,
            4.5,
            10.5,
            11
          ],
          "texture": "#gemsceptertexture2",
          "cullface": "up"
        },
        "west": {
          "uv": [
            10.5,
            5,
            13,
            7.5
          ],
          "texture": "#gemsceptertexture2",
          "cullface": "up"
        }
      }
    },
    {
      "from": [
        10.5,
        17.5,
        9.5
      ],
      "to": [
        13,
        23.5,
        14
      ],
      "faces": {
        "down": {
          "uv": [
            9.5,
            5.5,
            12,
            10.5
          ],
          "texture": "#gemsceptertexture4",
          "cullface": "up"
        },
        "up": {
          "uv": [
            9.5,
            5.5,
            12,
            10.5
          ],
          "texture": "#gemsceptertexture4",
          "cullface": "up"
        },
        "north": {
          "uv": [
            13,
            4.5,
            10.5,
            10.5
          ],
          "texture": "#gemsceptertexture2",
          "cullface": "up"
        },
        "south": {
          "uv": [
            10.5,
            4.5,
            13,
            10.5
          ],
          "texture": "#gemsceptertexture2",
          "cullface": "up"
        }
      }
    },
    {
      "from": [
        14,
        19,
        10.5
      ],
      "to": [
        14.5,
        19.5,
        13
      ],
      "faces": {
        "down": {
          "uv": [
            4,
            6.5,
            4.5,
            8
          ],
          "texture": "#gemsceptertexture2",
          "cullface": "up"
        },
        "north": {
          "uv": [
            14,
            8,
            14.5,
            8.5
          ],
          "texture": "#gemsceptertexture2",
          "cullface": "up"
        },
        "south": {
          "uv": [
            14,
            8,
            14.5,
            8.5
          ],
          "texture": "#gemsceptertexture2",
          "cullface": "up"
        },
        "east": {
          "uv": [
            10.5,
            7.5,
            12.5,
            8
          ],
          "texture": "#gemsceptertexture2",
          "cullface": "up"
        }
      }
    },
    {
      "from": [
        14,
        19.5,
        10.5
      ],
      "to": [
        15,
        22,
        13
      ],
      "faces": {
        "down": {
          "uv": [
            7,
            6.5,
            8,
            8
          ],
          "texture": "#gemsceptertexture4",
          "cullface": "up"
        },
        "up": {
          "uv": [
            1,
            5,
            2,
            6.5
          ],
          "texture": "#gemsceptertexture4",
          "cullface": "up"
        },
        "north": {
          "uv": [
            12,
            4.5,
            13,
            7
          ],
          "texture": "#gemsceptertexture2",
          "cullface": "up"
        },
        "south": {
          "uv": [
            12,
            4.5,
            13,
            7
          ],
          "texture": "#gemsceptertexture2",
          "cullface": "up"
        },
        "east": {
          "uv": [
            12.5,
            4.5,
            12,
            7
          ],
          "texture": "#gemsceptertexture2",
          "cullface": "up"
        }
      }
    },
    {
      "from": [
        10.5,
        18.5,
        9
      ],
      "to": [
        11.5,
        22.5,
        14.5
      ],
      "faces": {
        "down": {
          "uv": [
            10.5,
            5,
            11.5,
            8
          ],
          "texture": "#gemsceptertexture2",
          "cullface": "up"
        },
        "up": {
          "uv": [
            10.5,
            5,
            11.5,
            8
          ],
          "texture": "#gemsceptertexture2",
          "cullface": "up"
        },
        "north": {
          "uv": [
            12,
            6,
            11,
            9.5
          ],
          "texture": "#gemsceptertexture2",
          "cullface": "up"
        },
        "south": {
          "uv": [
            11,
            6,
            12,
            9.5
          ],
          "texture": "#gemsceptertexture2",
          "cullface": "up"
        },
        "east": {
          "uv": [
            11,
            6,
            12,
            9.5
          ],
          "texture": "#gemsceptertexture2",
          "cullface": "up"
        }
      }
    },
    {
      "from": [
        13,
        19.5,
        9.5
      ],
      "to": [
        13.5,
        22,
        14
      ],
      "faces": {
        "down": {
          "uv": [
            12.5,
            5,
            13,
            5.5
          ],
          "texture": "#gemsceptertexture2",
          "cullface": "up"
        },
        "up": {
          "uv": [
            12.5,
            5,
            13,
            5.5
          ],
          "texture": "#gemsceptertexture2",
          "cullface": "up"
        },
        "north": {
          "uv": [
            13.5,
            6,
            13,
            8.5
          ],
          "texture": "#gemsceptertexture2",
          "cullface": "up"
        },
        "south": {
          "uv": [
            13,
            6,
            13.5,
            8.5
          ],
          "texture": "#gemsceptertexture2",
          "cullface": "up"
        },
        "east": {
          "uv": [
            11.5,
            5.5,
            12,
            8
          ],
          "texture": "#gemsceptertexture2",
          "cullface": "up"
        }
      }
    },
    {
      "from": [
        14,
        20,
        10
      ],
      "to": [
        14.5,
        21.5,
        13.5
      ],
      "faces": {
        "down": {
          "uv": [
            11.5,
            7.5,
            12,
            7
          ],
          "texture": "#gemsceptertexture2",
          "cullface": "up"
        },
        "up": {
          "uv": [
            13.5,
            6,
            14,
            7
          ],
          "texture": "#gemsceptertexture2",
          "cullface": "up"
        },
        "north": {
          "uv": [
            14.5,
            6.5,
            14,
            8
          ],
          "texture": "#gemsceptertexture2",
          "cullface": "up"
        },
        "south": {
          "uv": [
            14,
            6.5,
            14.5,
            8
          ],
          "texture": "#gemsceptertexture2",
          "cullface": "up"
        },
        "east": {
          "uv": [
            14,
            6.5,
            14.5,
            8
          ],
          "texture": "#gemsceptertexture2",
          "cullface": "up"
        }
      }
    },
    {
      "from": [
        6.5,
        22.5,
        8.5
      ],
      "to": [
        9.5,
        24.5,
        15
      ],
      "faces": {
        "up": {
          "uv": [
            6,
            7,
            3,
            9
          ],
          "texture": "#texture",
          "cullface": "up"
        },
        "north": {
          "uv": [
            6,
            7,
            3,
            9
          ],
          "texture": "#texture",
          "cullface": "up"
        },
        "south": {
          "uv": [
            3,
            7,
            6,
            9
          ],
          "texture": "#texture",
          "cullface": "up"
        },
        "west": {
          "uv": [
            6,
            7,
            3,
            9
          ],
          "texture": "#texture",
          "cullface": "up"
        },
        "east": {
          "uv": [
            3,
            7,
            6,
            9
          ],
          "texture": "#texture",
          "cullface": "up"
        }
      }
    },
    {
      "from": [
        6,
        19,
        8
      ],
      "to": [
        10,
        22.5,
        15.5
      ],
      "faces": {
        "down": {
          "uv": [
            2.5,
            9,
            6.5,
            12.5
          ],
          "texture": "#texture",
          "cullface": "up"
        },
        "up": {
          "uv": [
            6.5,
            9,
            2.5,
            12.5
          ],
          "texture": "#texture",
          "cullface": "up"
        },
        "north": {
          "uv": [
            6.5,
            9,
            2.5,
            12.5
          ],
          "texture": "#texture",
          "cullface": "up"
        },
        "south": {
          "uv": [
            2.5,
            9,
            6.5,
            12.5
          ],
          "texture": "#texture",
          "cullface": "up"
        },
        "west": {
          "uv": [
            6.5,
            9,
            2.5,
            12.5
          ],
          "texture": "#texture",
          "cullface": "up"
        },
        "east": {
          "uv": [
            2.5,
            9,
            6.5,
            12.5
          ],
          "texture": "#texture",
          "cullface": "up"
        }
      }
    },
    {
      "from": [
        6.5,
        18.5,
        8
      ],
      "to": [
        9.5,
        19,
        15.5
      ],
      "faces": {
        "down": {
          "uv": [
            3,
            12.5,
            6,
            13
          ],
          "texture": "#texture",
          "cullface": "up"
        },
        "north": {
          "uv": [
            6,
            12.5,
            3,
            13
          ],
          "texture": "#texture",
          "cullface": "up"
        },
        "south": {
          "uv": [
            3,
            12.5,
            6,
            13
          ],
          "texture": "#texture",
          "cullface": "up"
        },
        "west": {
          "uv": [
            6,
            12.5,
            3,
            13
          ],
          "texture": "#texture",
          "cullface": "up"
        },
        "east": {
          "uv": [
            3,
            12.5,
            6,
            13
          ],
          "texture": "#texture",
          "cullface": "up"
        }
      }
    },
    {
      "from": [
        7,
        17,
        8.5
      ],
      "to": [
        9,
        18.5,
        15
      ],
      "faces": {
        "down": {
          "uv": [
            3.5,
            13,
            5.5,
            14.5
          ],
          "texture": "#texture",
          "cullface": "up"
        },
        "north": {
          "uv": [
            5.5,
            13,
            3.5,
            14.5
          ],
          "texture": "#texture",
          "cullface": "up"
        },
        "south": {
          "uv": [
            3.5,
            13,
            5.5,
            14.5
          ],
          "texture": "#texture",
          "cullface": "up"
        },
        "west": {
          "uv": [
            5.5,
            13,
            3.5,
            14.5
          ],
          "texture": "#texture",
          "cullface": "up"
        },
        "east": {
          "uv": [
            3.5,
            13,
            5.5,
            14.5
          ],
          "texture": "#texture",
          "cullface": "up"
        }
      }
    },
    {
      "from": [
        2,
        24,
        10
      ],
      "to": [
        5.5,
        24.5,
        13.5
      ],
      "faces": {
        "up": {
          "uv": [
            2.5,
            5.5,
            6,
            9
          ],
          "texture": "#gemsceptertexture4",
          "cullface": "up"
        },
        "north": {
          "uv": [
            5.5,
            3.5,
            2,
            4
          ],
          "texture": "#gemsceptertexture2",
          "cullface": "up"
        },
        "south": {
          "uv": [
            2,
            3.5,
            5.5,
            4
          ],
          "texture": "#gemsceptertexture2",
          "cullface": "up"
        },
        "west": {
          "uv": [
            6.5,
            4.5,
            10,
            5
          ],
          "texture": "#gemsceptertexture3",
          "cullface": "up"
        },
        "east": {
          "uv": [
            9.5,
            8.5,
            7,
            9
          ],
          "texture": "#gemsceptertexture3",
          "cullface": "up"
        }
      }
    },
    {
      "from": [
        2.5,
        16.5,
        10
      ],
      "to": [
        6,
        17,
        13.5
      ],
      "faces": {
        "down": {
          "uv": [
            3,
            10,
            6.5,
            6.5
          ],
          "texture": "#gemsceptertexture4",
          "cullface": "up"
        },
        "north": {
          "uv": [
            2.5,
            11,
            6,
            11.5
          ],
          "texture": "#gemsceptertexture2",
          "cullface": "up"
        },
        "south": {
          "uv": [
            2.5,
            11,
            6,
            11.5
          ],
          "texture": "#gemsceptertexture2",
          "cullface": "up"
        },
        "west": {
          "uv": [
            6.5,
            12,
            10,
            12.5
          ],
          "texture": "#gemsceptertexture3",
          "cullface": "up"
        },
        "east": {
          "uv": [
            6.5,
            12,
            10,
            12.5
          ],
          "texture": "#gemsceptertexture3",
          "cullface": "up"
        }
      }
    },
    {
      "from": [
        1,
        18,
        9
      ],
      "to": [
        1.5,
        24,
        14.5
      ],
      "faces": {
        "down": {
          "uv": [
            3,
            8.5,
            3.5,
            9
          ],
          "texture": "#gemsceptertexture4",
          "cullface": "up"
        },
        "up": {
          "uv": [
            1.5,
            4,
            2,
            10.5
          ],
          "texture": "#gemsceptertexture4",
          "cullface": "up"
        },
        "north": {
          "uv": [
            1.5,
            4,
            1,
            9.5
          ],
          "texture": "#gemsceptertexture2",
          "cullface": "up"
        },
        "south": {
          "uv": [
            1,
            4,
            1.5,
            9.5
          ],
          "texture": "#gemsceptertexture2",
          "cullface": "up"
        },
        "west": {
          "uv": [
            5.5,
            5,
            11,
            10.5
          ],
          "texture": "#gemsceptertexture3",
          "cullface": "up"
        }
      }
    },
    {
      "from": [
        0.5,
        19,
        9.5
      ],
      "to": [
        1,
        22.5,
        14
      ],
      "faces": {
        "down": {
          "uv": [
            1,
            5.5,
            1.5,
            11
          ],
          "texture": "#gemsceptertexture4",
          "cullface": "up"
        },
        "up": {
          "uv": [
            1,
            5.5,
            1.5,
            11
          ],
          "texture": "#gemsceptertexture4",
          "cullface": "up"
        },
        "north": {
          "uv": [
            1,
            5.5,
            0.5,
            9.5
          ],
          "texture": "#gemsceptertexture2",
          "cullface": "up"
        },
        "south": {
          "uv": [
            0.5,
            5.5,
            1,
            9.5
          ],
          "texture": "#gemsceptertexture2",
          "cullface": "up"
        },
        "west": {
          "uv": [
            10.5,
            6,
            6,
            9.5
          ],
          "texture": "#gemsceptertexture3",
          "cullface": "up"
        }
      }
    },
    {
      "from": [
        1,
        18,
        14.5
      ],
      "to": [
        3.5,
        23.5,
        15
      ],
      "faces": {
        "down": {
          "uv": [
            1.5,
            11.5,
            4,
            12
          ],
          "texture": "#gemsceptertexture4",
          "cullface": "up"
        },
        "up": {
          "uv": [
            1.5,
            12,
            4,
            11.5
          ],
          "texture": "#gemsceptertexture4",
          "cullface": "up"
        },
        "north": {
          "uv": [
            3.5,
            4.5,
            1,
            10.5
          ],
          "texture": "#gemsceptertexture2",
          "cullface": "up"
        },
        "south": {
          "uv": [
            1,
            4.5,
            3.5,
            10.5
          ],
          "texture": "#gemsceptertexture2",
          "cullface": "up"
        },
        "west": {
          "uv": [
            10.5,
            5,
            11,
            11
          ],
          "texture": "#gemsceptertexture3",
          "cullface": "up"
        },
        "east": {
          "uv": [
            10.5,
            5,
            11,
            11
          ],
          "texture": "#gemsceptertexture3",
          "cullface": "up"
        }
      }
    },
    {
      "from": [
        3.5,
        18.5,
        8.5
      ],
      "to": [
        4.5,
        23,
        15
      ],
      "faces": {
        "down": {
          "uv": [
            2.5,
            4,
            3.5,
            5
          ],
          "texture": "#gemsceptertexture4",
          "cullface": "up"
        },
        "up": {
          "uv": [
            2.5,
            4,
            3.5,
            5
          ],
          "texture": "#gemsceptertexture4",
          "cullface": "up"
        },
        "north": {
          "uv": [
            4.5,
            5,
            3.5,
            10
          ],
          "texture": "#gemsceptertexture2",
          "cullface": "up"
        },
        "south": {
          "uv": [
            3.5,
            5,
            4.5,
            10
          ],
          "texture": "#gemsceptertexture2",
          "cullface": "up"
        },
        "west": {
          "uv": [
            10.5,
            5,
            11,
            11
          ],
          "texture": "#gemsceptertexture3",
          "cullface": "up"
        },
        "east": {
          "uv": [
            10.5,
            5,
            11,
            11
          ],
          "texture": "#gemsceptertexture3",
          "cullface": "up"
        }
      }
    },
    {
      "from": [
        1,
        18,
        8.5
      ],
      "to": [
        3.5,
        23.5,
        9
      ],
      "faces": {
        "down": {
          "uv": [
            8,
            9.5,
            5,
            9
          ],
          "texture": "#gemsceptertexture4",
          "cullface": "up"
        },
        "up": {
          "uv": [
            1.5,
            5,
            4.5,
            5.5
          ],
          "texture": "#gemsceptertexture4",
          "cullface": "up"
        },
        "north": {
          "uv": [
            4,
            4.5,
            1,
            9.5
          ],
          "texture": "#gemsceptertexture2",
          "cullface": "up"
        },
        "south": {
          "uv": [
            1,
            4.5,
            4,
            9.5
          ],
          "texture": "#gemsceptertexture2",
          "cullface": "up"
        },
        "west": {
          "uv": [
            5.5,
            5,
            6,
            10.5
          ],
          "texture": "#gemsceptertexture3",
          "cullface": "up"
        },
        "east": {
          "uv": [
            5.5,
            5,
            6,
            10.5
          ],
          "texture": "#gemsceptertexture3",
          "cullface": "up"
        }
      }
    },
    {
      "from": [
        1,
        18.5,
        15
      ],
      "to": [
        3,
        23,
        15.5
      ],
      "faces": {
        "down": {
          "uv": [
            2,
            10.5,
            4,
            11
          ],
          "texture": "#gemsceptertexture4",
          "cullface": "up"
        },
        "up": {
          "uv": [
            2,
            11,
            4,
            10.5
          ],
          "texture": "#gemsceptertexture4",
          "cullface": "up"
        },
        "south": {
          "uv": [
            1,
            5,
            3,
            9.5
          ],
          "texture": "#gemsceptertexture2",
          "cullface": "up"
        },
        "west": {
          "uv": [
            10.5,
            5,
            11,
            10
          ],
          "texture": "#gemsceptertexture3",
          "cullface": "up"
        },
        "east": {
          "uv": [
            10.5,
            5,
            11,
            10
          ],
          "texture": "#gemsceptertexture3",
          "cullface": "up"
        }
      }
    },
    {
      "from": [
        1,
        18.5,
        8
      ],
      "to": [
        3,
        23,
        8.5
      ],
      "faces": {
        "down": {
          "uv": [
            2,
            10.5,
            4,
            11
          ],
          "texture": "#gemsceptertexture4",
          "cullface": "up"
        },
        "up": {
          "uv": [
            2,
            10.5,
            4,
            11
          ],
          "texture": "#gemsceptertexture4",
          "cullface": "up"
        },
        "north": {
          "uv": [
            3,
            5,
            1,
            9.5
          ],
          "texture": "#gemsceptertexture2",
          "cullface": "up"
        },
        "west": {
          "uv": [
            5.5,
            5,
            6,
            11
          ],
          "texture": "#gemsceptertexture3",
          "cullface": "up"
        },
        "east": {
          "uv": [
            5.5,
            5,
            6,
            11
          ],
          "texture": "#gemsceptertexture3",
          "cullface": "up"
        }
      }
    },
    {
      "from": [
        3,
        19,
        8
      ],
      "to": [
        4,
        22.5,
        15.5
      ],
      "faces": {
        "down": {
          "uv": [
            3.5,
            5.5,
            4.5,
            6.5
          ],
          "texture": "#gemsceptertexture4",
          "cullface": "up"
        },
        "up": {
          "uv": [
            3.5,
            5.5,
            4.5,
            6.5
          ],
          "texture": "#gemsceptertexture4",
          "cullface": "up"
        },
        "north": {
          "uv": [
            4,
            5.5,
            3,
            9
          ],
          "texture": "#gemsceptertexture2",
          "cullface": "up"
        },
        "south": {
          "uv": [
            3,
            5.5,
            4,
            9
          ],
          "texture": "#gemsceptertexture2",
          "cullface": "up"
        },
        "west": {
          "uv": [
            11.5,
            6,
            5,
            10
          ],
          "texture": "#gemsceptertexture3",
          "cullface": "up"
        },
        "east": {
          "uv": [
            5,
            6,
            11.5,
            10
          ],
          "texture": "#gemsceptertexture3",
          "cullface": "up"
        }
      }
    },
    {
      "from": [
        1.5,
        17,
        9.5
      ],
      "to": [
        6.5,
        18,
        14
      ],
      "faces": {
        "down": {
          "uv": [
            2,
            6,
            7,
            11
          ],
          "texture": "#gemsceptertexture4",
          "cullface": "up"
        },
        "north": {
          "uv": [
            7,
            10,
            1.5,
            11
          ],
          "texture": "#gemsceptertexture2",
          "cullface": "up"
        },
        "south": {
          "uv": [
            1.5,
            10,
            7,
            11
          ],
          "texture": "#gemsceptertexture2",
          "cullface": "up"
        },
        "west": {
          "uv": [
            6,
            11,
            10.5,
            12
          ],
          "texture": "#gemsceptertexture3",
          "cullface": "up"
        },
        "east": {
          "uv": [
            6,
            11,
            10.5,
            12
          ],
          "texture": "#gemsceptertexture3",
          "cullface": "up"
        }
      }
    },
    {
      "from": [
        13,
        18,
        10
      ],
      "to": [
        13.5,
        23,
        13.5
      ],
      "faces": {
        "down": {
          "uv": [
            4.5,
            6.5,
            5,
            8
          ],
          "texture": "#gemsceptertexture2",
          "cullface": "up"
        },
        "up": {
          "uv": [
            1,
            6,
            1.5,
            7.5
          ],
          "texture": "#gemsceptertexture2",
          "cullface": "up"
        },
        "north": {
          "uv": [
            13.5,
            5,
            13,
            10
          ],
          "texture": "#gemsceptertexture2",
          "cullface": "up"
        },
        "south": {
          "uv": [
            13,
            5,
            13.5,
            10
          ],
          "texture": "#gemsceptertexture2",
          "cullface": "up"
        },
        "east": {
          "uv": [
            12,
            5,
            13,
            7.5
          ],
          "texture": "#gemsceptertexture2",
          "cullface": "up"
        }
      }
    },
    {
      "from": [
        13.5,
        18.5,
        10
      ],
      "to": [
        14,
        22.5,
        13.5
      ],
      "faces": {
        "down": {
          "uv": [
            4,
            6.5,
            4.5,
            8
          ],
          "texture": "#gemsceptertexture2",
          "cullface": "up"
        },
        "up": {
          "uv": [
            1,
            6,
            1.5,
            7.5
          ],
          "texture": "#gemsceptertexture2",
          "cullface": "up"
        },
        "north": {
          "uv": [
            14,
            5.5,
            13.5,
            9.5
          ],
          "texture": "#gemsceptertexture2",
          "cullface": "up"
        },
        "south": {
          "uv": [
            13.5,
            5.5,
            14,
            9.5
          ],
          "texture": "#gemsceptertexture2",
          "cullface": "up"
        },
        "east": {
          "uv": [
            11.5,
            5.5,
            13,
            7.5
          ],
          "texture": "#gemsceptertexture2",
          "cullface": "up"
        }
      }
    },
    {
      "from": [
        0.5,
        22.5,
        10
      ],
      "to": [
        1,
        23,
        13.5
      ],
      "faces": {
        "up": {
          "uv": [
            1,
            6,
            1.5,
            6.5
          ],
          "texture": "#gemsceptertexture4",
          "cullface": "up"
        },
        "north": {
          "uv": [
            1,
            5,
            0.5,
            5.5
          ],
          "texture": "#gemsceptertexture2",
          "cullface": "up"
        },
        "south": {
          "uv": [
            0.5,
            5,
            1,
            5.5
          ],
          "texture": "#gemsceptertexture2",
          "cullface": "up"
        },
        "west": {
          "uv": [
            6.5,
            6,
            10,
            6.5
          ],
          "texture": "#gemsceptertexture3",
          "cullface": "up"
        }
      }
    },
    {
      "from": [
        0.5,
        18.5,
        10
      ],
      "to": [
        1,
        19,
        13.5
      ],
      "faces": {
        "down": {
          "uv": [
            2,
            7.5,
            2.5,
            8
          ],
          "texture": "#gemsceptertexture4",
          "cullface": "up"
        },
        "north": {
          "uv": [
            0.5,
            9,
            1,
            9.5
          ],
          "texture": "#gemsceptertexture2",
          "cullface": "up"
        },
        "south": {
          "uv": [
            0.5,
            9,
            1,
            9.5
          ],
          "texture": "#gemsceptertexture2",
          "cullface": "up"
        },
        "west": {
          "uv": [
            6.5,
            9.5,
            10,
            10
          ],
          "texture": "#gemsceptertexture3",
          "cullface": "up"
        }
      }
    },
    {
      "from": [
        0.5,
        19.5,
        9
      ],
      "to": [
        1,
        22,
        9.5
      ],
      "faces": {
        "down": {
          "uv": [
            2.5,
            5.5,
            3,
            6
          ],
          "texture": "#gemsceptertexture4",
          "cullface": "up"
        },
        "up": {
          "uv": [
            3,
            11.5,
            3.5,
            12
          ],
          "texture": "#gemsceptertexture4",
          "cullface": "up"
        },
        "north": {
          "uv": [
            1,
            7,
            0.5,
            9.5
          ],
          "texture": "#gemsceptertexture2",
          "cullface": "up"
        },
        "west": {
          "uv": [
            11,
            6,
            11.5,
            9.5
          ],
          "texture": "#gemsceptertexture3",
          "cullface": "up"
        }
      }
    },
    {
      "from": [
        0.5,
        19.5,
        14
      ],
      "to": [
        1,
        22,
        14.5
      ],
      "faces": {
        "down": {
          "uv": [
            1,
            11,
            1.5,
            11.5
          ],
          "texture": "#gemsceptertexture4",
          "cullface": "up"
        },
        "up": {
          "uv": [
            1,
            11,
            1.5,
            11.5
          ],
          "texture": "#gemsceptertexture4",
          "cullface": "up"
        },
        "south": {
          "uv": [
            0.5,
            6,
            1,
            8.5
          ],
          "texture": "#gemsceptertexture2",
          "cullface": "up"
        },
        "west": {
          "uv": [
            10.5,
            6,
            11,
            9.5
          ],
          "texture": "#gemsceptertexture3",
          "cullface": "up"
        }
      }
    },
    {
      "from": [
        6.5,
        24.5,
        9
      ],
      "to": [
        9.5,
        25,
        14.5
      ],
      "faces": {
        "up": {
          "uv": [
            10.5,
            11.5,
            7.5,
            6
          ],
          "texture": "#texture",
          "cullface": "up"
        },
        "north": {
          "uv": [
            10.5,
            6.5,
            7.5,
            7
          ],
          "texture": "#texture",
          "cullface": "up"
        },
        "south": {
          "uv": [
            7,
            10.5,
            10,
            11
          ],
          "texture": "#texture",
          "cullface": "up"
        },
        "west": {
          "uv": [
            7,
            6.5,
            10.5,
            7
          ],
          "texture": "#texture",
          "cullface": "up"
        },
        "east": {
          "uv": [
            7,
            8,
            10.5,
            8.5
          ],
          "texture": "#texture",
          "cullface": "up"
        }
      }
    },
    {
      "from": [
        7,
        -0.5,
        10.5
      ],
      "to": [
        9,
        1.5,
        13
      ],
      "faces": {
        "down": {
          "uv": [
            14,
            1,
            16,
            2
          ],
          "texture": "#texture",
          "cullface": "down"
        },
        "up": {
          "uv": [
            14,
            1,
            16,
            1.5
          ],
          "texture": "#texture",
          "cullface": "down"
        },
        "north": {
          "uv": [
            5.5,
            0.5,
            3.5,
            2.5
          ],
          "texture": "#texture",
          "cullface": "down"
        },
        "south": {
          "uv": [
            3.5,
            0.5,
            5.5,
            2.5
          ],
          "texture": "#texture",
          "cullface": "down"
        },
        "west": {
          "uv": [
            7.5,
            1.5,
            10,
            2
          ],
          "texture": "#texture",
          "cullface": "down"
        },
        "east": {
          "uv": [
            10,
            0.5,
            7.5,
            1
          ],
          "texture": "#texture",
          "cullface": "down"
        }
      }
    },
    {
      "from": [
        9,
        -0.5,
        10.5
      ],
      "to": [
        9.5,
        0.5,
        13
      ],
      "faces": {
        "up": {
          "uv": [
            7,
            13,
            7.5,
            15.5
          ],
          "texture": "#texture",
          "cullface": "down"
        },
        "north": {
          "uv": [
            6,
            1.5,
            5.5,
            2.5
          ],
          "texture": "#texture",
          "cullface": "down"
        },
        "south": {
          "uv": [
            5.5,
            1.5,
            6,
            2.5
          ],
          "texture": "#texture",
          "cullface": "down"
        },
        "east": {
          "uv": [
            10,
            0.5,
            7.5,
            1
          ],
          "texture": "#texture",
          "cullface": "down"
        }
      }
    },
    {
      "from": [
        6.5,
        -0.5,
        10.5
      ],
      "to": [
        7,
        0.5,
        13
      ],
      "faces": {
        "up": {
          "uv": [
            8,
            15.5,
            7.5,
            13
          ],
          "texture": "#texture",
          "cullface": "down"
        },
        "north": {
          "uv": [
            3.5,
            1.5,
            3,
            2.5
          ],
          "texture": "#texture",
          "cullface": "down"
        },
        "south": {
          "uv": [
            3,
            1.5,
            3.5,
            2.5
          ],
          "texture": "#texture",
          "cullface": "down"
        },
        "west": {
          "uv": [
            10,
            1.5,
            7.5,
            2
          ],
          "texture": "#texture",
          "cullface": "down"
        }
      }
    },
    {
      "from": [
        6,
        -1,
        10.5
      ],
      "to": [
        7.5,
        -0.5,
        13
      ],
      "faces": {
        "down": {
          "uv": [
            7.5,
            13,
            8,
            15.5
          ],
          "texture": "#texture",
          "cullface": "down"
        },
        "up": {
          "uv": [
            7.5,
            13,
            8,
            15.5
          ],
          "texture": "#texture",
          "cullface": "down"
        },
        "north": {
          "uv": [
            4,
            2.5,
            2.5,
            3
          ],
          "texture": "#texture",
          "cullface": "down"
        },
        "south": {
          "uv": [
            2.5,
            2.5,
            4,
            3
          ],
          "texture": "#texture",
          "cullface": "down"
        },
        "west": {
          "uv": [
            7.5,
            1.5,
            10,
            2
          ],
          "texture": "#texture",
          "cullface": "down"
        },
        "east": {
          "uv": [
            7.5,
            1.5,
            10,
            2
          ],
          "texture": "#texture",
          "cullface": "down"
        }
      }
    },
    {
      "from": [
        8.5,
        -1,
        10.5
      ],
      "to": [
        10,
        -0.5,
        13
      ],
      "faces": {
        "down": {
          "uv": [
            7.5,
            15.5,
            7,
            13
          ],
          "texture": "#texture",
          "cullface": "down"
        },
        "up": {
          "uv": [
            7.5,
            15.5,
            7,
            13
          ],
          "texture": "#texture",
          "cullface": "down"
        },
        "north": {
          "uv": [
            6.5,
            2.5,
            5,
            3
          ],
          "texture": "#texture",
          "cullface": "down"
        },
        "south": {
          "uv": [
            5,
            2.5,
            6.5,
            3
          ],
          "texture": "#texture",
          "cullface": "down"
        },
        "west": {
          "uv": [
            7.5,
            0.5,
            10,
            1
          ],
          "texture": "#texture",
          "cullface": "down"
        },
        "east": {
          "uv": [
            7.5,
            0.5,
            10,
            1
          ],
          "texture": "#texture",
          "cullface": "down"
        }
      }
    },
    {
      "from": [
        9,
        -3.5,
        10.5
      ],
      "to": [
        10,
        -1,
        13
      ],
      "faces": {
        "down": {
          "uv": [
            7,
            13,
            7.5,
            15.5
          ],
          "texture": "#texture",
          "cullface": "down"
        },
        "north": {
          "uv": [
            6.5,
            3,
            5.5,
            5.5
          ],
          "texture": "#texture",
          "cullface": "down"
        },
        "south": {
          "uv": [
            5.5,
            3,
            6.5,
            5.5
          ],
          "texture": "#texture",
          "cullface": "down"
        },
        "west": {
          "uv": [
            7.5,
            0.5,
            10,
            1
          ],
          "texture": "#texture",
          "cullface": "down"
        },
        "east": {
          "uv": [
            7.5,
            0.5,
            10,
            1
          ],
          "texture": "#texture",
          "cullface": "down"
        }
      }
    },
    {
      "from": [
        6,
        -3,
        10.5
      ],
      "to": [
        7,
        -1,
        13
      ],
      "faces": {
        "down": {
          "uv": [
            7.5,
            13,
            8,
            15.5
          ],
          "texture": "#texture",
          "cullface": "down"
        },
        "north": {
          "uv": [
            3.5,
            3,
            2.5,
            5
          ],
          "texture": "#texture",
          "cullface": "down"
        },
        "south": {
          "uv": [
            2.5,
            3,
            3.5,
            5
          ],
          "texture": "#texture",
          "cullface": "down"
        },
        "west": {
          "uv": [
            7.5,
            1.5,
            10,
            2
          ],
          "texture": "#texture",
          "cullface": "down"
        },
        "east": {
          "uv": [
            7.5,
            1.5,
            10,
            2
          ],
          "texture": "#texture",
          "cullface": "down"
        }
      }
    },
    {
      "from": [
        5.5,
        -3.5,
        11
      ],
      "to": [
        6,
        -2,
        12.5
      ],
      "faces": {
        "down": {
          "uv": [
            3.5,
            0.5,
            4,
            2
          ],
          "texture": "#texture",
          "cullface": "down"
        },
        "up": {
          "uv": [
            3.5,
            0.5,
            4,
            2
          ],
          "texture": "#texture",
          "cullface": "down"
        },
        "north": {
          "uv": [
            2.5,
            4,
            2,
            5.5
          ],
          "texture": "#texture",
          "cullface": "down"
        },
        "south": {
          "uv": [
            2,
            4,
            2.5,
            5.5
          ],
          "texture": "#texture",
          "cullface": "down"
        },
        "west": {
          "uv": [
            14,
            4,
            15.5,
            4.5
          ],
          "texture": "#texture",
          "cullface": "down"
        },
        "east": {
          "uv": [
            14,
            4,
            15.5,
            4.5
          ],
          "texture": "#texture",
          "cullface": "down"
        }
      }
    },
    {
      "from": [
        6,
        -4,
        11
      ],
      "to": [
        6.5,
        -3,
        12.5
      ],
      "faces": {
        "down": {
          "uv": [
            4,
            2,
            3.5,
            0.5
          ],
          "texture": "#texture",
          "cullface": "down"
        },
        "north": {
          "uv": [
            3,
            5,
            2.5,
            6
          ],
          "texture": "#texture",
          "cullface": "down"
        },
        "south": {
          "uv": [
            2.5,
            5,
            3,
            6
          ],
          "texture": "#texture",
          "cullface": "down"
        },
        "west": {
          "uv": [
            14,
            4,
            15.5,
            4.5
          ],
          "texture": "#texture",
          "cullface": "down"
        },
        "east": {
          "uv": [
            14,
            4,
            15.5,
            4.5
          ],
          "texture": "#texture",
          "cullface": "down"
        }
      }
    },
    {
      "from": [
        9.5,
        -4,
        11
      ],
      "to": [
        10,
        -3.5,
        12.5
      ],
      "faces": {
        "down": {
          "uv": [
            12,
            10.5,
            12.5,
            12
          ],
          "texture": "#texture",
          "cullface": "down"
        },
        "north": {
          "uv": [
            6,
            5.5,
            6.5,
            6
          ],
          "texture": "#texture",
          "cullface": "down"
        },
        "south": {
          "uv": [
            6,
            5.5,
            6.5,
            6
          ],
          "texture": "#texture",
          "cullface": "down"
        },
        "west": {
          "uv": [
            14,
            3,
            15.5,
            3.5
          ],
          "texture": "#texture",
          "cullface": "down"
        },
        "east": {
          "uv": [
            14,
            3,
            15.5,
            3.5
          ],
          "texture": "#texture",
          "cullface": "down"
        }
      }
    },
    {
      "from": [
        10,
        -3.5,
        11
      ],
      "to": [
        10.5,
        -2,
        12.5
      ],
      "faces": {
        "down": {
          "uv": [
            12,
            7.5,
            12.5,
            9
          ],
          "texture": "#texture",
          "cullface": "down"
        },
        "up": {
          "uv": [
            12,
            7.5,
            12.5,
            9
          ],
          "texture": "#texture",
          "cullface": "down"
        },
        "north": {
          "uv": [
            7,
            4,
            6.5,
            5.5
          ],
          "texture": "#texture",
          "cullface": "down"
        },
        "south": {
          "uv": [
            6.5,
            4,
            7,
            5.5
          ],
          "texture": "#texture",
          "cullface": "down"
        },
        "east": {
          "uv": [
            14,
            3,
            15.5,
            3.5
          ],
          "texture": "#texture",
          "cullface": "down"
        }
      }
    },
    {
      "from": [
        1.5,
        19.5,
        7.5
      ],
      "to": [
        3,
        22,
        16
      ],
      "faces": {
        "down": {
          "uv": [
            4,
            5,
            5.5,
            5.5
          ],
          "texture": "#gemsceptertexture4",
          "cullface": "up"
        },
        "up": {
          "uv": [
            2.5,
            4.5,
            4.5,
            5
          ],
          "texture": "#gemsceptertexture4",
          "cullface": "up"
        },
        "north": {
          "uv": [
            3,
            6,
            1.5,
            8.5
          ],
          "texture": "#gemsceptertexture2",
          "cullface": "up"
        },
        "south": {
          "uv": [
            1.5,
            6,
            3,
            8.5
          ],
          "texture": "#gemsceptertexture2",
          "cullface": "up"
        },
        "west": {
          "uv": [
            5,
            6,
            11.5,
            9
          ],
          "texture": "#gemsceptertexture3",
          "cullface": "up"
        },
        "east": {
          "uv": [
            5,
            6,
            11.5,
            9
          ],
          "texture": "#gemsceptertexture3",
          "cullface": "up"
        }
      }
    },
    {
      "from": [
        1.5,
        18,
        9
      ],
      "to": [
        6.5,
        24,
        14.5
      ],
      "faces": {
        "down": {
          "uv": [
            2,
            6,
            7,
            10
          ],
          "texture": "#gemsceptertexture4",
          "cullface": "up"
        },
        "up": {
          "uv": [
            2,
            5,
            7,
            9
          ],
          "texture": "#gemsceptertexture4",
          "cullface": "up"
        },
        "north": {
          "uv": [
            6,
            4,
            1.5,
            10
          ],
          "texture": "#gemsceptertexture2",
          "cullface": "up"
        },
        "south": {
          "uv": [
            1.5,
            4,
            6,
            10
          ],
          "texture": "#gemsceptertexture2",
          "cullface": "up"
        },
        "east": {
          "uv": [
            1.5,
            4.5,
            6,
            10
          ],
          "texture": "#gemsceptertexture2",
          "cullface": "up"
        }
      }
    },
    {
      "from": [
        7.5,
        -4,
        11
      ],
      "to": [
        8.5,
        -0.5,
        12.5
      ],
      "faces": {
        "down": {
          "uv": [
            4,
            3.5,
            5,
            5
          ],
          "texture": "#texture",
          "cullface": "down"
        },
        "north": {
          "uv": [
            5,
            2.5,
            4,
            6
          ],
          "texture": "#texture",
          "cullface": "down"
        },
        "south": {
          "uv": [
            4,
            2.5,
            5,
            6
          ],
          "texture": "#texture",
          "cullface": "down"
        },
        "west": {
          "uv": [
            3.5,
            3.5,
            5,
            4
          ],
          "texture": "#texture",
          "cullface": "down"
        },
        "east": {
          "uv": [
            4,
            3.5,
            5.5,
            4
          ],
          "texture": "#texture",
          "cullface": "down"
        }
      }
    },
    {
      "from": [
        7,
        -3.5,
        11
      ],
      "to": [
        7.5,
        -1,
        12.5
      ],
      "faces": {
        "down": {
          "uv": [
            5,
            5.5,
            4.5,
            4
          ],
          "texture": "#texture",
          "cullface": "down"
        },
        "north": {
          "uv": [
            4,
            3,
            3.5,
            5.5
          ],
          "texture": "#texture",
          "cullface": "down"
        },
        "south": {
          "uv": [
            3.5,
            3,
            4,
            5.5
          ],
          "texture": "#texture",
          "cullface": "down"
        },
        "west": {
          "uv": [
            3.5,
            4.5,
            5,
            5
          ],
          "texture": "#texture",
          "cullface": "down"
        }
      }
    },
    {
      "from": [
        8.5,
        -3.5,
        11
      ],
      "to": [
        9,
        -1,
        12.5
      ],
      "faces": {
        "down": {
          "uv": [
            4.5,
            5,
            4,
            3.5
          ],
          "texture": "#texture",
          "cullface": "down"
        },
        "north": {
          "uv": [
            5.5,
            3,
            5,
            5.5
          ],
          "texture": "#texture",
          "cullface": "down"
        },
        "south": {
          "uv": [
            5,
            3,
            5.5,
            5.5
          ],
          "texture": "#texture",
          "cullface": "down"
        }
      }
    },
    {
      "from": [
        2.5,
        12.5,
        4
      ],
      "to": [
        2.5625,
        28.5,
        20
      ],
      "faces": {
        "west": {
          "uv": [
            0,
            0,
            16,
            16
          ],
          "texture": "#gemringsheet",
          "cullface": "south"
        },
        "east": {
          "uv": [
            16,
            0,
            0,
            16
          ],
          "texture": "#gemringsheet",
          "cullface": "south"
        }
      }
    },
    {
      "from": [
        5,
        12.5,
        4
      ],
      "to": [
        5.0625,
        28.5,
        20
      ],
      "faces": {
        "west": {
          "uv": [
            0,
            0,
            16,
            16
          ],
          "rotation": 180,
          "texture": "#gemringsheet",
          "cullface": "south"
        },
        "east": {
          "uv": [
            16,
            0,
            0,
            16
          ],
          "texture": "#gemringsheet",
          "cullface": "south"
        }
      }
    },
    {
      "from": [
        10.5,
        12.5,
        4
      ],
      "to": [
        10.5625,
        28.5,
        20
      ],
      "faces": {
        "west": {
          "uv": [
            0,
            0,
            16,
            16
          ],
          "rotation": 180,
          "texture": "#gemringsheet",
          "cullface": "south"
        },
        "east": {
          "uv": [
            16,
            0,
            0,
            16
          ],
          "texture": "#gemringsheet",
          "cullface": "south"
        }
      }
    },
    {
      "from": [
        13,
        12.5,
        4
      ],
      "to": [
        13.0625,
        28.5,
        20
      ],
      "faces": {
        "west": {
          "uv": [
            0,
            0,
            16,
            16
          ],
          "texture": "#gemringsheet",
          "cullface": "south"
        },
        "east": {
          "uv": [
            16,
            0,
            0,
            16
          ],
          "texture": "#gemringsheet",
          "cullface": "south"
        }
      }
    }
  ],
  "display": {
    "thirdperson_righthand": {
      "rotation": [
        0,
        -90,
        0
      ],
      "translation": [
        3.4,
        -2.46,
        1.7
      ],
      "scale": [
        1,
        1,
        1
      ]
    },
    "firstperson_righthand": {
      "rotation": [
        -33,
        -74,
        -47
      ],
      "translation": [
        4.72,
        -1.51,
        -6.99
      ],
      "scale": [
        1,
        1,
        1
      ]
    },
    "gui": {
      "rotation": [
        0,
        180,
        45
      ],
      "translation": [
        -1.89,
        -1.32,
        0
      ],
      "scale": [
        0.6,
        0.6,
        0.6
      ]
    }
  }
}
