{
"__comment": "Designed by MasterianoX",
"textures": {
    "particle": "wynn/weapons/sets/money_set/money_dagger",
    "texture": "wynn/weapons/sets/money_set/money_dagger"
},
"elements": [ 
{
    "from": [ 7, 0.5, 7 ],
    "to": [ 9, 1, 9 ],
    "faces": {
        "down":  { "uv": [ 11, 7.5, 13, 7 ], "texture": "#texture" },
        "up":    { "uv": [ 11, 7, 13, 7.5 ], "texture": "#texture" },
        "north": { "uv": [ 13, 7, 11, 7.5 ], "texture": "#texture" },
        "south": { "uv": [ 11, 7, 13, 7.5 ], "texture": "#texture" },
        "west":  { "uv": [ 11, 7, 11.5, 7.5 ], "texture": "#texture" },
        "east":  { "uv": [ 13, 7, 12.5, 7.5 ], "texture": "#texture" }
    }
},
{
    "from": [ 7, -2, 7 ],
    "to": [ 9, -1.5, 9 ],
    "faces": {
        "down":  { "uv": [ 11, 10, 13, 9.5 ], "texture": "#texture" },
        "up":    { "uv": [ 11, 9.5, 13, 10 ], "texture": "#texture" },
        "north": { "uv": [ 13, 9.5, 11, 10 ], "texture": "#texture" },
        "south": { "uv": [ 11, 9.5, 13, 10 ], "texture": "#texture" },
        "west":  { "uv": [ 11, 9.5, 11.5, 10 ], "texture": "#texture" },
        "east":  { "uv": [ 13, 9.5, 12.5, 10 ], "texture": "#texture" }
    }
},
{
    "from": [ 7, -6, 7 ],
    "to": [ 9, -4.5, 9 ],
    "faces": {
        "down":  { "uv": [ 11, 14, 13, 13.5 ], "texture": "#texture" },
        "up":    { "uv": [ 11, 12.5, 13, 13 ], "texture": "#texture" },
        "north": { "uv": [ 13, 12.5, 11, 14 ], "texture": "#texture" },
        "south": { "uv": [ 11, 12.5, 13, 14 ], "texture": "#texture" },
        "west":  { "uv": [ 11, 12.5, 11.5, 14 ], "texture": "#texture" },
        "east":  { "uv": [ 13, 12.5, 12.5, 14 ], "texture": "#texture" }
    }
},
{
    "from": [ 7.5, 1, 7 ],
    "to": [ 8.5, 2.5, 9 ],
    "faces": {
        "down":  { "uv": [ 11.5, 7, 12.5, 6.5 ], "texture": "#texture" },
        "up":    { "uv": [ 11.5, 5.5, 12.5, 6 ], "texture": "#texture" },
        "north": { "uv": [ 12.5, 5.5, 11.5, 7 ], "texture": "#texture" },
        "south": { "uv": [ 11.5, 5.5, 12.5, 7 ], "texture": "#texture" },
        "west":  { "uv": [ 11.5, 5.5, 12, 7 ], "texture": "#texture" },
        "east":  { "uv": [ 12.5, 5.5, 12, 7 ], "texture": "#texture" }
    }
},
{
    "from": [ 7.5, -1, 7 ],
    "to": [ 8.5, 0, 9 ],
    "faces": {
        "down":  { "uv": [ 11.5, 9, 12.5, 8.5 ], "texture": "#texture" },
        "up":    { "uv": [ 11.5, 8, 12.5, 8.5 ], "texture": "#texture" },
        "north": { "uv": [ 12.5, 8, 11.5, 9 ], "texture": "#texture" },
        "south": { "uv": [ 11.5, 8, 12.5, 9 ], "texture": "#texture" },
        "west":  { "uv": [ 11.5, 8, 12, 9 ], "texture": "#texture" },
        "east":  { "uv": [ 12.5, 8, 12, 9 ], "texture": "#texture" }
    }
},
{
    "from": [ 7.5, -4.5, 7 ],
    "to": [ 8.5, -2, 9 ],
    "faces": {
        "down":  { "uv": [ 11.5, 12.5, 12.5, 12 ], "texture": "#texture" },
        "up":    { "uv": [ 11.5, 10, 12.5, 10.5 ], "texture": "#texture" },
        "north": { "uv": [ 12.5, 10, 11.5, 12.5 ], "texture": "#texture" },
        "south": { "uv": [ 11.5, 10, 12.5, 12.5 ], "texture": "#texture" },
        "west":  { "uv": [ 11.5, 10, 12, 12.5 ], "texture": "#texture" },
        "east":  { "uv": [ 12.5, 10, 12, 12.5 ], "texture": "#texture" }
    }
},
{
    "from": [ 7.5, -6.5, 7 ],
    "to": [ 8.5, -6, 9 ],
    "faces": {
        "down":  { "uv": [ 11.5, 14.5, 12.5, 14 ], "texture": "#texture" },
        "up":    { "uv": [ 11.5, 14, 12.5, 14.5 ], "texture": "#texture" },
        "north": { "uv": [ 12.5, 14, 11.5, 14.5 ], "texture": "#texture" },
        "south": { "uv": [ 11.5, 14, 12.5, 14.5 ], "texture": "#texture" },
        "west":  { "uv": [ 11.5, 14, 12, 14.5 ], "texture": "#texture" },
        "east":  { "uv": [ 12.5, 14, 12, 14.5 ], "texture": "#texture" }
    }
},
{
    "from": [ 6.5, 15, 6.875 ],
    "to": [ 7.5, 19.5, 9.125 ],
    "faces": {
        "down":  { "uv": [ 2.5, 9, 3.5, 8.5 ], "texture": "#texture" },
        "up":    { "uv": [ 2.5, 4.5, 3.5, 5 ], "texture": "#texture" },
        "north": { "uv": [ 3.5, 4.5, 2.5, 9 ], "texture": "#texture" },
        "south": { "uv": [ 2.5, 4.5, 3.5, 9 ], "texture": "#texture" },
        "west":  { "uv": [ 2.5, 4.5, 3, 9 ], "texture": "#texture" },
        "east":  { "uv": [ 3.5, 4.5, 3, 9 ], "texture": "#texture" }
    }
},
{
    "from": [ 7, 19.5, 6.875 ],
    "to": [ 7.5, 20, 9.125 ],
    "faces": {
        "down":  { "uv": [ 3, 4.5, 3.5, 4 ], "texture": "#texture" },
        "up":    { "uv": [ 3, 4, 3.5, 4.5 ], "texture": "#texture" },
        "north": { "uv": [ 3.5, 4, 3, 4.5 ], "texture": "#texture" },
        "south": { "uv": [ 3, 4, 3.5, 4.5 ], "texture": "#texture" },
        "west":  { "uv": [ 3, 4, 3.5, 4.5 ], "texture": "#texture" },
        "east":  { "uv": [ 3.5, 4, 3, 4.5 ], "texture": "#texture" }
    }
},
{
    "from": [ 7, 13.5, 6.875 ],
    "to": [ 8.5, 15, 9.125 ],
    "faces": {
        "down":  { "uv": [ 3, 10.5, 4.5, 10 ], "texture": "#texture" },
        "up":    { "uv": [ 3, 9, 4.5, 9.5 ], "texture": "#texture" },
        "north": { "uv": [ 4.5, 9, 3, 10.5 ], "texture": "#texture" },
        "south": { "uv": [ 3, 9, 4.5, 10.5 ], "texture": "#texture" },
        "west":  { "uv": [ 3, 9, 3.5, 10.5 ], "texture": "#texture" },
        "east":  { "uv": [ 4.5, 9, 4, 10.5 ], "texture": "#texture" }
    }
},
{
    "from": [ 7.5, 15, 6.875 ],
    "to": [ 8, 19, 9.125 ],
    "faces": {
        "down":  { "uv": [ 3.5, 9, 4, 8.5 ], "texture": "#texture" },
        "up":    { "uv": [ 3.5, 5, 4, 5.5 ], "texture": "#texture" },
        "north": { "uv": [ 4, 5, 3.5, 9 ], "texture": "#texture" },
        "south": { "uv": [ 3.5, 5, 4, 9 ], "texture": "#texture" },
        "west":  { "uv": [ 3.5, 5, 4, 9 ], "texture": "#texture" },
        "east":  { "uv": [ 4, 5, 3.5, 9 ], "texture": "#texture" }
    }
},
{
    "from": [ 7.5, 10.5, 6.875 ],
    "to": [ 9, 13.5, 9.125 ],
    "faces": {
        "down":  { "uv": [ 3.5, 13.5, 5, 13 ], "texture": "#texture" },
        "up":    { "uv": [ 3.5, 10.5, 5, 11 ], "texture": "#texture" },
        "north": { "uv": [ 5, 10.5, 3.5, 13.5 ], "texture": "#texture" },
        "south": { "uv": [ 3.5, 10.5, 5, 13.5 ], "texture": "#texture" },
        "west":  { "uv": [ 3.5, 10.5, 4, 13.5 ], "texture": "#texture" },
        "east":  { "uv": [ 5, 10.5, 4.5, 13.5 ], "texture": "#texture" }
    }
},
{
    "from": [ 8, 15, 6.875 ],
    "to": [ 8.5, 15.5, 9.125 ],
    "faces": {
        "down":  { "uv": [ 4, 9, 4.5, 8.5 ], "texture": "#texture" },
        "up":    { "uv": [ 4, 8.5, 4.5, 9 ], "texture": "#texture" },
        "north": { "uv": [ 4.5, 8.5, 4, 9 ], "texture": "#texture" },
        "south": { "uv": [ 4, 8.5, 4.5, 9 ], "texture": "#texture" },
        "west":  { "uv": [ 4, 8.5, 4.5, 9 ], "texture": "#texture" },
        "east":  { "uv": [ 4.5, 8.5, 4, 9 ], "texture": "#texture" }
    }
},
{
    "from": [ 8.5, 13.5, 6.875 ],
    "to": [ 9, 14, 9.125 ],
    "faces": {
        "down":  { "uv": [ 4.5, 10.5, 5, 10 ], "texture": "#texture" },
        "up":    { "uv": [ 4.5, 10, 5, 10.5 ], "texture": "#texture" },
        "north": { "uv": [ 5, 10, 4.5, 10.5 ], "texture": "#texture" },
        "south": { "uv": [ 4.5, 10, 5, 10.5 ], "texture": "#texture" },
        "west":  { "uv": [ 4.5, 10, 5, 10.5 ], "texture": "#texture" },
        "east":  { "uv": [ 5, 10, 4.5, 10.5 ], "texture": "#texture" }
    }
},
{
    "from": [ 6.5, 3.5, 6.875 ],
    "to": [ 7.5, 5, 9.125 ],
    "faces": {
        "down":  { "uv": [ 10.5, 4.5, 11.5, 4 ], "texture": "#texture" },
        "up":    { "uv": [ 10.5, 3, 11.5, 3.5 ], "texture": "#texture" },
        "north": { "uv": [ 11.5, 3, 10.5, 4.5 ], "texture": "#texture" },
        "south": { "uv": [ 10.5, 3, 11.5, 4.5 ], "texture": "#texture" },
        "west":  { "uv": [ 10.5, 3, 11, 4.5 ], "texture": "#texture" },
        "east":  { "uv": [ 11.5, 3, 11, 4.5 ], "texture": "#texture" }
    }
},
{
    "from": [ 7, 5, 6.875 ],
    "to": [ 7.5, 6.5, 9.125 ],
    "faces": {
        "down":  { "uv": [ 11, 3, 11.5, 2.5 ], "texture": "#texture" },
        "up":    { "uv": [ 11, 1.5, 11.5, 2 ], "texture": "#texture" },
        "north": { "uv": [ 11.5, 1.5, 11, 3 ], "texture": "#texture" },
        "south": { "uv": [ 11, 1.5, 11.5, 3 ], "texture": "#texture" },
        "west":  { "uv": [ 11, 1.5, 11.5, 3 ], "texture": "#texture" },
        "east":  { "uv": [ 11.5, 1.5, 11, 3 ], "texture": "#texture" }
    }
},
{
    "from": [ 7.5, 5.5, 6.875 ],
    "to": [ 8, 6.5, 9.125 ],
    "faces": {
        "down":  { "uv": [ 11.5, 2.5, 12, 2 ], "texture": "#texture" },
        "up":    { "uv": [ 11.5, 1.5, 12, 2 ], "texture": "#texture" },
        "north": { "uv": [ 12, 1.5, 11.5, 2.5 ], "texture": "#texture" },
        "south": { "uv": [ 11.5, 1.5, 12, 2.5 ], "texture": "#texture" },
        "west":  { "uv": [ 11.5, 1.5, 12, 2.5 ], "texture": "#texture" },
        "east":  { "uv": [ 12, 1.5, 11.5, 2.5 ], "texture": "#texture" }
    }
},
{
    "from": [ 7.5, 4, 6.875 ],
    "to": [ 8.5, 4.5, 9.125 ],
    "faces": {
        "down":  { "uv": [ 11.5, 4, 12.5, 3.5 ], "texture": "#texture" },
        "up":    { "uv": [ 11.5, 3.5, 12.5, 4 ], "texture": "#texture" },
        "north": { "uv": [ 12.5, 3.5, 11.5, 4 ], "texture": "#texture" },
        "south": { "uv": [ 11.5, 3.5, 12.5, 4 ], "texture": "#texture" },
        "west":  { "uv": [ 11.5, 3.5, 12, 4 ], "texture": "#texture" },
        "east":  { "uv": [ 12.5, 3.5, 12, 4 ], "texture": "#texture" }
    }
},
{
    "from": [ 7.5, 3, 6.875 ],
    "to": [ 9.5, 3.5, 9.125 ],
    "faces": {
        "down":  { "uv": [ 11.5, 5, 13.5, 4.5 ], "texture": "#texture" },
        "up":    { "uv": [ 11.5, 4.5, 13.5, 5 ], "texture": "#texture" },
        "north": { "uv": [ 13.5, 4.5, 11.5, 5 ], "texture": "#texture" },
        "south": { "uv": [ 11.5, 4.5, 13.5, 5 ], "texture": "#texture" },
        "west":  { "uv": [ 11.5, 4.5, 12, 5 ], "texture": "#texture" },
        "east":  { "uv": [ 13.5, 4.5, 13, 5 ], "texture": "#texture" }
    }
},
{
    "from": [ 8, 4.5, 6.875 ],
    "to": [ 9, 5, 9.125 ],
    "faces": {
        "down":  { "uv": [ 12, 3.5, 13, 3 ], "texture": "#texture" },
        "up":    { "uv": [ 12, 3, 13, 3.5 ], "texture": "#texture" },
        "north": { "uv": [ 13, 3, 12, 3.5 ], "texture": "#texture" },
        "south": { "uv": [ 12, 3, 13, 3.5 ], "texture": "#texture" },
        "west":  { "uv": [ 12, 3, 12.5, 3.5 ], "texture": "#texture" },
        "east":  { "uv": [ 13, 3, 12.5, 3.5 ], "texture": "#texture" }
    }
},
{
    "from": [ 8.5, 5, 6.875 ],
    "to": [ 9, 5.5, 9.125 ],
    "faces": {
        "down":  { "uv": [ 12.5, 3, 13, 2.5 ], "texture": "#texture" },
        "up":    { "uv": [ 12.5, 2.5, 13, 3 ], "texture": "#texture" },
        "north": { "uv": [ 13, 2.5, 12.5, 3 ], "texture": "#texture" },
        "south": { "uv": [ 12.5, 2.5, 13, 3 ], "texture": "#texture" },
        "west":  { "uv": [ 12.5, 2.5, 13, 3 ], "texture": "#texture" },
        "east":  { "uv": [ 13, 2.5, 12.5, 3 ], "texture": "#texture" }
    }
},
{
    "from": [ 5, 18, 7.25 ],
    "to": [ 8.5, 18.5, 8.75 ],
    "faces": {
        "down":  { "uv": [ 1, 6, 4.5, 5.5 ], "texture": "#texture" },
        "up":    { "uv": [ 1, 5.5, 4.5, 6 ], "texture": "#texture" },
        "north": { "uv": [ 4.5, 5.5, 1, 6 ], "texture": "#texture" },
        "south": { "uv": [ 1, 5.5, 4.5, 6 ], "texture": "#texture" },
        "west":  { "uv": [ 1, 5.5, 1.5, 6 ], "texture": "#texture" },
        "east":  { "uv": [ 4.5, 5.5, 4, 6 ], "texture": "#texture" }
    }
},
{
    "from": [ 5.5, 18.5, 7.25 ],
    "to": [ 8, 20, 8.75 ],
    "faces": {
        "down":  { "uv": [ 1.5, 5.5, 4, 5 ], "texture": "#texture" },
        "up":    { "uv": [ 1.5, 4, 4, 4.5 ], "texture": "#texture" },
        "north": { "uv": [ 4, 4, 1.5, 5.5 ], "texture": "#texture" },
        "south": { "uv": [ 1.5, 4, 4, 5.5 ], "texture": "#texture" },
        "west":  { "uv": [ 1.5, 4, 2, 5.5 ], "texture": "#texture" },
        "east":  { "uv": [ 4, 4, 3.5, 5.5 ], "texture": "#texture" }
    }
},
{
    "from": [ 5.5, 17.5, 7.25 ],
    "to": [ 8.5, 18, 8.75 ],
    "faces": {
        "down":  { "uv": [ 1.5, 6.5, 4.5, 6 ], "texture": "#texture" },
        "up":    { "uv": [ 1.5, 6, 4.5, 6.5 ], "texture": "#texture" },
        "north": { "uv": [ 4.5, 6, 1.5, 6.5 ], "texture": "#texture" },
        "south": { "uv": [ 1.5, 6, 4.5, 6.5 ], "texture": "#texture" },
        "west":  { "uv": [ 1.5, 6, 2, 6.5 ], "texture": "#texture" },
        "east":  { "uv": [ 4.5, 6, 4, 6.5 ], "texture": "#texture" }
    }
},
{
    "from": [ 5.5, 15, 7.25 ],
    "to": [ 8.5, 16, 8.75 ],
    "faces": {
        "down":  { "uv": [ 1.5, 9, 4.5, 8.5 ], "texture": "#texture" },
        "up":    { "uv": [ 1.5, 8, 4.5, 8.5 ], "texture": "#texture" },
        "north": { "uv": [ 4.5, 8, 1.5, 9 ], "texture": "#texture" },
        "south": { "uv": [ 1.5, 8, 4.5, 9 ], "texture": "#texture" },
        "west":  { "uv": [ 1.5, 8, 2, 9 ], "texture": "#texture" },
        "east":  { "uv": [ 4.5, 8, 4, 9 ], "texture": "#texture" }
    }
},
{
    "from": [ 6, 20, 7.25 ],
    "to": [ 8.5, 21, 8.75 ],
    "faces": {
        "down":  { "uv": [ 2, 4, 4.5, 3.5 ], "texture": "#texture" },
        "up":    { "uv": [ 2, 3, 4.5, 3.5 ], "texture": "#texture" },
        "north": { "uv": [ 4.5, 3, 2, 4 ], "texture": "#texture" },
        "south": { "uv": [ 2, 3, 4.5, 4 ], "texture": "#texture" },
        "west":  { "uv": [ 2, 3, 2.5, 4 ], "texture": "#texture" },
        "east":  { "uv": [ 4.5, 3, 4, 4 ], "texture": "#texture" }
    }
},
{
    "from": [ 6, 16, 7.25 ],
    "to": [ 8, 17.5, 8.75 ],
    "faces": {
        "down":  { "uv": [ 2, 8, 4, 7.5 ], "texture": "#texture" },
        "up":    { "uv": [ 2, 6.5, 4, 7 ], "texture": "#texture" },
        "north": { "uv": [ 4, 6.5, 2, 8 ], "texture": "#texture" },
        "south": { "uv": [ 2, 6.5, 4, 8 ], "texture": "#texture" },
        "west":  { "uv": [ 2, 6.5, 2.5, 8 ], "texture": "#texture" },
        "east":  { "uv": [ 4, 6.5, 3.5, 8 ], "texture": "#texture" }
    }
},
{
    "from": [ 6, 14.5, 7.25 ],
    "to": [ 9, 15, 8.75 ],
    "faces": {
        "down":  { "uv": [ 2, 9.5, 5, 9 ], "texture": "#texture" },
        "up":    { "uv": [ 2, 9, 5, 9.5 ], "texture": "#texture" },
        "north": { "uv": [ 5, 9, 2, 9.5 ], "texture": "#texture" },
        "south": { "uv": [ 2, 9, 5, 9.5 ], "texture": "#texture" },
        "west":  { "uv": [ 2, 9, 2.5, 9.5 ], "texture": "#texture" },
        "east":  { "uv": [ 5, 9, 4.5, 9.5 ], "texture": "#texture" }
    }
},
{
    "from": [ 6, 12.5, 7.25 ],
    "to": [ 9.5, 14, 8.75 ],
    "faces": {
        "down":  { "uv": [ 2, 11.5, 5.5, 11 ], "texture": "#texture" },
        "up":    { "uv": [ 2, 10, 5.5, 10.5 ], "texture": "#texture" },
        "north": { "uv": [ 5.5, 10, 2, 11.5 ], "texture": "#texture" },
        "south": { "uv": [ 2, 10, 5.5, 11.5 ], "texture": "#texture" },
        "west":  { "uv": [ 2, 10, 2.5, 11.5 ], "texture": "#texture" },
        "east":  { "uv": [ 5.5, 10, 5, 11.5 ], "texture": "#texture" }
    }
},
{
    "from": [ 6, 8, 7.25 ],
    "to": [ 7.5, 10, 8.75 ],
    "faces": {
        "down":  { "uv": [ 2, 16, 3.5, 15.5 ], "texture": "#texture" },
        "up":    { "uv": [ 2, 14, 3.5, 14.5 ], "texture": "#texture" },
        "north": { "uv": [ 3.5, 14, 2, 16 ], "texture": "#texture" },
        "south": { "uv": [ 2, 14, 3.5, 16 ], "texture": "#texture" },
        "west":  { "uv": [ 2, 14, 2.5, 16 ], "texture": "#texture" },
        "east":  { "uv": [ 3.5, 14, 3, 16 ], "texture": "#texture" }
    }
},
{
    "from": [ 6.5, 21, 7.25 ],
    "to": [ 8.5, 21.5, 8.75 ],
    "faces": {
        "down":  { "uv": [ 2.5, 3, 4.5, 2.5 ], "texture": "#texture" },
        "up":    { "uv": [ 2.5, 2.5, 4.5, 3 ], "texture": "#texture" },
        "north": { "uv": [ 4.5, 2.5, 2.5, 3 ], "texture": "#texture" },
        "south": { "uv": [ 2.5, 2.5, 4.5, 3 ], "texture": "#texture" },
        "west":  { "uv": [ 2.5, 2.5, 3, 3 ], "texture": "#texture" },
        "east":  { "uv": [ 4.5, 2.5, 4, 3 ], "texture": "#texture" }
    }
},
{
    "from": [ 6.5, 14, 7.25 ],
    "to": [ 9.5, 14.5, 8.75 ],
    "faces": {
        "down":  { "uv": [ 2.5, 10, 5.5, 9.5 ], "texture": "#texture" },
        "up":    { "uv": [ 2.5, 9.5, 5.5, 10 ], "texture": "#texture" },
        "north": { "uv": [ 5.5, 9.5, 2.5, 10 ], "texture": "#texture" },
        "south": { "uv": [ 2.5, 9.5, 5.5, 10 ], "texture": "#texture" },
        "west":  { "uv": [ 2.5, 9.5, 3, 10 ], "texture": "#texture" },
        "east":  { "uv": [ 5.5, 9.5, 5, 10 ], "texture": "#texture" }
    }
},
{
    "from": [ 6.5, 12, 7.25 ],
    "to": [ 9.5, 12.5, 8.75 ],
    "faces": {
        "down":  { "uv": [ 2.5, 12, 5.5, 11.5 ], "texture": "#texture" },
        "up":    { "uv": [ 2.5, 11.5, 5.5, 12 ], "texture": "#texture" },
        "north": { "uv": [ 5.5, 11.5, 2.5, 12 ], "texture": "#texture" },
        "south": { "uv": [ 2.5, 11.5, 5.5, 12 ], "texture": "#texture" },
        "west":  { "uv": [ 2.5, 11.5, 3, 12 ], "texture": "#texture" },
        "east":  { "uv": [ 5.5, 11.5, 5, 12 ], "texture": "#texture" }
    }
},
{
    "from": [ 6.5, 10, 7.25 ],
    "to": [ 9.5, 10.5, 8.75 ],
    "faces": {
        "down":  { "uv": [ 2.5, 14, 5.5, 13.5 ], "texture": "#texture" },
        "up":    { "uv": [ 2.5, 13.5, 5.5, 14 ], "texture": "#texture" },
        "north": { "uv": [ 5.5, 13.5, 2.5, 14 ], "texture": "#texture" },
        "south": { "uv": [ 2.5, 13.5, 5.5, 14 ], "texture": "#texture" },
        "west":  { "uv": [ 2.5, 13.5, 3, 14 ], "texture": "#texture" },
        "east":  { "uv": [ 5.5, 13.5, 5, 14 ], "texture": "#texture" }
    }
},
{
    "from": [ 7, 21.5, 7.25 ],
    "to": [ 8.5, 22, 8.75 ],
    "faces": {
        "down":  { "uv": [ 3, 2.5, 4.5, 2 ], "texture": "#texture" },
        "up":    { "uv": [ 3, 2, 4.5, 2.5 ], "texture": "#texture" },
        "north": { "uv": [ 4.5, 2, 3, 2.5 ], "texture": "#texture" },
        "south": { "uv": [ 3, 2, 4.5, 2.5 ], "texture": "#texture" },
        "west":  { "uv": [ 3, 2, 3.5, 2.5 ], "texture": "#texture" },
        "east":  { "uv": [ 4.5, 2, 4, 2.5 ], "texture": "#texture" }
    }
},
{
    "from": [ 7, 10.5, 7.25 ],
    "to": [ 9.5, 12, 8.75 ],
    "faces": {
        "down":  { "uv": [ 3, 13.5, 5.5, 13 ], "texture": "#texture" },
        "up":    { "uv": [ 3, 12, 5.5, 12.5 ], "texture": "#texture" },
        "north": { "uv": [ 5.5, 12, 3, 13.5 ], "texture": "#texture" },
        "south": { "uv": [ 3, 12, 5.5, 13.5 ], "texture": "#texture" },
        "west":  { "uv": [ 3, 12, 3.5, 13.5 ], "texture": "#texture" },
        "east":  { "uv": [ 5.5, 12, 5, 13.5 ], "texture": "#texture" }
    }
},
{
    "from": [ 7.5, 22, 7.25 ],
    "to": [ 8.5, 22.5, 8.75 ],
    "faces": {
        "down":  { "uv": [ 3.5, 2, 4.5, 1.5 ], "texture": "#texture" },
        "up":    { "uv": [ 3.5, 1.5, 4.5, 2 ], "texture": "#texture" },
        "north": { "uv": [ 4.5, 1.5, 3.5, 2 ], "texture": "#texture" },
        "south": { "uv": [ 3.5, 1.5, 4.5, 2 ], "texture": "#texture" },
        "west":  { "uv": [ 3.5, 1.5, 4, 2 ], "texture": "#texture" },
        "east":  { "uv": [ 4.5, 1.5, 4, 2 ], "texture": "#texture" }
    }
},
{
    "from": [ 7.5, 9.5, 7.25 ],
    "to": [ 8, 10, 8.75 ],
    "faces": {
        "down":  { "uv": [ 3.5, 14.5, 4, 14 ], "texture": "#texture" },
        "up":    { "uv": [ 3.5, 14, 4, 14.5 ], "texture": "#texture" },
        "north": { "uv": [ 4, 14, 3.5, 14.5 ], "texture": "#texture" },
        "south": { "uv": [ 3.5, 14, 4, 14.5 ], "texture": "#texture" },
        "west":  { "uv": [ 3.5, 14, 4, 14.5 ], "texture": "#texture" },
        "east":  { "uv": [ 4, 14, 3.5, 14.5 ], "texture": "#texture" }
    }
},
{
    "from": [ 8, 19.5, 7.25 ],
    "to": [ 8.5, 20, 8.75 ],
    "faces": {
        "down":  { "uv": [ 4, 4.5, 4.5, 4 ], "texture": "#texture" },
        "up":    { "uv": [ 4, 4, 4.5, 4.5 ], "texture": "#texture" },
        "north": { "uv": [ 4.5, 4, 4, 4.5 ], "texture": "#texture" },
        "south": { "uv": [ 4, 4, 4.5, 4.5 ], "texture": "#texture" },
        "west":  { "uv": [ 4, 4, 4.5, 4.5 ], "texture": "#texture" },
        "east":  { "uv": [ 4.5, 4, 4, 4.5 ], "texture": "#texture" }
    }
},
{
    "from": [ 8, 18.5, 7.25 ],
    "to": [ 8.5, 19, 8.75 ],
    "faces": {
        "down":  { "uv": [ 4, 5.5, 4.5, 5 ], "texture": "#texture" },
        "up":    { "uv": [ 4, 5, 4.5, 5.5 ], "texture": "#texture" },
        "north": { "uv": [ 4.5, 5, 4, 5.5 ], "texture": "#texture" },
        "south": { "uv": [ 4, 5, 4.5, 5.5 ], "texture": "#texture" },
        "west":  { "uv": [ 4, 5, 4.5, 5.5 ], "texture": "#texture" },
        "east":  { "uv": [ 4.5, 5, 4, 5.5 ], "texture": "#texture" }
    }
},
{
    "from": [ 8, 16.5, 7.25 ],
    "to": [ 8.5, 17.5, 8.75 ],
    "faces": {
        "down":  { "uv": [ 4, 7.5, 4.5, 7 ], "texture": "#texture" },
        "up":    { "uv": [ 4, 6.5, 4.5, 7 ], "texture": "#texture" },
        "north": { "uv": [ 4.5, 6.5, 4, 7.5 ], "texture": "#texture" },
        "south": { "uv": [ 4, 6.5, 4.5, 7.5 ], "texture": "#texture" },
        "west":  { "uv": [ 4, 6.5, 4.5, 7.5 ], "texture": "#texture" },
        "east":  { "uv": [ 4.5, 6.5, 4, 7.5 ], "texture": "#texture" }
    }
},
{
    "from": [ 8.5, 22.5, 7.25 ],
    "to": [ 9, 23, 8.75 ],
    "faces": {
        "down":  { "uv": [ 4.5, 1.5, 5, 1 ], "texture": "#texture" },
        "up":    { "uv": [ 4.5, 1, 5, 1.5 ], "texture": "#texture" },
        "north": { "uv": [ 5, 1, 4.5, 1.5 ], "texture": "#texture" },
        "south": { "uv": [ 4.5, 1, 5, 1.5 ], "texture": "#texture" },
        "west":  { "uv": [ 4.5, 1, 5, 1.5 ], "texture": "#texture" },
        "east":  { "uv": [ 5, 1, 4.5, 1.5 ], "texture": "#texture" }
    }
},
{
    "from": [ 8.5, 17, 7.25 ],
    "to": [ 9, 17.5, 8.75 ],
    "faces": {
        "down":  { "uv": [ 4.5, 7, 5, 6.5 ], "texture": "#texture" },
        "up":    { "uv": [ 4.5, 6.5, 5, 7 ], "texture": "#texture" },
        "north": { "uv": [ 5, 6.5, 4.5, 7 ], "texture": "#texture" },
        "south": { "uv": [ 4.5, 6.5, 5, 7 ], "texture": "#texture" },
        "west":  { "uv": [ 4.5, 6.5, 5, 7 ], "texture": "#texture" },
        "east":  { "uv": [ 5, 6.5, 4.5, 7 ], "texture": "#texture" }
    }
},
{
    "from": [ 8.5, 15, 7.25 ],
    "to": [ 9, 15.5, 8.75 ],
    "faces": {
        "down":  { "uv": [ 4.5, 9, 5, 8.5 ], "texture": "#texture" },
        "up":    { "uv": [ 4.5, 8.5, 5, 9 ], "texture": "#texture" },
        "north": { "uv": [ 5, 8.5, 4.5, 9 ], "texture": "#texture" },
        "south": { "uv": [ 4.5, 8.5, 5, 9 ], "texture": "#texture" },
        "west":  { "uv": [ 4.5, 8.5, 5, 9 ], "texture": "#texture" },
        "east":  { "uv": [ 5, 8.5, 4.5, 9 ], "texture": "#texture" }
    }
},
{
    "from": [ 9, 9.5, 7.25 ],
    "to": [ 9.5, 10, 8.75 ],
    "faces": {
        "down":  { "uv": [ 5, 14.5, 5.5, 14 ], "texture": "#texture" },
        "up":    { "uv": [ 5, 14, 5.5, 14.5 ], "texture": "#texture" },
        "north": { "uv": [ 5.5, 14, 5, 14.5 ], "texture": "#texture" },
        "south": { "uv": [ 5, 14, 5.5, 14.5 ], "texture": "#texture" },
        "west":  { "uv": [ 5, 14, 5.5, 14.5 ], "texture": "#texture" },
        "east":  { "uv": [ 5.5, 14, 5, 14.5 ], "texture": "#texture" }
    }
},
{
    "from": [ 5.5, 3.5, 7.25 ],
    "to": [ 7.5, 8, 8.75 ],
    "faces": {
        "down":  { "uv": [ 9.5, 4.5, 11.5, 4 ], "texture": "#texture" },
        "up":    { "uv": [ 9.5, 0, 11.5, 0.5 ], "texture": "#texture" },
        "north": { "uv": [ 11.5, 0, 9.5, 4.5 ], "texture": "#texture" },
        "south": { "uv": [ 9.5, 0, 11.5, 4.5 ], "texture": "#texture" },
        "west":  { "uv": [ 9.5, 0, 10, 4.5 ], "texture": "#texture" },
        "east":  { "uv": [ 11.5, 0, 11, 4.5 ], "texture": "#texture" }
    }
},
{
    "from": [ 6, 3, 7.25 ],
    "to": [ 10, 3.5, 8.75 ],
    "faces": {
        "down":  { "uv": [ 10, 5, 14, 4.5 ], "texture": "#texture" },
        "up":    { "uv": [ 10, 4.5, 14, 5 ], "texture": "#texture" },
        "north": { "uv": [ 14, 4.5, 10, 5 ], "texture": "#texture" },
        "south": { "uv": [ 10, 4.5, 14, 5 ], "texture": "#texture" },
        "west":  { "uv": [ 10, 4.5, 10.5, 5 ], "texture": "#texture" },
        "east":  { "uv": [ 14, 4.5, 13.5, 5 ], "texture": "#texture" }
    }
},
{
    "from": [ 7.5, 3.5, 7.25 ],
    "to": [ 8, 7.5, 8.75 ],
    "faces": {
        "down":  { "uv": [ 11.5, 4.5, 12, 4 ], "texture": "#texture" },
        "up":    { "uv": [ 11.5, 0.5, 12, 1 ], "texture": "#texture" },
        "north": { "uv": [ 12, 0.5, 11.5, 4.5 ], "texture": "#texture" },
        "south": { "uv": [ 11.5, 0.5, 12, 4.5 ], "texture": "#texture" },
        "west":  { "uv": [ 11.5, 0.5, 12, 4.5 ], "texture": "#texture" },
        "east":  { "uv": [ 12, 0.5, 11.5, 4.5 ], "texture": "#texture" }
    }
},
{
    "from": [ 7.5, 2.5, 7.25 ],
    "to": [ 9.5, 3, 8.75 ],
    "faces": {
        "down":  { "uv": [ 11.5, 5.5, 13.5, 5 ], "texture": "#texture" },
        "up":    { "uv": [ 11.5, 5, 13.5, 5.5 ], "texture": "#texture" },
        "north": { "uv": [ 13.5, 5, 11.5, 5.5 ], "texture": "#texture" },
        "south": { "uv": [ 11.5, 5, 13.5, 5.5 ], "texture": "#texture" },
        "west":  { "uv": [ 11.5, 5, 12, 5.5 ], "texture": "#texture" },
        "east":  { "uv": [ 13.5, 5, 13, 5.5 ], "texture": "#texture" }
    }
},
{
    "from": [ 8, 3.5, 7.25 ],
    "to": [ 8.5, 6.5, 8.75 ],
    "faces": {
        "down":  { "uv": [ 12, 4.5, 12.5, 4 ], "texture": "#texture" },
        "up":    { "uv": [ 12, 1.5, 12.5, 2 ], "texture": "#texture" },
        "north": { "uv": [ 12.5, 1.5, 12, 4.5 ], "texture": "#texture" },
        "south": { "uv": [ 12, 1.5, 12.5, 4.5 ], "texture": "#texture" },
        "west":  { "uv": [ 12, 1.5, 12.5, 4.5 ], "texture": "#texture" },
        "east":  { "uv": [ 12.5, 1.5, 12, 4.5 ], "texture": "#texture" }
    }
},
{
    "from": [ 8.5, 3.5, 7.25 ],
    "to": [ 9, 6, 8.75 ],
    "faces": {
        "down":  { "uv": [ 12.5, 4.5, 13, 4 ], "texture": "#texture" },
        "up":    { "uv": [ 12.5, 2, 13, 2.5 ], "texture": "#texture" },
        "north": { "uv": [ 13, 2, 12.5, 4.5 ], "texture": "#texture" },
        "south": { "uv": [ 12.5, 2, 13, 4.5 ], "texture": "#texture" },
        "west":  { "uv": [ 12.5, 2, 13, 4.5 ], "texture": "#texture" },
        "east":  { "uv": [ 13, 2, 12.5, 4.5 ], "texture": "#texture" }
    }
},
{
    "from": [ 9, 3.5, 7.25 ],
    "to": [ 9.5, 5.5, 8.75 ],
    "faces": {
        "down":  { "uv": [ 13, 4.5, 13.5, 4 ], "texture": "#texture" },
        "up":    { "uv": [ 13, 2.5, 13.5, 3 ], "texture": "#texture" },
        "north": { "uv": [ 13.5, 2.5, 13, 4.5 ], "texture": "#texture" },
        "south": { "uv": [ 13, 2.5, 13.5, 4.5 ], "texture": "#texture" },
        "west":  { "uv": [ 13, 2.5, 13.5, 4.5 ], "texture": "#texture" },
        "east":  { "uv": [ 13.5, 2.5, 13, 4.5 ], "texture": "#texture" }
    }
},
{
    "from": [ 9.5, 5, 7.25 ],
    "to": [ 10, 5.5, 8.75 ],
    "faces": {
        "down":  { "uv": [ 13.5, 3, 14, 2.5 ], "texture": "#texture" },
        "up":    { "uv": [ 13.5, 2.5, 14, 3 ], "texture": "#texture" },
        "north": { "uv": [ 14, 2.5, 13.5, 3 ], "texture": "#texture" },
        "south": { "uv": [ 13.5, 2.5, 14, 3 ], "texture": "#texture" },
        "west":  { "uv": [ 13.5, 2.5, 14, 3 ], "texture": "#texture" },
        "east":  { "uv": [ 14, 2.5, 13.5, 3 ], "texture": "#texture" }
    }
},
{
    "from": [ 9.5, 3.5, 7.25 ],
    "to": [ 10, 4.5, 8.75 ],
    "faces": {
        "down":  { "uv": [ 13.5, 4.5, 14, 4 ], "texture": "#texture" },
        "up":    { "uv": [ 13.5, 3.5, 14, 4 ], "texture": "#texture" },
        "north": { "uv": [ 14, 3.5, 13.5, 4.5 ], "texture": "#texture" },
        "south": { "uv": [ 13.5, 3.5, 14, 4.5 ], "texture": "#texture" },
        "west":  { "uv": [ 13.5, 3.5, 14, 4.5 ], "texture": "#texture" },
        "east":  { "uv": [ 14, 3.5, 13.5, 4.5 ], "texture": "#texture" }
    }
},
{
    "from": [ 10, 3.5, 7.25 ],
    "to": [ 10.5, 4, 8.75 ],
    "faces": {
        "down":  { "uv": [ 14, 4.5, 14.5, 4 ], "texture": "#texture" },
        "up":    { "uv": [ 14, 4, 14.5, 4.5 ], "texture": "#texture" },
        "north": { "uv": [ 14.5, 4, 14, 4.5 ], "texture": "#texture" },
        "south": { "uv": [ 14, 4, 14.5, 4.5 ], "texture": "#texture" },
        "west":  { "uv": [ 14, 4, 14.5, 4.5 ], "texture": "#texture" },
        "east":  { "uv": [ 14.5, 4, 14, 4.5 ], "texture": "#texture" }
    }
},
{
    "from": [ 4.5, 17.5, 7.75 ],
    "to": [ 9, 18.5, 8.25 ],
    "faces": {
        "down":  { "uv": [ 0.5, 6.5, 5, 6 ], "texture": "#texture" },
        "up":    { "uv": [ 0.5, 5.5, 5, 6 ], "texture": "#texture" },
        "north": { "uv": [ 5, 5.5, 0.5, 6.5 ], "texture": "#texture" },
        "south": { "uv": [ 0.5, 5.5, 5, 6.5 ], "texture": "#texture" },
        "west":  { "uv": [ 0.5, 5.5, 1, 6.5 ], "texture": "#texture" },
        "east":  { "uv": [ 5, 5.5, 4.5, 6.5 ], "texture": "#texture" }
    }
},
{
    "from": [ 5, 18.5, 7.75 ],
    "to": [ 8.5, 20, 8.25 ],
    "faces": {
        "down":  { "uv": [ 1, 5.5, 4.5, 5 ], "texture": "#texture" },
        "up":    { "uv": [ 1, 4, 4.5, 4.5 ], "texture": "#texture" },
        "north": { "uv": [ 4.5, 4, 1, 5.5 ], "texture": "#texture" },
        "south": { "uv": [ 1, 4, 4.5, 5.5 ], "texture": "#texture" },
        "west":  { "uv": [ 1, 4, 1.5, 5.5 ], "texture": "#texture" },
        "east":  { "uv": [ 4.5, 4, 4, 5.5 ], "texture": "#texture" }
    }
},
{
    "from": [ 5, 15, 7.75 ],
    "to": [ 9, 16, 8.25 ],
    "faces": {
        "down":  { "uv": [ 1, 9, 5, 8.5 ], "texture": "#texture" },
        "up":    { "uv": [ 1, 8, 5, 8.5 ], "texture": "#texture" },
        "north": { "uv": [ 5, 8, 1, 9 ], "texture": "#texture" },
        "south": { "uv": [ 1, 8, 5, 9 ], "texture": "#texture" },
        "west":  { "uv": [ 1, 8, 1.5, 9 ], "texture": "#texture" },
        "east":  { "uv": [ 5, 8, 4.5, 9 ], "texture": "#texture" }
    }
},
{
    "from": [ 5, 12, 7.75 ],
    "to": [ 5.5, 13, 8.25 ],
    "faces": {
        "down":  { "uv": [ 1, 12, 1.5, 11.5 ], "texture": "#texture" },
        "up":    { "uv": [ 1, 11, 1.5, 11.5 ], "texture": "#texture" },
        "north": { "uv": [ 1.5, 11, 1, 12 ], "texture": "#texture" },
        "south": { "uv": [ 1, 11, 1.5, 12 ], "texture": "#texture" },
        "west":  { "uv": [ 1, 11, 1.5, 12 ], "texture": "#texture" },
        "east":  { "uv": [ 1.5, 11, 1, 12 ], "texture": "#texture" }
    }
},
{
    "from": [ 5.5, 20, 7.75 ],
    "to": [ 9, 21, 8.25 ],
    "faces": {
        "down":  { "uv": [ 1.5, 4, 5, 3.5 ], "texture": "#texture" },
        "up":    { "uv": [ 1.5, 3, 5, 3.5 ], "texture": "#texture" },
        "north": { "uv": [ 5, 3, 1.5, 4 ], "texture": "#texture" },
        "south": { "uv": [ 1.5, 3, 5, 4 ], "texture": "#texture" },
        "west":  { "uv": [ 1.5, 3, 2, 4 ], "texture": "#texture" },
        "east":  { "uv": [ 5, 3, 4.5, 4 ], "texture": "#texture" }
    }
},
{
    "from": [ 5.5, 16, 7.75 ],
    "to": [ 8.5, 17.5, 8.25 ],
    "faces": {
        "down":  { "uv": [ 1.5, 8, 4.5, 7.5 ], "texture": "#texture" },
        "up":    { "uv": [ 1.5, 6.5, 4.5, 7 ], "texture": "#texture" },
        "north": { "uv": [ 4.5, 6.5, 1.5, 8 ], "texture": "#texture" },
        "south": { "uv": [ 1.5, 6.5, 4.5, 8 ], "texture": "#texture" },
        "west":  { "uv": [ 1.5, 6.5, 2, 8 ], "texture": "#texture" },
        "east":  { "uv": [ 4.5, 6.5, 4, 8 ], "texture": "#texture" }
    }
},
{
    "from": [ 5.5, 14.5, 7.75 ],
    "to": [ 9.5, 15, 8.25 ],
    "faces": {
        "down":  { "uv": [ 1.5, 9.5, 5.5, 9 ], "texture": "#texture" },
        "up":    { "uv": [ 1.5, 9, 5.5, 9.5 ], "texture": "#texture" },
        "north": { "uv": [ 5.5, 9, 1.5, 9.5 ], "texture": "#texture" },
        "south": { "uv": [ 1.5, 9, 5.5, 9.5 ], "texture": "#texture" },
        "west":  { "uv": [ 1.5, 9, 2, 9.5 ], "texture": "#texture" },
        "east":  { "uv": [ 5.5, 9, 5, 9.5 ], "texture": "#texture" }
    }
},
{
    "from": [ 5.5, 12.5, 7.75 ],
    "to": [ 10, 14, 8.25 ],
    "faces": {
        "down":  { "uv": [ 1.5, 11.5, 6, 11 ], "texture": "#texture" },
        "up":    { "uv": [ 1.5, 10, 6, 10.5 ], "texture": "#texture" },
        "north": { "uv": [ 6, 10, 1.5, 11.5 ], "texture": "#texture" },
        "south": { "uv": [ 1.5, 10, 6, 11.5 ], "texture": "#texture" },
        "west":  { "uv": [ 1.5, 10, 2, 11.5 ], "texture": "#texture" },
        "east":  { "uv": [ 6, 10, 5.5, 11.5 ], "texture": "#texture" }
    }
},
{
    "from": [ 5.5, 8.5, 7.75 ],
    "to": [ 8, 10, 8.25 ],
    "faces": {
        "down":  { "uv": [ 1.5, 15.5, 4, 15 ], "texture": "#texture" },
        "up":    { "uv": [ 1.5, 14, 4, 14.5 ], "texture": "#texture" },
        "north": { "uv": [ 4, 14, 1.5, 15.5 ], "texture": "#texture" },
        "south": { "uv": [ 1.5, 14, 4, 15.5 ], "texture": "#texture" },
        "west":  { "uv": [ 1.5, 14, 2, 15.5 ], "texture": "#texture" },
        "east":  { "uv": [ 4, 14, 3.5, 15.5 ], "texture": "#texture" }
    }
},
{
    "from": [ 6, 21, 7.75 ],
    "to": [ 9, 21.5, 8.25 ],
    "faces": {
        "down":  { "uv": [ 2, 3, 5, 2.5 ], "texture": "#texture" },
        "up":    { "uv": [ 2, 2.5, 5, 3 ], "texture": "#texture" },
        "north": { "uv": [ 5, 2.5, 2, 3 ], "texture": "#texture" },
        "south": { "uv": [ 2, 2.5, 5, 3 ], "texture": "#texture" },
        "west":  { "uv": [ 2, 2.5, 2.5, 3 ], "texture": "#texture" },
        "east":  { "uv": [ 5, 2.5, 4.5, 3 ], "texture": "#texture" }
    }
},
{
    "from": [ 6, 14, 7.75 ],
    "to": [ 10, 14.5, 8.25 ],
    "faces": {
        "down":  { "uv": [ 2, 10, 6, 9.5 ], "texture": "#texture" },
        "up":    { "uv": [ 2, 9.5, 6, 10 ], "texture": "#texture" },
        "north": { "uv": [ 6, 9.5, 2, 10 ], "texture": "#texture" },
        "south": { "uv": [ 2, 9.5, 6, 10 ], "texture": "#texture" },
        "west":  { "uv": [ 2, 9.5, 2.5, 10 ], "texture": "#texture" },
        "east":  { "uv": [ 6, 9.5, 5.5, 10 ], "texture": "#texture" }
    }
},
{
    "from": [ 6, 12, 7.75 ],
    "to": [ 10, 12.5, 8.25 ],
    "faces": {
        "down":  { "uv": [ 2, 12, 6, 11.5 ], "texture": "#texture" },
        "up":    { "uv": [ 2, 11.5, 6, 12 ], "texture": "#texture" },
        "north": { "uv": [ 6, 11.5, 2, 12 ], "texture": "#texture" },
        "south": { "uv": [ 2, 11.5, 6, 12 ], "texture": "#texture" },
        "west":  { "uv": [ 2, 11.5, 2.5, 12 ], "texture": "#texture" },
        "east":  { "uv": [ 6, 11.5, 5.5, 12 ], "texture": "#texture" }
    }
},
{
    "from": [ 6, 10, 7.75 ],
    "to": [ 10, 10.5, 8.25 ],
    "faces": {
        "down":  { "uv": [ 2, 14, 6, 13.5 ], "texture": "#texture" },
        "up":    { "uv": [ 2, 13.5, 6, 14 ], "texture": "#texture" },
        "north": { "uv": [ 6, 13.5, 2, 14 ], "texture": "#texture" },
        "south": { "uv": [ 2, 13.5, 6, 14 ], "texture": "#texture" },
        "west":  { "uv": [ 2, 13.5, 2.5, 14 ], "texture": "#texture" },
        "east":  { "uv": [ 6, 13.5, 5.5, 14 ], "texture": "#texture" }
    }
},
{
    "from": [ 5.5, 8, 7.75 ],
    "to": [ 8, 8.5, 8.25 ],
    "faces": {
        "down":  { "uv": [ 1.5, 16, 4, 15.5 ], "texture": "#texture" },
        "up":    { "uv": [ 1.5, 15.5, 4, 16 ], "texture": "#texture" },
        "north": { "uv": [ 4, 15.5, 1.5, 16 ], "texture": "#texture" },
        "south": { "uv": [ 1.5, 15.5, 4, 16 ], "texture": "#texture" },
        "west":  { "uv": [ 1.5, 15.5, 2, 16 ], "texture": "#texture" },
        "east":  { "uv": [ 4, 15.5, 3.5, 16 ], "texture": "#texture" }
    }
},
{
    "from": [ 6.5, 21.5, 7.75 ],
    "to": [ 9, 22, 8.25 ],
    "faces": {
        "down":  { "uv": [ 2.5, 2.5, 5, 2 ], "texture": "#texture" },
        "up":    { "uv": [ 2.5, 2, 5, 2.5 ], "texture": "#texture" },
        "north": { "uv": [ 5, 2, 2.5, 2.5 ], "texture": "#texture" },
        "south": { "uv": [ 2.5, 2, 5, 2.5 ], "texture": "#texture" },
        "west":  { "uv": [ 2.5, 2, 3, 2.5 ], "texture": "#texture" },
        "east":  { "uv": [ 5, 2, 4.5, 2.5 ], "texture": "#texture" }
    }
},
{
    "from": [ 6.5, 10.5, 7.75 ],
    "to": [ 10, 12, 8.25 ],
    "faces": {
        "down":  { "uv": [ 2.5, 13.5, 6, 13 ], "texture": "#texture" },
        "up":    { "uv": [ 2.5, 12, 6, 12.5 ], "texture": "#texture" },
        "north": { "uv": [ 6, 12, 2.5, 13.5 ], "texture": "#texture" },
        "south": { "uv": [ 2.5, 12, 6, 13.5 ], "texture": "#texture" },
        "west":  { "uv": [ 2.5, 12, 3, 13.5 ], "texture": "#texture" },
        "east":  { "uv": [ 6, 12, 5.5, 13.5 ], "texture": "#texture" }
    }
},
{
    "from": [ 7, 22, 7.75 ],
    "to": [ 9, 22.5, 8.25 ],
    "faces": {
        "down":  { "uv": [ 3, 2, 5, 1.5 ], "texture": "#texture" },
        "up":    { "uv": [ 3, 1.5, 5, 2 ], "texture": "#texture" },
        "north": { "uv": [ 5, 1.5, 3, 2 ], "texture": "#texture" },
        "south": { "uv": [ 3, 1.5, 5, 2 ], "texture": "#texture" },
        "west":  { "uv": [ 3, 1.5, 3.5, 2 ], "texture": "#texture" },
        "east":  { "uv": [ 5, 1.5, 4.5, 2 ], "texture": "#texture" }
    }
},
{
    "from": [ 7.5, 22.5, 7.75 ],
    "to": [ 9.5, 23, 8.25 ],
    "faces": {
        "down":  { "uv": [ 3.5, 1.5, 5.5, 1 ], "texture": "#texture" },
        "up":    { "uv": [ 3.5, 1, 5.5, 1.5 ], "texture": "#texture" },
        "north": { "uv": [ 5.5, 1, 3.5, 1.5 ], "texture": "#texture" },
        "south": { "uv": [ 3.5, 1, 5.5, 1.5 ], "texture": "#texture" },
        "west":  { "uv": [ 3.5, 1, 4, 1.5 ], "texture": "#texture" },
        "east":  { "uv": [ 5.5, 1, 5, 1.5 ], "texture": "#texture" }
    }
},
{
    "from": [ 8, 9.5, 7.75 ],
    "to": [ 10, 10, 8.25 ],
    "faces": {
        "down":  { "uv": [ 4, 14.5, 6, 14 ], "texture": "#texture" },
        "up":    { "uv": [ 4, 14, 6, 14.5 ], "texture": "#texture" },
        "north": { "uv": [ 6, 14, 4, 14.5 ], "texture": "#texture" },
        "south": { "uv": [ 4, 14, 6, 14.5 ], "texture": "#texture" },
        "west":  { "uv": [ 4, 14, 4.5, 14.5 ], "texture": "#texture" },
        "east":  { "uv": [ 6, 14, 5.5, 14.5 ], "texture": "#texture" }
    }
},
{
    "from": [ 8.5, 23, 7.75 ],
    "to": [ 9.5, 23.5, 8.25 ],
    "faces": {
        "down":  { "uv": [ 4.5, 1, 5.5, 0.5 ], "texture": "#texture" },
        "up":    { "uv": [ 4.5, 0.5, 5.5, 1 ], "texture": "#texture" },
        "north": { "uv": [ 5.5, 0.5, 4.5, 1 ], "texture": "#texture" },
        "south": { "uv": [ 4.5, 0.5, 5.5, 1 ], "texture": "#texture" },
        "west":  { "uv": [ 4.5, 0.5, 5, 1 ], "texture": "#texture" },
        "east":  { "uv": [ 5.5, 0.5, 5, 1 ], "texture": "#texture" }
    }
},
{
    "from": [ 8.5, 19.5, 7.75 ],
    "to": [ 9, 20, 8.25 ],
    "faces": {
        "down":  { "uv": [ 4.5, 4.5, 5, 4 ], "texture": "#texture" },
        "up":    { "uv": [ 4.5, 4, 5, 4.5 ], "texture": "#texture" },
        "north": { "uv": [ 5, 4, 4.5, 4.5 ], "texture": "#texture" },
        "south": { "uv": [ 4.5, 4, 5, 4.5 ], "texture": "#texture" },
        "west":  { "uv": [ 4.5, 4, 5, 4.5 ], "texture": "#texture" },
        "east":  { "uv": [ 5, 4, 4.5, 4.5 ], "texture": "#texture" }
    }
},
{
    "from": [ 8.5, 18.5, 7.75 ],
    "to": [ 9, 19, 8.25 ],
    "faces": {
        "down":  { "uv": [ 4.5, 5.5, 5, 5 ], "texture": "#texture" },
        "up":    { "uv": [ 4.5, 5, 5, 5.5 ], "texture": "#texture" },
        "north": { "uv": [ 5, 5, 4.5, 5.5 ], "texture": "#texture" },
        "south": { "uv": [ 4.5, 5, 5, 5.5 ], "texture": "#texture" },
        "west":  { "uv": [ 4.5, 5, 5, 5.5 ], "texture": "#texture" },
        "east":  { "uv": [ 5, 5, 4.5, 5.5 ], "texture": "#texture" }
    }
},
{
    "from": [ 8.5, 16.5, 7.75 ],
    "to": [ 9.5, 17.5, 8.25 ],
    "faces": {
        "down":  { "uv": [ 4.5, 7.5, 5.5, 7 ], "texture": "#texture" },
        "up":    { "uv": [ 4.5, 6.5, 5.5, 7 ], "texture": "#texture" },
        "north": { "uv": [ 5.5, 6.5, 4.5, 7.5 ], "texture": "#texture" },
        "south": { "uv": [ 4.5, 6.5, 5.5, 7.5 ], "texture": "#texture" },
        "west":  { "uv": [ 4.5, 6.5, 5, 7.5 ], "texture": "#texture" },
        "east":  { "uv": [ 5.5, 6.5, 5, 7.5 ], "texture": "#texture" }
    }
},
{
    "from": [ 9, 15, 7.75 ],
    "to": [ 9.5, 15.5, 8.25 ],
    "faces": {
        "down":  { "uv": [ 5, 9, 5.5, 8.5 ], "texture": "#texture" },
        "up":    { "uv": [ 5, 8.5, 5.5, 9 ], "texture": "#texture" },
        "north": { "uv": [ 5.5, 8.5, 5, 9 ], "texture": "#texture" },
        "south": { "uv": [ 5, 8.5, 5.5, 9 ], "texture": "#texture" },
        "west":  { "uv": [ 5, 8.5, 5.5, 9 ], "texture": "#texture" },
        "east":  { "uv": [ 5.5, 8.5, 5, 9 ], "texture": "#texture" }
    }
},
{
    "from": [ 9, 8.5, 7.75 ],
    "to": [ 10, 9.5, 8.25 ],
    "faces": {
        "down":  { "uv": [ 5, 15.5, 6, 15 ], "texture": "#texture" },
        "up":    { "uv": [ 5, 14.5, 6, 15 ], "texture": "#texture" },
        "north": { "uv": [ 6, 14.5, 5, 15.5 ], "texture": "#texture" },
        "south": { "uv": [ 5, 14.5, 6, 15.5 ], "texture": "#texture" },
        "west":  { "uv": [ 5, 14.5, 5.5, 15.5 ], "texture": "#texture" },
        "east":  { "uv": [ 6, 14.5, 5.5, 15.5 ], "texture": "#texture" }
    }
},
{
    "from": [ 9.5, 8, 7.75 ],
    "to": [ 10, 8.5, 8.25 ],
    "faces": {
        "down":  { "uv": [ 5.5, 16, 6, 15.5 ], "texture": "#texture" },
        "up":    { "uv": [ 5.5, 15.5, 6, 16 ], "texture": "#texture" },
        "north": { "uv": [ 6, 15.5, 5.5, 16 ], "texture": "#texture" },
        "south": { "uv": [ 5.5, 15.5, 6, 16 ], "texture": "#texture" },
        "west":  { "uv": [ 5.5, 15.5, 6, 16 ], "texture": "#texture" },
        "east":  { "uv": [ 6, 15.5, 5.5, 16 ], "texture": "#texture" }
    }
},
{
    "from": [ 5, 3.5, 7.75 ],
    "to": [ 8, 8, 8.25 ],
    "faces": {
        "down":  { "uv": [ 9, 4.5, 12, 4 ], "texture": "#texture" },
        "up":    { "uv": [ 9, 0, 12, 0.5 ], "texture": "#texture" },
        "north": { "uv": [ 12, 0, 9, 4.5 ], "texture": "#texture" },
        "south": { "uv": [ 9, 0, 12, 4.5 ], "texture": "#texture" },
        "west":  { "uv": [ 9, 0, 9.5, 4.5 ], "texture": "#texture" },
        "east":  { "uv": [ 12, 0, 11.5, 4.5 ], "texture": "#texture" }
    }
},
{
    "from": [ 5.5, 1.5, 7.75 ],
    "to": [ 6, 3.5, 8.25 ],
    "faces": {
        "down":  { "uv": [ 9.5, 6.5, 10, 6 ], "texture": "#texture" },
        "up":    { "uv": [ 9.5, 4.5, 10, 5 ], "texture": "#texture" },
        "north": { "uv": [ 10, 4.5, 9.5, 6.5 ], "texture": "#texture" },
        "south": { "uv": [ 9.5, 4.5, 10, 6.5 ], "texture": "#texture" },
        "west":  { "uv": [ 9.5, 4.5, 10, 6.5 ], "texture": "#texture" },
        "east":  { "uv": [ 10, 4.5, 9.5, 6.5 ], "texture": "#texture" }
    }
},
{
    "from": [ 6, 3, 7.75 ],
    "to": [ 10.5, 3.5, 8.25 ],
    "faces": {
        "down":  { "uv": [ 10, 5, 14.5, 4.5 ], "texture": "#texture" },
        "up":    { "uv": [ 10, 4.5, 14.5, 5 ], "texture": "#texture" },
        "north": { "uv": [ 14.5, 4.5, 10, 5 ], "texture": "#texture" },
        "south": { "uv": [ 10, 4.5, 14.5, 5 ], "texture": "#texture" },
        "west":  { "uv": [ 10, 4.5, 10.5, 5 ], "texture": "#texture" },
        "east":  { "uv": [ 14.5, 4.5, 14, 5 ], "texture": "#texture" }
    }
},
{
    "from": [ 7.5, 2.5, 7.75 ],
    "to": [ 10, 3, 8.25 ],
    "faces": {
        "down":  { "uv": [ 11.5, 5.5, 14, 5 ], "texture": "#texture" },
        "up":    { "uv": [ 11.5, 5, 14, 5.5 ], "texture": "#texture" },
        "north": { "uv": [ 14, 5, 11.5, 5.5 ], "texture": "#texture" },
        "south": { "uv": [ 11.5, 5, 14, 5.5 ], "texture": "#texture" },
        "west":  { "uv": [ 11.5, 5, 12, 5.5 ], "texture": "#texture" },
        "east":  { "uv": [ 14, 5, 13.5, 5.5 ], "texture": "#texture" }
    }
},
{
    "from": [ 8, 3.5, 7.75 ],
    "to": [ 8.5, 7.5, 8.25 ],
    "faces": {
        "down":  { "uv": [ 12, 4.5, 12.5, 4 ], "texture": "#texture" },
        "up":    { "uv": [ 12, 0.5, 12.5, 1 ], "texture": "#texture" },
        "north": { "uv": [ 12.5, 0.5, 12, 4.5 ], "texture": "#texture" },
        "south": { "uv": [ 12, 0.5, 12.5, 4.5 ], "texture": "#texture" },
        "west":  { "uv": [ 12, 0.5, 12.5, 4.5 ], "texture": "#texture" },
        "east":  { "uv": [ 12.5, 0.5, 12, 4.5 ], "texture": "#texture" }
    }
},
{
    "from": [ 8.5, 7, 7.75 ],
    "to": [ 9, 7.5, 8.25 ],
    "faces": {
        "down":  { "uv": [ 12.5, 1, 13, 0.5 ], "texture": "#texture" },
        "up":    { "uv": [ 12.5, 0.5, 13, 1 ], "texture": "#texture" },
        "north": { "uv": [ 13, 0.5, 12.5, 1 ], "texture": "#texture" },
        "south": { "uv": [ 12.5, 0.5, 13, 1 ], "texture": "#texture" },
        "west":  { "uv": [ 12.5, 0.5, 13, 1 ], "texture": "#texture" },
        "east":  { "uv": [ 13, 0.5, 12.5, 1 ], "texture": "#texture" }
    }
},
{
    "from": [ 8.5, 3.5, 7.75 ],
    "to": [ 9, 6.5, 8.25 ],
    "faces": {
        "down":  { "uv": [ 12.5, 4.5, 13, 4 ], "texture": "#texture" },
        "up":    { "uv": [ 12.5, 1.5, 13, 2 ], "texture": "#texture" },
        "north": { "uv": [ 13, 1.5, 12.5, 4.5 ], "texture": "#texture" },
        "south": { "uv": [ 12.5, 1.5, 13, 4.5 ], "texture": "#texture" },
        "west":  { "uv": [ 12.5, 1.5, 13, 4.5 ], "texture": "#texture" },
        "east":  { "uv": [ 13, 1.5, 12.5, 4.5 ], "texture": "#texture" }
    }
},
{
    "from": [ 9, 3.5, 7.75 ],
    "to": [ 10, 6, 8.25 ],
    "faces": {
        "down":  { "uv": [ 13, 4.5, 14, 4 ], "texture": "#texture" },
        "up":    { "uv": [ 13, 2, 14, 2.5 ], "texture": "#texture" },
        "north": { "uv": [ 14, 2, 13, 4.5 ], "texture": "#texture" },
        "south": { "uv": [ 13, 2, 14, 4.5 ], "texture": "#texture" },
        "west":  { "uv": [ 13, 2, 13.5, 4.5 ], "texture": "#texture" },
        "east":  { "uv": [ 14, 2, 13.5, 4.5 ], "texture": "#texture" }
    }
},
{
    "from": [ 9.5, 7, 7.75 ],
    "to": [ 10, 8, 8.25 ],
    "faces": {
        "down":  { "uv": [ 13.5, 1, 14, 0.5 ], "texture": "#texture" },
        "up":    { "uv": [ 13.5, 0, 14, 0.5 ], "texture": "#texture" },
        "north": { "uv": [ 14, 0, 13.5, 1 ], "texture": "#texture" },
        "south": { "uv": [ 13.5, 0, 14, 1 ], "texture": "#texture" },
        "west":  { "uv": [ 13.5, 0, 14, 1 ], "texture": "#texture" },
        "east":  { "uv": [ 14, 0, 13.5, 1 ], "texture": "#texture" }
    }
},
{
    "from": [ 10, 5, 7.75 ],
    "to": [ 10.5, 6, 8.25 ],
    "faces": {
        "down":  { "uv": [ 14, 3, 14.5, 2.5 ], "texture": "#texture" },
        "up":    { "uv": [ 14, 2, 14.5, 2.5 ], "texture": "#texture" },
        "north": { "uv": [ 14.5, 2, 14, 3 ], "texture": "#texture" },
        "south": { "uv": [ 14, 2, 14.5, 3 ], "texture": "#texture" },
        "west":  { "uv": [ 14, 2, 14.5, 3 ], "texture": "#texture" },
        "east":  { "uv": [ 14.5, 2, 14, 3 ], "texture": "#texture" }
    }
},
{
    "from": [ 10, 3.5, 7.75 ],
    "to": [ 11, 4.5, 8.25 ],
    "faces": {
        "down":  { "uv": [ 14, 4.5, 15, 4 ], "texture": "#texture" },
        "up":    { "uv": [ 14, 3.5, 15, 4 ], "texture": "#texture" },
        "north": { "uv": [ 15, 3.5, 14, 4.5 ], "texture": "#texture" },
        "south": { "uv": [ 14, 3.5, 15, 4.5 ], "texture": "#texture" },
        "west":  { "uv": [ 14, 3.5, 14.5, 4.5 ], "texture": "#texture" },
        "east":  { "uv": [ 15, 3.5, 14.5, 4.5 ], "texture": "#texture" }
    }
},
{
    "from": [ 6.5, 0.5, 7.5 ],
    "to": [ 9.5, 1, 8.5 ],
    "faces": {
        "down":  { "uv": [ 10.5, 7.5, 13.5, 7 ], "texture": "#texture" },
        "up":    { "uv": [ 10.5, 7, 13.5, 7.5 ], "texture": "#texture" },
        "north": { "uv": [ 13.5, 7, 10.5, 7.5 ], "texture": "#texture" },
        "south": { "uv": [ 10.5, 7, 13.5, 7.5 ], "texture": "#texture" },
        "west":  { "uv": [ 10.5, 7, 11, 7.5 ], "texture": "#texture" },
        "east":  { "uv": [ 13.5, 7, 13, 7.5 ], "texture": "#texture" }
    }
},
{
    "from": [ 6.5, -2, 7.5 ],
    "to": [ 9.5, -1.5, 8.5 ],
    "faces": {
        "down":  { "uv": [ 10.5, 10, 13.5, 9.5 ], "texture": "#texture" },
        "up":    { "uv": [ 10.5, 9.5, 13.5, 10 ], "texture": "#texture" },
        "north": { "uv": [ 13.5, 9.5, 10.5, 10 ], "texture": "#texture" },
        "south": { "uv": [ 10.5, 9.5, 13.5, 10 ], "texture": "#texture" },
        "west":  { "uv": [ 10.5, 9.5, 11, 10 ], "texture": "#texture" },
        "east":  { "uv": [ 13.5, 9.5, 13, 10 ], "texture": "#texture" }
    }
},
{
    "from": [ 6.5, -6.5, 7.5 ],
    "to": [ 9.5, -4.5, 8.5 ],
    "faces": {
        "down":  { "uv": [ 10.5, 14.5, 13.5, 14 ], "texture": "#texture" },
        "up":    { "uv": [ 10.5, 12.5, 13.5, 13 ], "texture": "#texture" },
        "north": { "uv": [ 13.5, 12.5, 10.5, 14.5 ], "texture": "#texture" },
        "south": { "uv": [ 10.5, 12.5, 13.5, 14.5 ], "texture": "#texture" },
        "west":  { "uv": [ 10.5, 12.5, 11, 14.5 ], "texture": "#texture" },
        "east":  { "uv": [ 13.5, 12.5, 13, 14.5 ], "texture": "#texture" }
    }
},
{
    "from": [ 7, 1, 7.5 ],
    "to": [ 7.5, 3, 8.5 ],
    "faces": {
        "down":  { "uv": [ 11, 7, 11.5, 6.5 ], "texture": "#texture" },
        "up":    { "uv": [ 11, 5, 11.5, 5.5 ], "texture": "#texture" },
        "north": { "uv": [ 11.5, 5, 11, 7 ], "texture": "#texture" },
        "south": { "uv": [ 11, 5, 11.5, 7 ], "texture": "#texture" },
        "west":  { "uv": [ 11, 5, 11.5, 7 ], "texture": "#texture" },
        "east":  { "uv": [ 11.5, 5, 11, 7 ], "texture": "#texture" }
    }
},
{
    "from": [ 7, -1, 7.5 ],
    "to": [ 9, 0, 8.5 ],
    "faces": {
        "down":  { "uv": [ 11, 9, 13, 8.5 ], "texture": "#texture" },
        "up":    { "uv": [ 11, 8, 13, 8.5 ], "texture": "#texture" },
        "north": { "uv": [ 13, 8, 11, 9 ], "texture": "#texture" },
        "south": { "uv": [ 11, 8, 13, 9 ], "texture": "#texture" },
        "west":  { "uv": [ 11, 8, 11.5, 9 ], "texture": "#texture" },
        "east":  { "uv": [ 13, 8, 12.5, 9 ], "texture": "#texture" }
    }
},
{
    "from": [ 7, -4.5, 7.5 ],
    "to": [ 9, -2, 8.5 ],
    "faces": {
        "down":  { "uv": [ 11, 12.5, 13, 12 ], "texture": "#texture" },
        "up":    { "uv": [ 11, 10, 13, 10.5 ], "texture": "#texture" },
        "north": { "uv": [ 13, 10, 11, 12.5 ], "texture": "#texture" },
        "south": { "uv": [ 11, 10, 13, 12.5 ], "texture": "#texture" },
        "west":  { "uv": [ 11, 10, 11.5, 12.5 ], "texture": "#texture" },
        "east":  { "uv": [ 13, 10, 12.5, 12.5 ], "texture": "#texture" }
    }
},
{
    "from": [ 7, -7, 7.5 ],
    "to": [ 9, -6.5, 8.5 ],
    "faces": {
        "down":  { "uv": [ 11, 15, 13, 14.5 ], "texture": "#texture" },
        "up":    { "uv": [ 11, 14.5, 13, 15 ], "texture": "#texture" },
        "north": { "uv": [ 13, 14.5, 11, 15 ], "texture": "#texture" },
        "south": { "uv": [ 11, 14.5, 13, 15 ], "texture": "#texture" },
        "west":  { "uv": [ 11, 14.5, 11.5, 15 ], "texture": "#texture" },
        "east":  { "uv": [ 13, 14.5, 12.5, 15 ], "texture": "#texture" }
    }
},
{
    "from": [ 7.5, 1, 7.5 ],
    "to": [ 9, 2.5, 8.5 ],
    "faces": {
        "down":  { "uv": [ 11.5, 7, 13, 6.5 ], "texture": "#texture" },
        "up":    { "uv": [ 11.5, 5.5, 13, 6 ], "texture": "#texture" },
        "north": { "uv": [ 13, 5.5, 11.5, 7 ], "texture": "#texture" },
        "south": { "uv": [ 11.5, 5.5, 13, 7 ], "texture": "#texture" },
        "west":  { "uv": [ 11.5, 5.5, 12, 7 ], "texture": "#texture" },
        "east":  { "uv": [ 13, 5.5, 12.5, 7 ], "texture": "#texture" }
    }
},
{
    "from": [ 7.5, 0, 7.5 ],
    "to": [ 8.5, 0.5, 8.5 ],
    "faces": {
        "down":  { "uv": [ 11.5, 8, 12.5, 7.5 ], "texture": "#texture" },
        "up":    { "uv": [ 11.5, 7.5, 12.5, 8 ], "texture": "#texture" },
        "north": { "uv": [ 12.5, 7.5, 11.5, 8 ], "texture": "#texture" },
        "south": { "uv": [ 11.5, 7.5, 12.5, 8 ], "texture": "#texture" },
        "west":  { "uv": [ 11.5, 7.5, 12, 8 ], "texture": "#texture" },
        "east":  { "uv": [ 12.5, 7.5, 12, 8 ], "texture": "#texture" }
    }
},
{
    "from": [ 7.5, -1.5, 7.5 ],
    "to": [ 8.5, -1, 8.5 ],
    "faces": {
        "down":  { "uv": [ 11.5, 9.5, 12.5, 9 ], "texture": "#texture" },
        "up":    { "uv": [ 11.5, 9, 12.5, 9.5 ], "texture": "#texture" },
        "north": { "uv": [ 12.5, 9, 11.5, 9.5 ], "texture": "#texture" },
        "south": { "uv": [ 11.5, 9, 12.5, 9.5 ], "texture": "#texture" },
        "west":  { "uv": [ 11.5, 9, 12, 9.5 ], "texture": "#texture" },
        "east":  { "uv": [ 12.5, 9, 12, 9.5 ], "texture": "#texture" }
    }
},
{
    "from": [ 7.5, -7.5, 7.5 ],
    "to": [ 8.5, -7, 8.5 ],
    "faces": {
        "down":  { "uv": [ 11.5, 15.5, 12.5, 15 ], "texture": "#texture" },
        "up":    { "uv": [ 11.5, 15, 12.5, 15.5 ], "texture": "#texture" },
        "north": { "uv": [ 12.5, 15, 11.5, 15.5 ], "texture": "#texture" },
        "south": { "uv": [ 11.5, 15, 12.5, 15.5 ], "texture": "#texture" },
        "west":  { "uv": [ 11.5, 15, 12, 15.5 ], "texture": "#texture" },
        "east":  { "uv": [ 12.5, 15, 12, 15.5 ], "texture": "#texture" }
    }
}
],
"display": {
    "thirdperson_righthand": {
        "rotation": [ 0, -90, 0 ],
        "translation": [ 0, 7.56, 2.08 ],
        "scale": [ 1, 1, 1 ]
    },
    "thirdperson_lefthand": {
        "rotation": [ 0, 90, 0 ],
        "translation": [ 0, 7.56, 2.08 ],
        "scale": [ 1, 1, 1 ]
    },
    "ground": {
        "rotation": [ 0, 0, 45 ],
        "translation": [ 0, 7.75, 0 ],
        "scale": [ 0.35, 0.35, 0.35 ]
    },
    "fixed": {
        "rotation": [ 0, 0, 45 ],
        "translation": [ 0, 0, 0 ],
        "scale": [ 0.5, 0.5, 0.5 ]
    },
    "firstperson_righthand": {
        "rotation": [ 0, -72, 6 ],
        "translation": [ 1.89, 1.7, -0.38 ],
        "scale": [ 1, 1, 1 ]
    },
    "firstperson_lefthand": {
        "rotation": [ 0, 96, -6 ],
        "translation": [ 1.32, 1.7, -0.38 ],
        "scale": [ 1, 1, 1 ]
    },
    "gui": {
        "rotation": [ 0, 180, 45 ],
        "translation": [ 0, 0, 0 ],
        "scale": [ 0.5, 0.5, 0.5 ]
    }
}
}