{
  "__comment": "designed_by_hypixel_minecraft_server_with_bdcraft_cubik_pro_0.87_beta_-_http://bdcraft.net",
  "textures": {
    "particle": "item/custom/warlords/stone_hoe_1",
    "texture": "item/custom/warlords/stone_hoe_2",
    "zweianimation": "item/custom/warlords/zweianimation"
  },
  "elements": [
    {
      "from": [
        7,
        -15.5,
        6.5
      ],
      "to": [
        9,
        -15,
        8.5
      ],
      "faces": {
        "down": {
          "uv": [
            1,
            14,
            3,
            14.5
          ],
          "texture": "#particle",
          "cullface": "down"
        },
        "north": {
          "uv": [
            1,
            14,
            3,
            14.5
          ],
          "texture": "#particle",
          "cullface": "down"
        },
        "south": {
          "uv": [
            1,
            14,
            3,
            14.5
          ],
          "texture": "#particle",
          "cullface": "down"
        },
        "west": {
          "uv": [
            1,
            14,
            2,
            14.5
          ],
          "texture": "#particle",
          "cullface": "down"
        },
        "east": {
          "uv": [
            2,
            14,
            3,
            14.5
          ],
          "texture": "#particle",
          "cullface": "down"
        }
      }
    },
    {
      "from": [
        6.5,
        -15,
        6.25
      ],
      "to": [
        9.5,
        -14.5,
        8.75
      ],
      "faces": {
        "down": {
          "uv": [
            0.5,
            13.5,
            3.5,
            14
          ],
          "texture": "#particle",
          "cullface": "down"
        },
        "north": {
          "uv": [
            0.5,
            13.5,
            3.5,
            14
          ],
          "texture": "#particle",
          "cullface": "down"
        },
        "south": {
          "uv": [
            0.5,
            13.5,
            3.5,
            14
          ],
          "texture": "#particle",
          "cullface": "down"
        },
        "west": {
          "uv": [
            1,
            13.5,
            3,
            14
          ],
          "texture": "#particle",
          "cullface": "down"
        },
        "east": {
          "uv": [
            1,
            13.5,
            3,
            14
          ],
          "texture": "#particle",
          "cullface": "down"
        }
      }
    },
    {
      "from": [
        6,
        -14.5,
        6
      ],
      "to": [
        10,
        -13.5,
        9
      ],
      "faces": {
        "down": {
          "uv": [
            0,
            12.5,
            4,
            13.5
          ],
          "texture": "#particle",
          "cullface": "down"
        },
        "up": {
          "uv": [
            0,
            12.5,
            4,
            13.5
          ],
          "texture": "#particle",
          "cullface": "down"
        },
        "north": {
          "uv": [
            0,
            12.5,
            4,
            13.5
          ],
          "texture": "#particle",
          "cullface": "down"
        },
        "south": {
          "uv": [
            0,
            12.5,
            4,
            13.5
          ],
          "texture": "#particle",
          "cullface": "down"
        },
        "west": {
          "uv": [
            0.5,
            12.5,
            3.5,
            13.5
          ],
          "texture": "#particle",
          "cullface": "down"
        },
        "east": {
          "uv": [
            0.5,
            12.5,
            3.5,
            13.5
          ],
          "texture": "#particle",
          "cullface": "down"
        }
      }
    },
    {
      "from": [
        6.5,
        -10,
        7.25
      ],
      "to": [
        9.5,
        -9.5,
        7.75
      ],
      "faces": {
        "down": {
          "uv": [
            0.5,
            8.5,
            3.5,
            9
          ],
          "texture": "#particle",
          "cullface": "down"
        },
        "up": {
          "uv": [
            0.5,
            8.5,
            3.5,
            9
          ],
          "texture": "#particle",
          "cullface": "down"
        },
        "north": {
          "uv": [
            0.5,
            8.5,
            3.5,
            9
          ],
          "texture": "#particle",
          "cullface": "down"
        },
        "south": {
          "uv": [
            0.5,
            8.5,
            3.5,
            9
          ],
          "texture": "#particle",
          "cullface": "down"
        },
        "west": {
          "uv": [
            0.5,
            8.5,
            1,
            9
          ],
          "texture": "#particle",
          "cullface": "down"
        },
        "east": {
          "uv": [
            3,
            8.5,
            3.5,
            9
          ],
          "texture": "#particle",
          "cullface": "down"
        }
      }
    },
    {
      "from": [
        7,
        -13.5,
        7
      ],
      "to": [
        9,
        -5.5,
        8
      ],
      "faces": {
        "north": {
          "uv": [
            1,
            4.5,
            3,
            12.5
          ],
          "texture": "#particle",
          "cullface": "down"
        },
        "south": {
          "uv": [
            1,
            4.5,
            3,
            12.5
          ],
          "texture": "#particle",
          "cullface": "down"
        },
        "west": {
          "uv": [
            14.5,
            6.5,
            15.5,
            14.5
          ],
          "texture": "#particle",
          "cullface": "down"
        },
        "east": {
          "uv": [
            14.5,
            6.5,
            15.5,
            14.5
          ],
          "texture": "#particle",
          "cullface": "down"
        }
      }
    },
    {
      "from": [
        7.5,
        -13.5,
        6.5
      ],
      "to": [
        8.5,
        -5.5,
        8.5
      ],
      "faces": {
        "north": {
          "uv": [
            14.5,
            6.5,
            15.5,
            14.5
          ],
          "texture": "#particle",
          "cullface": "down"
        },
        "south": {
          "uv": [
            14.5,
            6.5,
            15.5,
            14.5
          ],
          "texture": "#particle",
          "cullface": "down"
        },
        "west": {
          "uv": [
            14.5,
            6.5,
            15,
            14.5
          ],
          "texture": "#particle",
          "cullface": "down"
        },
        "east": {
          "uv": [
            15.5,
            6.5,
            16,
            14.5
          ],
          "texture": "#particle",
          "cullface": "down"
        }
      }
    },
    {
      "from": [
        6.5,
        -5.5,
        6.5
      ],
      "to": [
        9.5,
        -2,
        8.5
      ],
      "faces": {
        "down": {
          "uv": [
            0.5,
            1.5,
            3.5,
            3.5
          ],
          "texture": "#particle",
          "cullface": "down"
        },
        "north": {
          "uv": [
            0.5,
            1,
            3.5,
            4.5
          ],
          "texture": "#particle",
          "cullface": "down"
        },
        "south": {
          "uv": [
            0.5,
            1,
            3.5,
            4.5
          ],
          "texture": "#particle",
          "cullface": "down"
        },
        "west": {
          "uv": [
            11.5,
            12.5,
            13.5,
            16
          ],
          "texture": "#particle",
          "cullface": "down"
        },
        "east": {
          "uv": [
            11.5,
            12.5,
            13.5,
            16
          ],
          "texture": "#particle",
          "cullface": "down"
        }
      }
    },
    {
      "from": [
        6,
        -2,
        6.25
      ],
      "to": [
        10,
        -1,
        8.75
      ],
      "faces": {
        "down": {
          "uv": [
            0,
            0,
            4,
            0.5
          ],
          "texture": "#particle",
          "cullface": "down"
        },
        "up": {
          "uv": [
            0,
            0,
            4,
            0.5
          ],
          "texture": "#particle",
          "cullface": "down"
        },
        "north": {
          "uv": [
            0,
            0,
            4,
            1
          ],
          "texture": "#particle",
          "cullface": "down"
        },
        "south": {
          "uv": [
            0,
            0,
            4,
            1
          ],
          "texture": "#particle",
          "cullface": "down"
        },
        "west": {
          "uv": [
            0,
            0,
            2.5,
            1
          ],
          "texture": "#particle",
          "cullface": "down"
        },
        "east": {
          "uv": [
            1.5,
            0,
            4,
            1
          ],
          "texture": "#particle",
          "cullface": "down"
        }
      }
    },
    {
      "from": [
        5,
        -1,
        7
      ],
      "to": [
        10.5,
        -0.5,
        8
      ],
      "faces": {
        "down": {
          "uv": [
            8.5,
            0.5,
            14,
            1.5
          ],
          "texture": "#texture",
          "cullface": "down"
        },
        "north": {
          "uv": [
            8.5,
            1,
            14,
            1.5
          ],
          "texture": "#texture",
          "cullface": "down"
        },
        "south": {
          "uv": [
            8.5,
            1,
            14,
            1.5
          ],
          "texture": "#texture",
          "cullface": "down"
        },
        "west": {
          "uv": [
            8.5,
            1,
            9.5,
            1.5
          ],
          "texture": "#texture",
          "cullface": "down"
        },
        "east": {
          "uv": [
            13,
            1,
            14,
            1.5
          ],
          "texture": "#texture",
          "cullface": "down"
        }
      }
    },
    {
      "from": [
        6.5,
        -1,
        6.5
      ],
      "to": [
        9,
        0,
        8.5
      ],
      "faces": {
        "up": {
          "uv": [
            6.5,
            6.5,
            9,
            8.5
          ],
          "texture": "#texture",
          "cullface": "down"
        },
        "north": {
          "uv": [
            7,
            16,
            9.5,
            16
          ],
          "texture": "#texture",
          "cullface": "down"
        },
        "south": {
          "uv": [
            6.5,
            16,
            9,
            16
          ],
          "texture": "#texture",
          "cullface": "down"
        },
        "west": {
          "uv": [
            6.5,
            16,
            8.5,
            16
          ],
          "texture": "#texture",
          "cullface": "down"
        },
        "east": {
          "uv": [
            7.5,
            16,
            9.5,
            16
          ],
          "texture": "#texture",
          "cullface": "down"
        }
      }
    },
    {
      "from": [
        4.5,
        -0.5,
        7
      ],
      "to": [
        11.5,
        0,
        8
      ],
      "faces": {
        "down": {
          "uv": [
            8,
            0,
            15,
            1
          ],
          "texture": "#texture",
          "cullface": "down"
        },
        "north": {
          "uv": [
            8,
            0.5,
            15,
            1
          ],
          "texture": "#texture",
          "cullface": "down"
        },
        "south": {
          "uv": [
            8,
            0.5,
            15,
            1
          ],
          "texture": "#texture",
          "cullface": "down"
        },
        "west": {
          "uv": [
            8,
            0.5,
            9,
            1
          ],
          "texture": "#texture",
          "cullface": "down"
        },
        "east": {
          "uv": [
            14,
            0.5,
            15,
            1
          ],
          "texture": "#texture",
          "cullface": "down"
        }
      }
    },
    {
      "from": [
        4.5,
        0,
        7
      ],
      "to": [
        12.5,
        0.5,
        8
      ],
      "faces": {
        "down": {
          "uv": [
            8,
            0,
            15,
            1
          ],
          "texture": "#texture",
          "cullface": "down"
        },
        "up": {
          "uv": [
            8,
            0,
            15,
            1
          ],
          "texture": "#texture"
        },
        "north": {
          "uv": [
            8,
            0,
            16,
            0.5
          ],
          "texture": "#texture"
        },
        "south": {
          "uv": [
            8,
            0,
            16,
            0.5
          ],
          "texture": "#texture"
        },
        "west": {
          "uv": [
            8,
            0,
            9,
            0.5
          ],
          "texture": "#texture"
        },
        "east": {
          "uv": [
            15,
            0,
            16,
            0.5
          ],
          "texture": "#texture"
        }
      }
    },
    {
      "from": [
        4,
        15.5,
        7.25
      ],
      "to": [
        4.5,
        26.5,
        7.75
      ],
      "faces": {
        "up": {
          "uv": [
            10,
            6,
            10.5,
            6.5
          ],
          "texture": "#texture",
          "cullface": "up"
        },
        "north": {
          "uv": [
            10,
            6,
            10.5,
            16
          ],
          "texture": "#texture",
          "cullface": "up"
        },
        "south": {
          "uv": [
            10,
            6,
            10.5,
            16
          ],
          "texture": "#texture",
          "cullface": "up"
        },
        "west": {
          "uv": [
            10,
            6,
            10.5,
            16
          ],
          "texture": "#texture",
          "cullface": "up"
        }
      }
    },
    {
      "from": [
        4.5,
        15.5,
        7
      ],
      "to": [
        5,
        26.5,
        8
      ],
      "faces": {
        "up": {
          "uv": [
            10.5,
            6,
            11,
            16
          ],
          "texture": "#texture",
          "cullface": "up"
        },
        "north": {
          "uv": [
            10.5,
            6,
            11,
            16
          ],
          "texture": "#texture",
          "cullface": "up"
        },
        "south": {
          "uv": [
            10.5,
            6,
            11,
            16
          ],
          "texture": "#texture",
          "cullface": "up"
        },
        "west": {
          "uv": [
            10.5,
            6,
            11,
            6.5
          ],
          "texture": "#texture",
          "cullface": "up"
        }
      }
    },
    {
      "from": [
        5,
        0.5,
        6.5
      ],
      "to": [
        5.5,
        1,
        8.5
      ],
      "faces": {
        "up": {
          "uv": [
            5,
            6.5,
            5.5,
            8.5
          ],
          "texture": "#texture"
        },
        "north": {
          "uv": [
            10.5,
            15,
            11,
            15.5
          ],
          "texture": "#texture"
        },
        "south": {
          "uv": [
            5,
            15,
            5.5,
            15.5
          ],
          "texture": "#texture"
        },
        "west": {
          "uv": [
            6.5,
            15,
            8.5,
            15.5
          ],
          "texture": "#texture"
        },
        "east": {
          "uv": [
            7.5,
            15,
            9.5,
            15.5
          ],
          "texture": "#texture"
        }
      }
    },
    {
      "from": [
        5,
        -0.5,
        6.5
      ],
      "to": [
        6,
        0.5,
        8.5
      ],
      "faces": {
        "down": {
          "uv": [
            11,
            8.5,
            10,
            6.5
          ],
          "texture": "#texture",
          "cullface": "down"
        },
        "up": {
          "uv": [
            5,
            6.5,
            6,
            8.5
          ],
          "texture": "#texture",
          "cullface": "down"
        },
        "north": {
          "uv": [
            10,
            15.5,
            11,
            16
          ],
          "texture": "#texture",
          "cullface": "down"
        },
        "south": {
          "uv": [
            5,
            15.5,
            6,
            16
          ],
          "texture": "#texture",
          "cullface": "down"
        },
        "west": {
          "uv": [
            6.5,
            15.5,
            8.5,
            16
          ],
          "texture": "#texture",
          "cullface": "down"
        },
        "east": {
          "uv": [
            7.5,
            15.5,
            9.5,
            16
          ],
          "texture": "#texture",
          "cullface": "down"
        }
      }
    },
    {
      "from": [
        6,
        -0.5,
        6.5
      ],
      "to": [
        6.5,
        0,
        8.5
      ],
      "faces": {
        "down": {
          "uv": [
            10,
            8.5,
            9.5,
            6.5
          ],
          "texture": "#texture",
          "cullface": "down"
        },
        "up": {
          "uv": [
            6,
            6.5,
            6.5,
            8.5
          ],
          "texture": "#texture",
          "cullface": "down"
        },
        "north": {
          "uv": [
            9.5,
            16,
            10,
            16
          ],
          "texture": "#texture",
          "cullface": "down"
        },
        "south": {
          "uv": [
            6,
            16,
            6.5,
            16
          ],
          "texture": "#texture",
          "cullface": "down"
        }
      }
    },
    {
      "from": [
        6,
        -0.5,
        6.5
      ],
      "to": [
        6.5,
        0,
        8.5
      ],
      "faces": {
        "down": {
          "uv": [
            10,
            8.5,
            9.5,
            6.5
          ],
          "texture": "#texture",
          "cullface": "down"
        },
        "up": {
          "uv": [
            6,
            6.5,
            6.5,
            8.5
          ],
          "texture": "#texture",
          "cullface": "down"
        },
        "north": {
          "uv": [
            9.5,
            16,
            10,
            16
          ],
          "texture": "#texture",
          "cullface": "down"
        },
        "south": {
          "uv": [
            6,
            16,
            6.5,
            16
          ],
          "texture": "#texture",
          "cullface": "down"
        }
      }
    },
    {
      "from": [
        4.5,
        0.5,
        6.75
      ],
      "to": [
        5,
        3.5,
        8.25
      ],
      "faces": {
        "down": {
          "uv": [
            0.5,
            13,
            1,
            14.5
          ],
          "texture": "#texture"
        },
        "up": {
          "uv": [
            0.5,
            13,
            1,
            14.5
          ],
          "texture": "#texture"
        },
        "north": {
          "uv": [
            11,
            13,
            11.5,
            16
          ],
          "texture": "#texture"
        },
        "south": {
          "uv": [
            0.5,
            12.5,
            1,
            15.5
          ],
          "texture": "#texture"
        },
        "west": {
          "uv": [
            0.5,
            13,
            1,
            16
          ],
          "texture": "#texture"
        },
        "east": {
          "uv": [
            0.5,
            13,
            1,
            16
          ],
          "texture": "#texture"
        }
      }
    },
    {
      "from": [
        8.5,
        0,
        6.5
      ],
      "to": [
        11.5,
        0.5,
        8.5
      ],
      "faces": {
        "down": {
          "uv": [
            7.5,
            8.5,
            4.5,
            6.5
          ],
          "texture": "#texture",
          "cullface": "down"
        },
        "up": {
          "uv": [
            8.5,
            6.5,
            11.5,
            8.5
          ],
          "texture": "#texture"
        },
        "north": {
          "uv": [
            4.5,
            15.5,
            7.5,
            16
          ],
          "texture": "#texture"
        },
        "south": {
          "uv": [
            8.5,
            15.5,
            11.5,
            16
          ],
          "texture": "#texture"
        },
        "west": {
          "uv": [
            6.5,
            15.5,
            8.5,
            16
          ],
          "texture": "#texture"
        },
        "east": {
          "uv": [
            7.5,
            15.5,
            9.5,
            16
          ],
          "texture": "#texture"
        }
      }
    },
    {
      "from": [
        9,
        -0.5,
        6.5
      ],
      "to": [
        10,
        0,
        8.5
      ],
      "faces": {
        "down": {
          "uv": [
            7,
            8.5,
            6,
            6.5
          ],
          "texture": "#texture",
          "cullface": "down"
        },
        "north": {
          "uv": [
            6,
            16,
            7,
            16
          ],
          "texture": "#texture",
          "cullface": "down"
        },
        "south": {
          "uv": [
            9,
            16,
            10,
            16
          ],
          "texture": "#texture",
          "cullface": "down"
        },
        "east": {
          "uv": [
            7.5,
            16,
            9.5,
            16
          ],
          "texture": "#texture",
          "cullface": "down"
        }
      }
    },
    {
      "from": [
        10,
        0.5,
        6.5
      ],
      "to": [
        13,
        1,
        8.5
      ],
      "faces": {
        "down": {
          "uv": [
            6,
            15.5,
            7,
            16
          ],
          "texture": "#texture"
        },
        "up": {
          "uv": [
            6,
            15.5,
            7,
            16
          ],
          "texture": "#texture"
        },
        "north": {
          "uv": [
            6,
            15.5,
            9,
            16
          ],
          "texture": "#texture"
        },
        "south": {
          "uv": [
            6,
            15.5,
            9,
            16
          ],
          "texture": "#texture"
        },
        "west": {
          "uv": [
            6,
            15.5,
            8,
            16
          ],
          "texture": "#texture"
        },
        "east": {
          "uv": [
            7,
            15.5,
            9,
            16
          ],
          "texture": "#texture"
        }
      }
    },
    {
      "from": [
        10.5,
        1,
        6.5
      ],
      "to": [
        11.5,
        1.5,
        8.5
      ],
      "faces": {
        "up": {
          "uv": [
            6.5,
            15,
            7.5,
            15.5
          ],
          "texture": "#texture"
        },
        "north": {
          "uv": [
            6.5,
            15,
            7.5,
            15.5
          ],
          "texture": "#texture"
        },
        "south": {
          "uv": [
            6.5,
            15,
            7.5,
            15.5
          ],
          "texture": "#texture"
        },
        "west": {
          "uv": [
            6.5,
            15,
            7.5,
            15.5
          ],
          "texture": "#texture"
        },
        "east": {
          "uv": [
            6.5,
            15,
            7.5,
            15.5
          ],
          "texture": "#texture"
        }
      }
    },
    {
      "from": [
        5,
        0.5,
        7
      ],
      "to": [
        9.5,
        7.5,
        8
      ],
      "faces": {
        "up": {
          "uv": [
            1,
            8,
            5.5,
            9
          ],
          "texture": "#texture"
        },
        "north": {
          "uv": [
            5.5,
            8,
            1,
            15
          ],
          "texture": "#texture"
        },
        "south": {
          "uv": [
            1,
            8,
            5.5,
            15
          ],
          "texture": "#texture"
        },
        "west": {
          "uv": [
            1,
            8,
            2,
            15
          ],
          "texture": "#texture"
        },
        "east": {
          "uv": [
            4.5,
            8,
            5.5,
            15
          ],
          "texture": "#texture"
        }
      }
    },
    {
      "from": [
        6.5,
        15.5,
        7.25
      ],
      "to": [
        7.5,
        16,
        7.75
      ],
      "faces": {
        "down": {
          "uv": [
            12.25,
            15.5,
            13.25,
            16
          ],
          "texture": "#texture"
        },
        "north": {
          "uv": [
            12.25,
            15.5,
            13.25,
            16
          ],
          "texture": "#texture"
        },
        "south": {
          "uv": [
            12.25,
            15.5,
            13.25,
            16
          ],
          "texture": "#texture"
        }
      }
    },
    {
      "from": [
        7.5,
        8.5,
        7.25
      ],
      "to": [
        8,
        9.5,
        7.75
      ],
      "faces": {
        "up": {
          "uv": [
            3.5,
            6,
            4,
            6.5
          ],
          "texture": "#texture"
        },
        "north": {
          "uv": [
            3.5,
            6,
            4,
            7
          ],
          "texture": "#texture"
        },
        "south": {
          "uv": [
            3.5,
            6,
            4,
            7
          ],
          "texture": "#texture"
        },
        "west": {
          "uv": [
            3.5,
            6,
            4,
            7
          ],
          "texture": "#texture"
        }
      }
    },
    {
      "from": [
        5,
        7.5,
        6.75
      ],
      "to": [
        6.5,
        10,
        8.25
      ],
      "faces": {
        "down": {
          "uv": [
            1,
            6.5,
            2.5,
            8
          ],
          "texture": "#texture"
        },
        "up": {
          "uv": [
            1,
            5.5,
            2.5,
            7
          ],
          "texture": "#texture"
        },
        "north": {
          "uv": [
            2.5,
            5.5,
            1,
            8
          ],
          "texture": "#texture"
        },
        "south": {
          "uv": [
            1,
            5.5,
            2.5,
            8
          ],
          "texture": "#texture"
        },
        "west": {
          "uv": [
            1,
            5.5,
            1.5,
            8
          ],
          "texture": "#texture"
        },
        "east": {
          "uv": [
            2,
            5.5,
            2.5,
            8
          ],
          "texture": "#texture"
        }
      }
    },
    {
      "from": [
        5,
        15.5,
        7
      ],
      "to": [
        6,
        26.5,
        8
      ],
      "faces": {
        "up": {
          "uv": [
            11.25,
            6,
            12.25,
            7
          ],
          "texture": "#texture",
          "cullface": "up"
        },
        "north": {
          "uv": [
            12,
            6,
            11,
            16
          ],
          "texture": "#texture",
          "cullface": "up"
        },
        "south": {
          "uv": [
            11,
            6,
            12,
            16
          ],
          "texture": "#texture",
          "cullface": "up"
        },
        "east": {
          "uv": [
            11,
            15,
            12,
            16
          ],
          "texture": "#texture",
          "cullface": "up"
        }
      }
    },
    {
      "from": [
        7.5,
        7.5,
        7
      ],
      "to": [
        9.5,
        8.5,
        8
      ],
      "faces": {
        "up": {
          "uv": [
            3.5,
            7,
            5.5,
            8
          ],
          "texture": "#texture"
        },
        "north": {
          "uv": [
            5.5,
            7,
            3.5,
            8
          ],
          "texture": "#texture"
        },
        "south": {
          "uv": [
            3.5,
            7,
            5.5,
            8
          ],
          "texture": "#texture"
        },
        "west": {
          "uv": [
            3.5,
            7,
            4.5,
            8
          ],
          "texture": "#texture"
        },
        "east": {
          "uv": [
            4.5,
            7,
            5.5,
            8
          ],
          "texture": "#texture"
        }
      }
    },
    {
      "from": [
        8,
        8.5,
        7
      ],
      "to": [
        9.5,
        11.5,
        8
      ],
      "faces": {
        "up": {
          "uv": [
            4,
            4,
            5.5,
            5
          ],
          "texture": "#texture"
        },
        "north": {
          "uv": [
            5.5,
            4,
            4,
            7
          ],
          "texture": "#texture"
        },
        "south": {
          "uv": [
            4,
            4,
            5.5,
            7
          ],
          "texture": "#texture"
        },
        "west": {
          "uv": [
            4,
            4,
            4.5,
            7
          ],
          "texture": "#texture"
        },
        "east": {
          "uv": [
            5,
            4,
            5.5,
            7
          ],
          "texture": "#texture"
        }
      }
    },
    {
      "from": [
        9.5,
        15.5,
        7.25
      ],
      "to": [
        10,
        24,
        7.75
      ],
      "faces": {
        "up": {
          "uv": [
            15.5,
            8.5,
            16,
            9
          ],
          "texture": "#texture",
          "cullface": "up"
        },
        "north": {
          "uv": [
            15.5,
            8.5,
            16,
            16
          ],
          "texture": "#texture",
          "cullface": "up"
        },
        "south": {
          "uv": [
            15.5,
            8.5,
            16,
            16
          ],
          "texture": "#texture",
          "cullface": "up"
        },
        "west": {
          "uv": [
            15.5,
            8.5,
            16,
            16
          ],
          "texture": "#texture",
          "cullface": "up"
        },
        "east": {
          "uv": [
            15.5,
            8.5,
            16,
            16
          ],
          "texture": "#texture",
          "cullface": "up"
        }
      }
    },
    {
      "from": [
        9,
        11.5,
        7.25
      ],
      "to": [
        9.5,
        12,
        7.75
      ],
      "faces": {
        "up": {
          "uv": [
            5,
            3.5,
            5.5,
            4
          ],
          "texture": "#texture"
        },
        "north": {
          "uv": [
            5,
            3.5,
            5.5,
            4
          ],
          "texture": "#texture"
        },
        "south": {
          "uv": [
            5,
            3.5,
            5.5,
            4
          ],
          "texture": "#texture"
        },
        "west": {
          "uv": [
            5,
            3.5,
            5.5,
            4
          ],
          "texture": "#texture"
        }
      }
    },
    {
      "from": [
        9,
        12.5,
        7.25
      ],
      "to": [
        9.5,
        13,
        7.75
      ],
      "faces": {
        "down": {
          "uv": [
            5,
            2.5,
            5.5,
            3
          ],
          "texture": "#texture"
        },
        "north": {
          "uv": [
            5,
            2.5,
            5.5,
            3
          ],
          "texture": "#texture"
        },
        "south": {
          "uv": [
            5,
            2.5,
            5.5,
            3
          ],
          "texture": "#texture"
        },
        "west": {
          "uv": [
            5,
            2.5,
            5.5,
            3
          ],
          "texture": "#texture"
        }
      }
    },
    {
      "from": [
        8,
        15.5,
        7
      ],
      "to": [
        9.5,
        18.5,
        8
      ],
      "faces": {
        "up": {
          "uv": [
            14,
            13,
            15.5,
            14
          ],
          "texture": "#texture",
          "cullface": "up"
        },
        "north": {
          "uv": [
            15.5,
            13,
            14,
            16
          ],
          "texture": "#texture",
          "cullface": "up"
        },
        "south": {
          "uv": [
            14,
            13,
            15.5,
            16
          ],
          "texture": "#texture",
          "cullface": "up"
        },
        "west": {
          "uv": [
            14,
            13,
            15,
            16
          ],
          "texture": "#texture",
          "cullface": "up"
        },
        "east": {
          "uv": [
            14.5,
            13,
            15.5,
            16
          ],
          "texture": "#texture",
          "cullface": "up"
        }
      }
    },
    {
      "from": [
        7.5,
        14.5,
        7.25
      ],
      "to": [
        8,
        15.5,
        7.75
      ],
      "faces": {
        "down": {
          "uv": [
            3.5,
            0,
            4,
            0.5
          ],
          "texture": "#texture"
        },
        "north": {
          "uv": [
            3.5,
            0,
            4,
            1
          ],
          "texture": "#texture"
        },
        "south": {
          "uv": [
            3.5,
            0,
            4,
            1
          ],
          "texture": "#texture"
        },
        "west": {
          "uv": [
            3.5,
            0,
            4,
            1
          ],
          "texture": "#texture"
        }
      }
    },
    {
      "from": [
        6,
        14.5,
        7.25
      ],
      "to": [
        6.5,
        15.5,
        7.75
      ],
      "faces": {
        "down": {
          "uv": [
            2,
            0,
            2.5,
            0.5
          ],
          "texture": "#texture"
        },
        "north": {
          "uv": [
            2,
            0,
            2.5,
            1
          ],
          "texture": "#texture"
        },
        "south": {
          "uv": [
            2,
            0,
            2.5,
            1
          ],
          "texture": "#texture"
        },
        "east": {
          "uv": [
            2,
            0,
            2.5,
            1
          ],
          "texture": "#texture"
        }
      }
    },
    {
      "from": [
        10,
        11,
        7.25
      ],
      "to": [
        10.5,
        13.5,
        7.75
      ],
      "faces": {
        "down": {
          "uv": [
            6,
            4,
            6.5,
            4.5
          ],
          "texture": "#texture"
        },
        "up": {
          "uv": [
            6,
            2,
            6.5,
            2.5
          ],
          "texture": "#texture"
        },
        "north": {
          "uv": [
            6,
            2,
            6.5,
            4.5
          ],
          "texture": "#texture"
        },
        "south": {
          "uv": [
            6,
            2,
            6.5,
            4.5
          ],
          "texture": "#texture"
        },
        "east": {
          "uv": [
            6,
            2,
            6.5,
            4.5
          ],
          "texture": "#texture"
        }
      }
    },
    {
      "from": [
        10.5,
        11.5,
        7.25
      ],
      "to": [
        11,
        13,
        7.75
      ],
      "faces": {
        "down": {
          "uv": [
            6.5,
            3.5,
            7,
            4
          ],
          "texture": "#texture"
        },
        "up": {
          "uv": [
            6.5,
            2.5,
            7,
            3
          ],
          "texture": "#texture"
        },
        "north": {
          "uv": [
            6.5,
            2.5,
            7,
            4
          ],
          "texture": "#texture"
        },
        "south": {
          "uv": [
            6.5,
            2.5,
            7,
            4
          ],
          "texture": "#texture"
        },
        "east": {
          "uv": [
            6.5,
            2.5,
            7,
            4
          ],
          "texture": "#texture"
        }
      }
    },
    {
      "from": [
        11,
        12,
        7.25
      ],
      "to": [
        11.5,
        12.5,
        7.75
      ],
      "faces": {
        "down": {
          "uv": [
            7,
            3,
            7.5,
            3.5
          ],
          "texture": "#texture"
        },
        "up": {
          "uv": [
            7,
            3,
            7.5,
            3.5
          ],
          "texture": "#texture"
        },
        "north": {
          "uv": [
            7,
            3,
            7.5,
            3.5
          ],
          "texture": "#texture"
        },
        "south": {
          "uv": [
            7,
            3,
            7.5,
            3.5
          ],
          "texture": "#texture"
        },
        "east": {
          "uv": [
            7,
            3,
            7.5,
            3.5
          ],
          "texture": "#texture"
        }
      }
    },
    {
      "from": [
        6,
        15.5,
        7
      ],
      "to": [
        6.5,
        16,
        8
      ],
      "faces": {
        "down": {
          "uv": [
            13,
            14.5,
            13.5,
            16
          ],
          "texture": "#texture"
        },
        "north": {
          "uv": [
            12,
            15.5,
            12.5,
            16
          ],
          "texture": "#texture"
        },
        "south": {
          "uv": [
            12,
            15.5,
            12.5,
            16
          ],
          "texture": "#texture"
        },
        "east": {
          "uv": [
            12.25,
            15.5,
            13.75,
            16
          ],
          "texture": "#texture"
        }
      }
    },
    {
      "from": [
        7.5,
        15.5,
        7
      ],
      "to": [
        8,
        16,
        8
      ],
      "faces": {
        "down": {
          "uv": [
            13,
            14.5,
            13.5,
            16
          ],
          "texture": "#texture"
        },
        "north": {
          "uv": [
            13.25,
            15.5,
            13.75,
            16
          ],
          "texture": "#texture"
        },
        "south": {
          "uv": [
            13.25,
            15.5,
            13.75,
            16
          ],
          "texture": "#texture"
        },
        "west": {
          "uv": [
            12.25,
            15.5,
            13.75,
            16
          ],
          "texture": "#texture"
        }
      }
    },
    {
      "from": [
        6,
        16,
        7
      ],
      "to": [
        8,
        19,
        8
      ],
      "faces": {
        "down": {
          "uv": [
            12,
            14.5,
            14,
            15.5
          ],
          "texture": "#texture",
          "cullface": "up"
        },
        "up": {
          "uv": [
            12,
            12.5,
            14,
            13.5
          ],
          "texture": "#texture",
          "cullface": "up"
        },
        "north": {
          "uv": [
            14,
            12.5,
            12,
            15.5
          ],
          "texture": "#texture",
          "cullface": "up"
        },
        "south": {
          "uv": [
            12,
            12.5,
            14,
            15.5
          ],
          "texture": "#texture",
          "cullface": "up"
        },
        "east": {
          "uv": [
            12,
            15,
            14,
            15.5
          ],
          "texture": "#texture",
          "cullface": "up"
        }
      }
    },
    {
      "from": [
        8.5,
        18.5,
        7.25
      ],
      "to": [
        9.5,
        25,
        7.75
      ],
      "faces": {
        "up": {
          "uv": [
            14.5,
            7.5,
            15.5,
            8
          ],
          "texture": "#texture",
          "cullface": "up"
        },
        "north": {
          "uv": [
            15.5,
            7.5,
            14.5,
            13
          ],
          "texture": "#texture",
          "cullface": "up"
        },
        "south": {
          "uv": [
            14.5,
            7.5,
            15.5,
            13
          ],
          "texture": "#texture",
          "cullface": "up"
        },
        "west": {
          "uv": [
            14.5,
            7.5,
            15,
            13
          ],
          "texture": "#texture",
          "cullface": "up"
        },
        "east": {
          "uv": [
            15,
            7.5,
            15.5,
            13
          ],
          "texture": "#texture",
          "cullface": "up"
        }
      }
    },
    {
      "from": [
        8.5,
        25,
        7.25
      ],
      "to": [
        9,
        25.5,
        7.75
      ],
      "faces": {
        "up": {
          "uv": [
            14.5,
            7,
            15,
            7.5
          ],
          "texture": "#texture",
          "cullface": "up"
        },
        "north": {
          "uv": [
            14.5,
            7,
            15,
            7.5
          ],
          "texture": "#texture",
          "cullface": "up"
        },
        "south": {
          "uv": [
            14.5,
            7,
            15,
            7.5
          ],
          "texture": "#texture",
          "cullface": "up"
        },
        "west": {
          "uv": [
            14.5,
            7,
            15,
            7.5
          ],
          "texture": "#texture",
          "cullface": "up"
        },
        "east": {
          "uv": [
            14.5,
            7,
            15,
            7.5
          ],
          "texture": "#texture",
          "cullface": "up"
        }
      }
    },
    {
      "from": [
        4.5,
        19,
        7.25
      ],
      "to": [
        7.5,
        29,
        7.75
      ],
      "faces": {
        "down": {
          "uv": [
            13.5,
            16,
            10.5,
            15.5
          ],
          "texture": "#texture",
          "cullface": "up"
        },
        "up": {
          "uv": [
            10.5,
            6,
            13.5,
            6.5
          ],
          "texture": "#texture",
          "cullface": "up"
        },
        "north": {
          "uv": [
            13.5,
            6,
            10.5,
            16
          ],
          "texture": "#texture",
          "cullface": "up"
        },
        "south": {
          "uv": [
            10.5,
            6,
            13.5,
            16
          ],
          "texture": "#texture",
          "cullface": "up"
        },
        "west": {
          "uv": [
            10.5,
            6,
            11,
            16
          ],
          "texture": "#texture",
          "cullface": "up"
        },
        "east": {
          "uv": [
            12.5,
            6,
            13,
            16
          ],
          "texture": "#texture",
          "cullface": "up"
        }
      }
    },
    {
      "from": [
        7.5,
        28.5,
        7.25
      ],
      "to": [
        8,
        30.5,
        7.75
      ],
      "faces": {
        "down": {
          "uv": [
            9,
            7.5,
            9.5,
            8
          ],
          "texture": "#texture",
          "cullface": "up"
        },
        "north": {
          "uv": [
            9,
            6,
            9.5,
            8
          ],
          "texture": "#texture",
          "cullface": "up"
        },
        "south": {
          "uv": [
            9,
            6,
            9.5,
            8
          ],
          "texture": "#texture",
          "cullface": "up"
        },
        "west": {
          "uv": [
            9,
            6,
            9.5,
            8
          ],
          "texture": "#texture",
          "cullface": "up"
        },
        "east": {
          "uv": [
            9,
            6,
            9.5,
            8
          ],
          "texture": "#texture",
          "cullface": "up"
        }
      }
    },
    {
      "from": [
        8,
        30,
        7.25
      ],
      "to": [
        8.5,
        31.5,
        7.75
      ],
      "faces": {
        "down": {
          "uv": [
            5.75,
            10,
            6,
            10.25
          ],
          "texture": "#texture",
          "cullface": "up"
        },
        "north": {
          "uv": [
            5.75,
            10,
            6,
            10.75
          ],
          "texture": "#texture",
          "cullface": "up"
        },
        "south": {
          "uv": [
            5.75,
            10,
            6,
            10.75
          ],
          "texture": "#texture",
          "cullface": "up"
        },
        "west": {
          "uv": [
            5.75,
            10,
            6,
            10.75
          ],
          "texture": "#texture",
          "cullface": "up"
        },
        "east": {
          "uv": [
            5.75,
            10,
            6,
            10.75
          ],
          "texture": "#texture",
          "cullface": "up"
        }
      }
    },
    {
      "from": [
        7,
        31.5,
        7.25
      ],
      "to": [
        9,
        32,
        7.75
      ],
      "faces": {
        "down": {
          "uv": [
            9,
            2.5,
            9.5,
            3
          ],
          "texture": "#texture",
          "cullface": "up"
        },
        "up": {
          "uv": [
            9,
            2.5,
            9.5,
            3
          ],
          "texture": "#texture",
          "cullface": "up"
        },
        "north": {
          "uv": [
            11,
            2.5,
            9,
            3
          ],
          "texture": "#texture",
          "cullface": "up"
        },
        "south": {
          "uv": [
            9,
            2.5,
            11,
            3
          ],
          "texture": "#texture",
          "cullface": "up"
        },
        "west": {
          "uv": [
            9,
            2.5,
            9.5,
            3
          ],
          "texture": "#texture",
          "cullface": "up"
        },
        "east": {
          "uv": [
            10.5,
            2.5,
            11,
            3
          ],
          "texture": "#texture",
          "cullface": "up"
        }
      }
    },
    {
      "from": [
        7,
        31,
        7
      ],
      "to": [
        8,
        31.5,
        8
      ],
      "faces": {
        "up": {
          "uv": [
            5.25,
            10,
            5.75,
            10.25
          ],
          "texture": "#texture",
          "cullface": "up"
        },
        "north": {
          "uv": [
            5.75,
            10,
            5.25,
            10.25
          ],
          "texture": "#texture",
          "cullface": "up"
        },
        "south": {
          "uv": [
            5.25,
            10,
            5.75,
            10.25
          ],
          "texture": "#texture",
          "cullface": "up"
        },
        "west": {
          "uv": [
            5,
            10,
            5.5,
            10.5
          ],
          "texture": "#texture",
          "cullface": "up"
        },
        "east": {
          "uv": [
            5.5,
            10,
            6,
            10.5
          ],
          "texture": "#texture",
          "cullface": "up"
        }
      }
    },
    {
      "from": [
        6.5,
        30.5,
        7
      ],
      "to": [
        8,
        31,
        8
      ],
      "faces": {
        "down": {
          "uv": [
            9.75,
            3,
            10.5,
            3.5
          ],
          "texture": "#texture",
          "cullface": "up"
        },
        "up": {
          "uv": [
            9.75,
            3,
            10.5,
            3.5
          ],
          "texture": "#texture",
          "cullface": "up"
        },
        "north": {
          "uv": [
            10.5,
            3,
            9.75,
            3.5
          ],
          "texture": "#texture",
          "cullface": "up"
        },
        "south": {
          "uv": [
            9.75,
            3,
            10.5,
            3.5
          ],
          "texture": "#texture",
          "cullface": "up"
        },
        "west": {
          "uv": [
            9.5,
            3,
            10,
            3.5
          ],
          "texture": "#texture",
          "cullface": "up"
        },
        "east": {
          "uv": [
            10,
            3,
            10.5,
            3.5
          ],
          "texture": "#texture",
          "cullface": "up"
        }
      }
    },
    {
      "from": [
        6,
        30,
        7
      ],
      "to": [
        7.5,
        30.5,
        8
      ],
      "faces": {
        "up": {
          "uv": [
            7.5,
            5.5,
            9,
            6.5
          ],
          "texture": "#texture",
          "cullface": "up"
        },
        "north": {
          "uv": [
            9.5,
            5.5,
            8,
            6
          ],
          "texture": "#texture",
          "cullface": "up"
        },
        "south": {
          "uv": [
            8,
            5.5,
            9.5,
            6
          ],
          "texture": "#texture",
          "cullface": "up"
        },
        "west": {
          "uv": [
            8,
            5.5,
            9,
            6
          ],
          "texture": "#texture",
          "cullface": "up"
        },
        "east": {
          "uv": [
            8,
            5.5,
            9,
            6
          ],
          "texture": "#texture",
          "cullface": "up"
        }
      }
    },
    {
      "from": [
        5.5,
        29,
        7
      ],
      "to": [
        7.5,
        30,
        8
      ],
      "faces": {
        "down": {
          "uv": [
            7.5,
            4.5,
            9.5,
            5.5
          ],
          "texture": "#texture",
          "cullface": "up"
        },
        "up": {
          "uv": [
            7.5,
            4.5,
            9.5,
            5.5
          ],
          "texture": "#texture",
          "cullface": "up"
        },
        "north": {
          "uv": [
            9.5,
            4.5,
            7.5,
            5
          ],
          "texture": "#texture",
          "cullface": "up"
        },
        "south": {
          "uv": [
            7.5,
            4.5,
            9.5,
            5
          ],
          "texture": "#texture",
          "cullface": "up"
        },
        "west": {
          "uv": [
            7.5,
            4.5,
            8.5,
            5.5
          ],
          "texture": "#texture",
          "cullface": "up"
        },
        "east": {
          "uv": [
            9,
            4.5,
            9.5,
            5.5
          ],
          "texture": "#texture",
          "cullface": "up"
        }
      }
    },
    {
      "from": [
        6.5,
        31,
        7.25
      ],
      "to": [
        7,
        31.5,
        7.75
      ],
      "faces": {
        "up": {
          "uv": [
            8.5,
            3,
            9,
            3.5
          ],
          "texture": "#texture",
          "cullface": "up"
        },
        "north": {
          "uv": [
            8.5,
            3,
            9,
            3.5
          ],
          "texture": "#texture",
          "cullface": "up"
        },
        "south": {
          "uv": [
            8.5,
            3,
            9,
            3.5
          ],
          "texture": "#texture",
          "cullface": "up"
        },
        "west": {
          "uv": [
            8.5,
            3,
            9,
            3.5
          ],
          "texture": "#texture",
          "cullface": "up"
        }
      }
    },
    {
      "from": [
        6,
        30.5,
        7.25
      ],
      "to": [
        6.5,
        31,
        7.75
      ],
      "faces": {
        "up": {
          "uv": [
            8,
            3.5,
            8.5,
            4
          ],
          "texture": "#texture",
          "cullface": "up"
        },
        "north": {
          "uv": [
            8,
            3.5,
            8.5,
            4
          ],
          "texture": "#texture",
          "cullface": "up"
        },
        "south": {
          "uv": [
            8,
            3.5,
            8.5,
            4
          ],
          "texture": "#texture",
          "cullface": "up"
        },
        "west": {
          "uv": [
            8,
            3.5,
            8.5,
            4
          ],
          "texture": "#texture",
          "cullface": "up"
        }
      }
    },
    {
      "from": [
        5.5,
        30,
        7.25
      ],
      "to": [
        6,
        30.5,
        7.75
      ],
      "faces": {
        "up": {
          "uv": [
            7.5,
            4,
            8,
            4.5
          ],
          "texture": "#texture",
          "cullface": "up"
        },
        "north": {
          "uv": [
            7.5,
            4,
            8,
            4.5
          ],
          "texture": "#texture",
          "cullface": "up"
        },
        "south": {
          "uv": [
            7.5,
            4,
            8,
            4.5
          ],
          "texture": "#texture",
          "cullface": "up"
        },
        "west": {
          "uv": [
            7.5,
            4,
            8,
            4.5
          ],
          "texture": "#texture",
          "cullface": "up"
        }
      }
    },
    {
      "from": [
        5,
        29,
        7.25
      ],
      "to": [
        5.5,
        30,
        7.75
      ],
      "faces": {
        "up": {
          "uv": [
            7,
            4.5,
            7.5,
            5
          ],
          "texture": "#texture",
          "cullface": "up"
        },
        "north": {
          "uv": [
            7,
            4.5,
            7.5,
            5.5
          ],
          "texture": "#texture",
          "cullface": "up"
        },
        "south": {
          "uv": [
            7,
            4.5,
            7.5,
            5.5
          ],
          "texture": "#texture",
          "cullface": "up"
        },
        "west": {
          "uv": [
            7,
            4.5,
            7.5,
            5.5
          ],
          "texture": "#texture",
          "cullface": "up"
        }
      }
    },
    {
      "from": [
        5.25,
        26.5,
        7
      ],
      "to": [
        7,
        29,
        8
      ],
      "faces": {
        "down": {
          "uv": [
            11,
            6,
            12.75,
            7
          ],
          "texture": "#texture",
          "cullface": "up"
        },
        "up": {
          "uv": [
            11,
            6,
            12.75,
            7
          ],
          "texture": "#texture",
          "cullface": "up"
        },
        "north": {
          "uv": [
            11,
            6,
            12.75,
            8.5
          ],
          "texture": "#texture",
          "cullface": "up"
        },
        "south": {
          "uv": [
            11,
            6,
            12.75,
            8.5
          ],
          "texture": "#texture",
          "cullface": "up"
        },
        "west": {
          "uv": [
            11.5,
            6,
            12.5,
            8.5
          ],
          "texture": "#texture",
          "cullface": "up"
        },
        "east": {
          "uv": [
            11.5,
            6,
            12.5,
            8.5
          ],
          "texture": "#texture",
          "cullface": "up"
        }
      }
    },
    {
      "from": [
        6,
        19,
        7
      ],
      "to": [
        7,
        26.5,
        8
      ],
      "faces": {
        "north": {
          "uv": [
            12,
            6,
            11,
            14
          ],
          "texture": "#texture",
          "cullface": "up"
        },
        "south": {
          "uv": [
            11,
            6,
            12,
            14
          ],
          "texture": "#texture",
          "cullface": "up"
        },
        "east": {
          "uv": [
            11,
            6,
            12,
            14
          ],
          "texture": "#texture",
          "cullface": "up"
        }
      }
    },
    {
      "from": [
        10,
        1,
        6.75
      ],
      "to": [
        12.5,
        1.5,
        8.25
      ],
      "faces": {
        "up": {
          "uv": [
            6.5,
            14.5,
            7.5,
            15
          ],
          "texture": "#texture"
        },
        "north": {
          "uv": [
            6,
            14.5,
            8.5,
            15
          ],
          "texture": "#texture"
        },
        "south": {
          "uv": [
            6,
            14.5,
            8.5,
            15
          ],
          "texture": "#texture"
        },
        "west": {
          "uv": [
            6,
            15,
            7.5,
            15.5
          ],
          "texture": "#texture"
        },
        "east": {
          "uv": [
            7.5,
            15,
            9,
            15.5
          ],
          "texture": "#texture"
        }
      }
    },
    {
      "from": [
        10,
        1.5,
        6.75
      ],
      "to": [
        12,
        2,
        8.25
      ],
      "faces": {
        "up": {
          "uv": [
            6.25,
            13.5,
            7.25,
            14
          ],
          "texture": "#texture"
        },
        "north": {
          "uv": [
            6,
            14,
            8,
            14.5
          ],
          "texture": "#texture"
        },
        "south": {
          "uv": [
            6,
            14,
            8,
            14.5
          ],
          "texture": "#texture"
        },
        "west": {
          "uv": [
            7.5,
            14,
            8,
            14.5
          ],
          "texture": "#texture"
        },
        "east": {
          "uv": [
            6,
            14,
            6.5,
            14.5
          ],
          "texture": "#texture"
        }
      }
    },
    {
      "from": [
        10,
        2,
        7
      ],
      "to": [
        11.5,
        3,
        8
      ],
      "faces": {
        "up": {
          "uv": [
            5.5,
            12,
            7,
            12.5
          ],
          "texture": "#texture"
        },
        "north": {
          "uv": [
            5.5,
            12,
            7,
            13
          ],
          "texture": "#texture"
        },
        "south": {
          "uv": [
            5.5,
            12,
            7,
            13
          ],
          "texture": "#texture"
        },
        "west": {
          "uv": [
            5.5,
            12,
            6,
            13
          ],
          "texture": "#texture"
        },
        "east": {
          "uv": [
            6.5,
            12,
            7,
            13
          ],
          "texture": "#texture"
        }
      }
    },
    {
      "from": [
        10,
        3,
        7.25
      ],
      "to": [
        11,
        4,
        7.75
      ],
      "faces": {
        "up": {
          "uv": [
            6,
            12,
            7,
            12.5
          ],
          "texture": "#texture"
        },
        "north": {
          "uv": [
            6,
            12,
            7,
            13
          ],
          "texture": "#texture"
        },
        "south": {
          "uv": [
            6,
            12,
            7,
            13
          ],
          "texture": "#texture"
        },
        "east": {
          "uv": [
            6.5,
            12,
            7,
            13
          ],
          "texture": "#texture"
        }
      }
    },
    {
      "from": [
        10,
        4,
        7.25
      ],
      "to": [
        10.5,
        5,
        7.75
      ],
      "faces": {
        "up": {
          "uv": [
            6,
            11,
            6.5,
            11.5
          ],
          "texture": "#texture"
        },
        "north": {
          "uv": [
            6,
            11,
            6.5,
            12
          ],
          "texture": "#texture"
        },
        "south": {
          "uv": [
            6,
            11,
            6.5,
            12
          ],
          "texture": "#texture"
        },
        "east": {
          "uv": [
            6,
            11,
            6.5,
            12
          ],
          "texture": "#texture"
        }
      }
    },
    {
      "from": [
        9.5,
        0.5,
        7.25
      ],
      "to": [
        10,
        15.5,
        7.75
      ],
      "faces": {
        "north": {
          "uv": [
            5.5,
            0,
            6,
            15
          ],
          "texture": "#texture"
        },
        "south": {
          "uv": [
            5.5,
            0,
            6,
            15
          ],
          "texture": "#texture"
        },
        "west": {
          "uv": [
            5.5,
            0,
            6,
            15
          ],
          "texture": "#texture"
        },
        "east": {
          "uv": [
            5.5,
            0,
            6,
            15
          ],
          "texture": "#texture"
        }
      }
    },
    {
      "from": [
        4,
        0.5,
        7.25
      ],
      "to": [
        4.5,
        15.5,
        7.75
      ],
      "faces": {
        "down": {
          "uv": [
            0,
            15,
            0.5,
            15.5
          ],
          "texture": "#texture"
        },
        "north": {
          "uv": [
            0,
            0,
            0.5,
            15.5
          ],
          "texture": "#texture"
        },
        "south": {
          "uv": [
            0,
            0,
            0.5,
            15.5
          ],
          "texture": "#texture"
        },
        "west": {
          "uv": [
            0,
            0,
            0.5,
            15.5
          ],
          "texture": "#texture"
        },
        "east": {
          "uv": [
            0,
            0,
            0.5,
            15.5
          ],
          "texture": "#texture"
        }
      }
    },
    {
      "from": [
        5,
        10,
        7
      ],
      "to": [
        6,
        15.5,
        8
      ],
      "faces": {
        "north": {
          "uv": [
            2,
            0,
            1,
            5.5
          ],
          "texture": "#texture"
        },
        "south": {
          "uv": [
            1,
            0,
            2,
            5.5
          ],
          "texture": "#texture"
        },
        "east": {
          "uv": [
            1.5,
            0,
            2,
            5.5
          ],
          "texture": "#texture"
        }
      }
    },
    {
      "from": [
        4.5,
        3.5,
        7
      ],
      "to": [
        5,
        15.5,
        8
      ],
      "faces": {
        "north": {
          "uv": [
            0.5,
            0,
            1,
            13
          ],
          "texture": "#texture"
        },
        "south": {
          "uv": [
            0.5,
            0,
            1,
            13
          ],
          "texture": "#texture"
        },
        "west": {
          "uv": [
            0.5,
            0,
            1,
            13
          ],
          "texture": "#texture"
        },
        "east": {
          "uv": [
            0.5,
            0,
            1,
            13
          ],
          "texture": "#texture"
        }
      }
    },
    {
      "from": [
        8,
        13,
        7
      ],
      "to": [
        9.5,
        15.5,
        8
      ],
      "faces": {
        "down": {
          "uv": [
            4,
            1.5,
            5.5,
            2.5
          ],
          "texture": "#texture"
        },
        "north": {
          "uv": [
            4,
            0,
            5.5,
            2.5
          ],
          "texture": "#texture"
        },
        "south": {
          "uv": [
            4,
            0,
            5.5,
            2.5
          ],
          "texture": "#texture"
        },
        "west": {
          "uv": [
            4,
            0,
            4.5,
            2.5
          ],
          "texture": "#texture"
        },
        "east": {
          "uv": [
            5,
            0,
            5.5,
            2.5
          ],
          "texture": "#texture"
        }
      }
    },
    {
      "from": [
        7,
        -4,
        6.25
      ],
      "to": [
        9,
        -3,
        8.75
      ],
      "faces": {
        "down": {
          "uv": [
            1,
            2.5,
            3,
            3
          ],
          "texture": "#particle",
          "cullface": "down"
        },
        "up": {
          "uv": [
            1,
            2,
            3,
            2.5
          ],
          "texture": "#particle",
          "cullface": "down"
        },
        "north": {
          "uv": [
            3,
            2,
            1,
            3
          ],
          "texture": "#particle",
          "cullface": "down"
        },
        "south": {
          "uv": [
            1,
            2,
            3,
            3
          ],
          "texture": "#particle",
          "cullface": "down"
        },
        "west": {
          "uv": [
            1,
            2,
            1.5,
            3
          ],
          "texture": "#particle",
          "cullface": "down"
        },
        "east": {
          "uv": [
            2.5,
            2,
            3,
            3
          ],
          "texture": "#particle",
          "cullface": "down"
        }
      }
    },
    {
      "from": [
        -16,
        -16,
        7.5
      ],
      "to": [
        32,
        32,
        7.5625
      ],
      "faces": {
        "north": {
          "uv": [
            16,
            0,
            0,
            16
          ],
          "texture": "#zweianimation"
        },
        "south": {
          "uv": [
            0,
            0,
            16,
            16
          ],
          "texture": "#zweianimation"
        }
      }
    }
  ],
  "display": {
    "thirdperson_righthand": {
      "rotation": [
        0,
        -90,
        0
      ],
      "translation": [
        -0.57,
        14.17,
        1.51
      ],
      "scale": [
        1,
        1,
        1
      ]
    },
    "firstperson_righthand": {
      "rotation": [
        -102,
        -94,
        -106
      ],
      "translation": [
        6.61,
        5.1,
        -9.64
      ],
      "scale": [
        1,
        1,
        1
      ]
    },
    "gui": {
      "rotation": [
        0,
        180,
        45
      ],
      "translation": [
        0,
        0,
        0
      ],
      "scale": [
        0.45,
        0.45,
        0.45
      ]
    }
  }
}
