{
  "__comment": "designed_by_hypixel_minecraft_server_with_bdcraft_cubik_pro_0.87_beta_-_http://bdcraft.net",
  "textures": {
    "texture": "item/custom/warlords/rotten_flesh_wrap"
  },
  "elements": [
    {
      "from": [
        6.5,
        -15,
        9.5
      ],
      "to": [
        9.5,
        -14.5,
        10
      ],
      "faces": {
        "up": {
          "uv": [
            8.5,
            2,
            11.5,
            2.5
          ],
          "texture": "#texture",
          "cullface": "down"
        },
        "north": {
          "uv": [
            11.5,
            2,
            8.5,
            2.5
          ],
          "texture": "#texture",
          "cullface": "down"
        },
        "south": {
          "uv": [
            8.5,
            2,
            11.5,
            2.5
          ],
          "texture": "#texture",
          "cullface": "down"
        },
        "west": {
          "uv": [
            8.5,
            2,
            9,
            2.5
          ],
          "texture": "#texture",
          "cullface": "down"
        },
        "east": {
          "uv": [
            11,
            2,
            11.5,
            2.5
          ],
          "texture": "#texture",
          "cullface": "down"
        }
      }
    },
    {
      "from": [
        7.5,
        -14,
        9
      ],
      "to": [
        8,
        -6,
        10.5
      ],
      "faces": {
        "up": {
          "uv": [
            14.5,
            4.5,
            15,
            6
          ],
          "texture": "#texture",
          "cullface": "down"
        },
        "north": {
          "uv": [
            13,
            7.5,
            13.5,
            15.5
          ],
          "texture": "#texture",
          "cullface": "down"
        },
        "south": {
          "uv": [
            14.5,
            7.5,
            15,
            15.5
          ],
          "texture": "#texture",
          "cullface": "down"
        },
        "west": {
          "uv": [
            13,
            7.5,
            14.5,
            15.5
          ],
          "texture": "#texture",
          "cullface": "down"
        },
        "east": {
          "uv": [
            13.5,
            7.5,
            15,
            15.5
          ],
          "texture": "#texture",
          "cullface": "down"
        }
      }
    },
    {
      "from": [
        7,
        1.5,
        9.25
      ],
      "to": [
        9,
        11.5,
        10.25
      ],
      "faces": {
        "north": {
          "uv": [
            8,
            6,
            10,
            16
          ],
          "texture": "#texture"
        },
        "south": {
          "uv": [
            10,
            6,
            12,
            16
          ],
          "texture": "#texture"
        },
        "west": {
          "uv": [
            9.5,
            6,
            10.5,
            16
          ],
          "texture": "#texture"
        },
        "east": {
          "uv": [
            11.5,
            6,
            12.5,
            16
          ],
          "texture": "#texture"
        }
      }
    },
    {
      "from": [
        6.5,
        12,
        9.5
      ],
      "to": [
        9.5,
        12.5,
        10
      ],
      "faces": {
        "down": {
          "uv": [
            11.5,
            1.5,
            8.5,
            1
          ],
          "texture": "#texture"
        },
        "north": {
          "uv": [
            11.5,
            1,
            8.5,
            1.5
          ],
          "texture": "#texture"
        },
        "south": {
          "uv": [
            8.5,
            1,
            11.5,
            1.5
          ],
          "texture": "#texture"
        },
        "west": {
          "uv": [
            8.5,
            1,
            9,
            1.5
          ],
          "texture": "#texture"
        },
        "east": {
          "uv": [
            11,
            1,
            11.5,
            1.5
          ],
          "texture": "#texture"
        }
      }
    },
    {
      "from": [
        6,
        12.5,
        9.5
      ],
      "to": [
        10,
        13.5,
        10
      ],
      "faces": {
        "down": {
          "uv": [
            16,
            8.5,
            12,
            8
          ],
          "texture": "#texture"
        },
        "up": {
          "uv": [
            12,
            6.5,
            16,
            7
          ],
          "texture": "#texture"
        },
        "north": {
          "uv": [
            12,
            0,
            8,
            1
          ],
          "texture": "#texture"
        },
        "south": {
          "uv": [
            8,
            0,
            12,
            1
          ],
          "texture": "#texture"
        },
        "west": {
          "uv": [
            8,
            0,
            8.5,
            1
          ],
          "texture": "#texture"
        },
        "east": {
          "uv": [
            11.5,
            0,
            12,
            1
          ],
          "texture": "#texture"
        }
      }
    },
    {
      "from": [
        7,
        13.5,
        9.25
      ],
      "to": [
        9,
        15.5,
        10.25
      ],
      "faces": {
        "north": {
          "uv": [
            6,
            2,
            8,
            4
          ],
          "texture": "#texture"
        },
        "south": {
          "uv": [
            8,
            2,
            6,
            4
          ],
          "texture": "#texture"
        },
        "west": {
          "uv": [
            1,
            2.5,
            2,
            4.5
          ],
          "texture": "#texture"
        },
        "east": {
          "uv": [
            1,
            4,
            2,
            6
          ],
          "texture": "#texture"
        }
      }
    },
    {
      "from": [
        7,
        15.5,
        9.25
      ],
      "to": [
        9.5,
        16,
        10.25
      ],
      "faces": {
        "down": {
          "uv": [
            3,
            9.5,
            0.5,
            8.5
          ],
          "texture": "#texture"
        },
        "up": {
          "uv": [
            0.5,
            8.5,
            3,
            9.5
          ],
          "texture": "#texture",
          "cullface": "up"
        },
        "north": {
          "uv": [
            5.5,
            1.5,
            8,
            2
          ],
          "texture": "#texture"
        },
        "south": {
          "uv": [
            8,
            1.5,
            5.5,
            2
          ],
          "texture": "#texture"
        },
        "west": {
          "uv": [
            7,
            1,
            8,
            1.5
          ],
          "texture": "#texture"
        },
        "east": {
          "uv": [
            5.5,
            0.5,
            6.5,
            1
          ],
          "texture": "#texture"
        }
      }
    },
    {
      "from": [
        7,
        16,
        9.5
      ],
      "to": [
        10,
        16.5,
        10
      ],
      "faces": {
        "down": {
          "uv": [
            8,
            1.5,
            5,
            1
          ],
          "texture": "#texture",
          "cullface": "up"
        },
        "up": {
          "uv": [
            8,
            1,
            5,
            1.5
          ],
          "texture": "#texture",
          "cullface": "up"
        },
        "north": {
          "uv": [
            5,
            1,
            8,
            1.5
          ],
          "texture": "#texture",
          "cullface": "up"
        },
        "south": {
          "uv": [
            8,
            1,
            5,
            1.5
          ],
          "texture": "#texture",
          "cullface": "up"
        },
        "west": {
          "uv": [
            7.5,
            1,
            8,
            1.5
          ],
          "texture": "#texture",
          "cullface": "up"
        },
        "east": {
          "uv": [
            5,
            1,
            5.5,
            1.5
          ],
          "texture": "#texture",
          "cullface": "up"
        }
      }
    },
    {
      "from": [
        7.5,
        16.5,
        9.5
      ],
      "to": [
        10,
        17,
        10
      ],
      "faces": {
        "north": {
          "uv": [
            5,
            0.5,
            7.5,
            1
          ],
          "texture": "#texture",
          "cullface": "up"
        },
        "south": {
          "uv": [
            7.5,
            0.5,
            5,
            1
          ],
          "texture": "#texture",
          "cullface": "up"
        },
        "west": {
          "uv": [
            1.5,
            15.5,
            2,
            16
          ],
          "texture": "#texture",
          "cullface": "up"
        },
        "east": {
          "uv": [
            5,
            0.5,
            5.5,
            1
          ],
          "texture": "#texture",
          "cullface": "up"
        }
      }
    },
    {
      "from": [
        7.5,
        17,
        9.5
      ],
      "to": [
        10.5,
        18.5,
        10
      ],
      "faces": {
        "down": {
          "uv": [
            7,
            15,
            4,
            14.5
          ],
          "texture": "#texture",
          "cullface": "up"
        },
        "north": {
          "uv": [
            7,
            14.5,
            4,
            16
          ],
          "texture": "#texture",
          "cullface": "up"
        },
        "south": {
          "uv": [
            4,
            14.5,
            7,
            16
          ],
          "texture": "#texture",
          "cullface": "up"
        },
        "west": {
          "uv": [
            1.5,
            14,
            2,
            15.5
          ],
          "texture": "#texture",
          "cullface": "up"
        },
        "east": {
          "uv": [
            6.5,
            14.5,
            7,
            16
          ],
          "texture": "#texture",
          "cullface": "up"
        }
      }
    },
    {
      "from": [
        7.5,
        18.5,
        9.5
      ],
      "to": [
        11,
        24.5,
        10
      ],
      "faces": {
        "down": {
          "uv": [
            7.5,
            14.5,
            4,
            14
          ],
          "texture": "#texture",
          "cullface": "up"
        },
        "up": {
          "uv": [
            4,
            8.5,
            7.5,
            9
          ],
          "texture": "#texture",
          "cullface": "up"
        },
        "north": {
          "uv": [
            7.5,
            8.5,
            4,
            14.5
          ],
          "texture": "#texture",
          "cullface": "up"
        },
        "south": {
          "uv": [
            4,
            8.5,
            7.5,
            14.5
          ],
          "texture": "#texture",
          "cullface": "up"
        },
        "west": {
          "uv": [
            1,
            16,
            1.5,
            12
          ],
          "texture": "#texture",
          "cullface": "up"
        },
        "east": {
          "uv": [
            7,
            8.5,
            7.5,
            14.5
          ],
          "texture": "#texture",
          "cullface": "up"
        }
      }
    },
    {
      "from": [
        7.5,
        24.5,
        9.5
      ],
      "to": [
        10.5,
        25,
        10
      ],
      "faces": {
        "north": {
          "uv": [
            7,
            8,
            4,
            8.5
          ],
          "texture": "#texture",
          "cullface": "up"
        },
        "south": {
          "uv": [
            4,
            8,
            7,
            8.5
          ],
          "texture": "#texture",
          "cullface": "up"
        },
        "west": {
          "uv": [
            1.5,
            8,
            2,
            8.5
          ],
          "texture": "#texture",
          "cullface": "up"
        },
        "east": {
          "uv": [
            6.5,
            8,
            7,
            8.5
          ],
          "texture": "#texture",
          "cullface": "up"
        }
      }
    },
    {
      "from": [
        7,
        25,
        9.5
      ],
      "to": [
        10.5,
        26.5,
        10
      ],
      "faces": {
        "down": {
          "uv": [
            7,
            8,
            3.5,
            7.5
          ],
          "texture": "#texture",
          "cullface": "up"
        },
        "up": {
          "uv": [
            3.5,
            7.5,
            7,
            8
          ],
          "texture": "#texture",
          "cullface": "up"
        },
        "north": {
          "uv": [
            7,
            6.5,
            3.5,
            8
          ],
          "texture": "#texture",
          "cullface": "up"
        },
        "south": {
          "uv": [
            3.5,
            6.5,
            7,
            8
          ],
          "texture": "#texture",
          "cullface": "up"
        },
        "west": {
          "uv": [
            1.5,
            3.5,
            2,
            5
          ],
          "texture": "#texture",
          "cullface": "up"
        },
        "east": {
          "uv": [
            6.5,
            6.5,
            7,
            8
          ],
          "texture": "#texture",
          "cullface": "up"
        }
      }
    },
    {
      "from": [
        7,
        26.5,
        9.5
      ],
      "to": [
        10,
        27,
        10
      ],
      "faces": {
        "north": {
          "uv": [
            6.5,
            6,
            3.5,
            6.5
          ],
          "texture": "#texture",
          "cullface": "up"
        },
        "south": {
          "uv": [
            3.5,
            6,
            6.5,
            6.5
          ],
          "texture": "#texture",
          "cullface": "up"
        },
        "west": {
          "uv": [
            3.5,
            6,
            4,
            6.5
          ],
          "texture": "#texture",
          "cullface": "up"
        },
        "east": {
          "uv": [
            6,
            6,
            6.5,
            6.5
          ],
          "texture": "#texture",
          "cullface": "up"
        }
      }
    },
    {
      "from": [
        6.5,
        27,
        9.5
      ],
      "to": [
        10,
        28,
        10
      ],
      "faces": {
        "down": {
          "uv": [
            6.5,
            6,
            3,
            5.5
          ],
          "texture": "#texture",
          "cullface": "up"
        },
        "up": {
          "uv": [
            3,
            5.5,
            6.5,
            6
          ],
          "texture": "#texture",
          "cullface": "up"
        },
        "north": {
          "uv": [
            6.5,
            5,
            3,
            6
          ],
          "texture": "#texture",
          "cullface": "up"
        },
        "south": {
          "uv": [
            3,
            5,
            6.5,
            6
          ],
          "texture": "#texture",
          "cullface": "up"
        },
        "west": {
          "uv": [
            3,
            5,
            3.5,
            6
          ],
          "texture": "#texture",
          "cullface": "up"
        },
        "east": {
          "uv": [
            6,
            5,
            6.5,
            6
          ],
          "texture": "#texture",
          "cullface": "up"
        }
      }
    },
    {
      "from": [
        6.5,
        28,
        9.5
      ],
      "to": [
        9.5,
        29,
        10
      ],
      "faces": {
        "up": {
          "uv": [
            3,
            4.5,
            6,
            5
          ],
          "texture": "#texture",
          "cullface": "up"
        },
        "north": {
          "uv": [
            6,
            4,
            3,
            5
          ],
          "texture": "#texture",
          "cullface": "up"
        },
        "south": {
          "uv": [
            3,
            4,
            6,
            5
          ],
          "texture": "#texture",
          "cullface": "up"
        },
        "west": {
          "uv": [
            3,
            4,
            3.5,
            5
          ],
          "texture": "#texture",
          "cullface": "up"
        },
        "east": {
          "uv": [
            5.5,
            4,
            6,
            5
          ],
          "texture": "#texture",
          "cullface": "up"
        }
      }
    },
    {
      "from": [
        6.5,
        29,
        9.5
      ],
      "to": [
        9,
        29.5,
        10
      ],
      "faces": {
        "up": {
          "uv": [
            3,
            3.5,
            5.5,
            4
          ],
          "texture": "#texture",
          "cullface": "up"
        },
        "north": {
          "uv": [
            5.5,
            3.5,
            3,
            4
          ],
          "texture": "#texture",
          "cullface": "up"
        },
        "south": {
          "uv": [
            3,
            3.5,
            5.5,
            4
          ],
          "texture": "#texture",
          "cullface": "up"
        },
        "west": {
          "uv": [
            3,
            3.5,
            3.5,
            4
          ],
          "texture": "#texture",
          "cullface": "up"
        },
        "east": {
          "uv": [
            5,
            3.5,
            5.5,
            4
          ],
          "texture": "#texture",
          "cullface": "up"
        }
      }
    },
    {
      "from": [
        6.5,
        29.5,
        9.5
      ],
      "to": [
        8.5,
        30,
        10
      ],
      "faces": {
        "up": {
          "uv": [
            3,
            3,
            5,
            3.5
          ],
          "texture": "#texture",
          "cullface": "up"
        },
        "north": {
          "uv": [
            5,
            3,
            3,
            3.5
          ],
          "texture": "#texture",
          "cullface": "up"
        },
        "south": {
          "uv": [
            3,
            3,
            5,
            3.5
          ],
          "texture": "#texture",
          "cullface": "up"
        },
        "west": {
          "uv": [
            3,
            3,
            3.5,
            3.5
          ],
          "texture": "#texture",
          "cullface": "up"
        },
        "east": {
          "uv": [
            4.5,
            3,
            5,
            3.5
          ],
          "texture": "#texture",
          "cullface": "up"
        }
      }
    },
    {
      "from": [
        6.5,
        30,
        9.5
      ],
      "to": [
        8,
        30.5,
        10
      ],
      "faces": {
        "up": {
          "uv": [
            3,
            2.5,
            4.5,
            3
          ],
          "texture": "#texture",
          "cullface": "up"
        },
        "north": {
          "uv": [
            4.5,
            2.5,
            3,
            3
          ],
          "texture": "#texture",
          "cullface": "up"
        },
        "south": {
          "uv": [
            3,
            2.5,
            4.5,
            3
          ],
          "texture": "#texture",
          "cullface": "up"
        },
        "west": {
          "uv": [
            3,
            2.5,
            3.5,
            3
          ],
          "texture": "#texture",
          "cullface": "up"
        },
        "east": {
          "uv": [
            4,
            2.5,
            4.5,
            3
          ],
          "texture": "#texture",
          "cullface": "up"
        }
      }
    },
    {
      "from": [
        6.5,
        30.5,
        9.5
      ],
      "to": [
        7.5,
        31,
        10
      ],
      "faces": {
        "up": {
          "uv": [
            3,
            2,
            4,
            2.5
          ],
          "texture": "#texture",
          "cullface": "up"
        },
        "north": {
          "uv": [
            4,
            2,
            3,
            2.5
          ],
          "texture": "#texture",
          "cullface": "up"
        },
        "south": {
          "uv": [
            3,
            2,
            4,
            2.5
          ],
          "texture": "#texture",
          "cullface": "up"
        },
        "west": {
          "uv": [
            3,
            2,
            3.5,
            2.5
          ],
          "texture": "#texture",
          "cullface": "up"
        },
        "east": {
          "uv": [
            3.5,
            2,
            4,
            2.5
          ],
          "texture": "#texture",
          "cullface": "up"
        }
      }
    },
    {
      "from": [
        6.5,
        31,
        9.5
      ],
      "to": [
        7,
        31.5,
        10
      ],
      "faces": {
        "up": {
          "uv": [
            3,
            1.5,
            3.5,
            2
          ],
          "texture": "#texture",
          "cullface": "up"
        },
        "north": {
          "uv": [
            3,
            1.5,
            3.5,
            2
          ],
          "texture": "#texture",
          "cullface": "up"
        },
        "south": {
          "uv": [
            3,
            1.5,
            3.5,
            2
          ],
          "texture": "#texture",
          "cullface": "up"
        },
        "west": {
          "uv": [
            3.5,
            1.5,
            3,
            2
          ],
          "texture": "#texture",
          "cullface": "up"
        },
        "east": {
          "uv": [
            3,
            1.5,
            3.5,
            2
          ],
          "texture": "#texture",
          "cullface": "up"
        }
      }
    },
    {
      "from": [
        7.5,
        -15,
        8.75
      ],
      "to": [
        8.5,
        -14.5,
        10.75
      ],
      "faces": {
        "up": {
          "uv": [
            10.5,
            14,
            11.5,
            16
          ],
          "texture": "#texture",
          "cullface": "down"
        },
        "north": {
          "uv": [
            9,
            15.5,
            10,
            16
          ],
          "texture": "#texture",
          "cullface": "down"
        },
        "south": {
          "uv": [
            10,
            15.5,
            11,
            16
          ],
          "texture": "#texture",
          "cullface": "down"
        },
        "west": {
          "uv": [
            9,
            2,
            11,
            2.5
          ],
          "texture": "#texture",
          "cullface": "down"
        },
        "east": {
          "uv": [
            9,
            2.5,
            11,
            3
          ],
          "texture": "#texture",
          "cullface": "down"
        }
      }
    },
    {
      "from": [
        7,
        -15,
        9
      ],
      "to": [
        9,
        -14.5,
        10.5
      ],
      "faces": {
        "up": {
          "uv": [
            9,
            8.5,
            11,
            10
          ],
          "texture": "#texture",
          "cullface": "down"
        },
        "north": {
          "uv": [
            9,
            2,
            11,
            2.5
          ],
          "texture": "#texture",
          "cullface": "down"
        },
        "south": {
          "uv": [
            9,
            2,
            11,
            2.5
          ],
          "texture": "#texture",
          "cullface": "down"
        },
        "west": {
          "uv": [
            9,
            2.5,
            10.5,
            3
          ],
          "texture": "#texture",
          "cullface": "down"
        },
        "east": {
          "uv": [
            9.5,
            2.5,
            11,
            3
          ],
          "texture": "#texture",
          "cullface": "down"
        }
      }
    },
    {
      "from": [
        7.5,
        -16,
        8.75
      ],
      "to": [
        8.5,
        -15.5,
        10.75
      ],
      "faces": {
        "down": {
          "uv": [
            12.5,
            11,
            11.5,
            9
          ],
          "texture": "#texture",
          "cullface": "down"
        },
        "north": {
          "uv": [
            9.5,
            3,
            10.5,
            3.5
          ],
          "texture": "#texture",
          "cullface": "down"
        },
        "south": {
          "uv": [
            9.5,
            3,
            10.5,
            3.5
          ],
          "texture": "#texture",
          "cullface": "down"
        },
        "west": {
          "uv": [
            9,
            3,
            11,
            3.5
          ],
          "texture": "#texture",
          "cullface": "down"
        },
        "east": {
          "uv": [
            9,
            3,
            11,
            3.5
          ],
          "texture": "#texture",
          "cullface": "down"
        }
      }
    },
    {
      "from": [
        6.5,
        -16,
        9.5
      ],
      "to": [
        9.5,
        -15.5,
        10
      ],
      "faces": {
        "down": {
          "uv": [
            11.5,
            3.5,
            8.5,
            3
          ],
          "texture": "#texture",
          "cullface": "down"
        },
        "north": {
          "uv": [
            8.5,
            3,
            11.5,
            3.5
          ],
          "texture": "#texture",
          "cullface": "down"
        },
        "south": {
          "uv": [
            8.5,
            3,
            11.5,
            3.5
          ],
          "texture": "#texture",
          "cullface": "down"
        },
        "west": {
          "uv": [
            10,
            3,
            10.5,
            3.5
          ],
          "texture": "#texture",
          "cullface": "down"
        },
        "east": {
          "uv": [
            10,
            3,
            10.5,
            3.5
          ],
          "texture": "#texture",
          "cullface": "down"
        }
      }
    },
    {
      "from": [
        7,
        -16,
        9
      ],
      "to": [
        9,
        -15.5,
        10.5
      ],
      "faces": {
        "down": {
          "uv": [
            13,
            9,
            11,
            7.5
          ],
          "texture": "#texture",
          "cullface": "down"
        },
        "north": {
          "uv": [
            9,
            3,
            11,
            3.5
          ],
          "texture": "#texture",
          "cullface": "down"
        },
        "south": {
          "uv": [
            9,
            3,
            11,
            3.5
          ],
          "texture": "#texture",
          "cullface": "down"
        },
        "west": {
          "uv": [
            9.5,
            3,
            11,
            3.5
          ],
          "texture": "#texture",
          "cullface": "down"
        },
        "east": {
          "uv": [
            9.5,
            3,
            11,
            3.5
          ],
          "texture": "#texture",
          "cullface": "down"
        }
      }
    },
    {
      "from": [
        7,
        -15.5,
        8.5
      ],
      "to": [
        9,
        -15,
        11
      ],
      "faces": {
        "down": {
          "uv": [
            11,
            9,
            9,
            6.5
          ],
          "texture": "#texture",
          "cullface": "down"
        },
        "up": {
          "uv": [
            9,
            6.5,
            11,
            9
          ],
          "texture": "#texture",
          "cullface": "down"
        },
        "north": {
          "uv": [
            11,
            2.5,
            9,
            3
          ],
          "texture": "#texture",
          "cullface": "down"
        },
        "south": {
          "uv": [
            9,
            2.5,
            11,
            3
          ],
          "texture": "#texture",
          "cullface": "down"
        },
        "west": {
          "uv": [
            11.5,
            2.5,
            9,
            3
          ],
          "texture": "#texture",
          "cullface": "down"
        },
        "east": {
          "uv": [
            9,
            2.5,
            11.5,
            3
          ],
          "texture": "#texture",
          "cullface": "down"
        }
      }
    },
    {
      "from": [
        6.5,
        -15.5,
        9
      ],
      "to": [
        9.5,
        -15,
        10.5
      ],
      "faces": {
        "down": {
          "uv": [
            11.5,
            14,
            8.5,
            12.5
          ],
          "texture": "#texture",
          "cullface": "down"
        },
        "up": {
          "uv": [
            8.5,
            12.5,
            11.5,
            14
          ],
          "texture": "#texture",
          "cullface": "down"
        },
        "north": {
          "uv": [
            11.5,
            2.5,
            8.5,
            3
          ],
          "texture": "#texture",
          "cullface": "down"
        },
        "south": {
          "uv": [
            8.5,
            2.5,
            11.5,
            3
          ],
          "texture": "#texture",
          "cullface": "down"
        },
        "west": {
          "uv": [
            9,
            2.5,
            10.5,
            3
          ],
          "texture": "#texture",
          "cullface": "down"
        },
        "east": {
          "uv": [
            9.5,
            2.5,
            11,
            3
          ],
          "texture": "#texture",
          "cullface": "down"
        }
      }
    },
    {
      "from": [
        7,
        -14.5,
        9.25
      ],
      "to": [
        9,
        1.5,
        10.25
      ],
      "faces": {
        "north": {
          "uv": [
            12,
            0,
            14,
            16
          ],
          "texture": "#texture",
          "cullface": "down"
        },
        "south": {
          "uv": [
            14,
            0,
            16,
            16
          ],
          "texture": "#texture",
          "cullface": "down"
        },
        "west": {
          "uv": [
            13.5,
            0,
            14.5,
            16
          ],
          "texture": "#texture",
          "cullface": "down"
        },
        "east": {
          "uv": [
            12,
            0,
            13,
            16
          ],
          "texture": "#texture",
          "cullface": "down"
        }
      }
    },
    {
      "from": [
        7.5,
        -14.5,
        9
      ],
      "to": [
        8.5,
        -14,
        10.5
      ],
      "faces": {
        "up": {
          "uv": [
            11.5,
            14.5,
            12.5,
            16
          ],
          "texture": "#texture",
          "cullface": "down"
        },
        "north": {
          "uv": [
            13.5,
            15.5,
            14.5,
            16
          ],
          "texture": "#texture",
          "cullface": "down"
        },
        "south": {
          "uv": [
            13.5,
            15.5,
            14.5,
            16
          ],
          "texture": "#texture",
          "cullface": "down"
        },
        "west": {
          "uv": [
            9,
            10,
            10.5,
            10.5
          ],
          "texture": "#texture",
          "cullface": "down"
        },
        "east": {
          "uv": [
            9,
            15.5,
            10.5,
            16
          ],
          "texture": "#texture",
          "cullface": "down"
        }
      }
    },
    {
      "from": [
        7,
        -9.5,
        10
      ],
      "to": [
        7.5,
        -8,
        10.5
      ],
      "faces": {
        "down": {
          "uv": [
            9.5,
            8.5,
            9,
            8
          ],
          "texture": "#texture",
          "cullface": "down"
        },
        "up": {
          "uv": [
            9.5,
            6.5,
            10,
            7
          ],
          "texture": "#texture",
          "cullface": "down"
        },
        "north": {
          "uv": [
            10.5,
            10,
            11,
            11.5
          ],
          "texture": "#texture",
          "cullface": "down"
        },
        "south": {
          "uv": [
            14,
            9.5,
            14.5,
            11
          ],
          "texture": "#texture",
          "cullface": "down"
        },
        "west": {
          "uv": [
            10,
            6.5,
            10.5,
            8
          ],
          "texture": "#texture",
          "cullface": "down"
        }
      }
    },
    {
      "from": [
        7,
        -10,
        9
      ],
      "to": [
        7.5,
        -8.5,
        9.5
      ],
      "faces": {
        "down": {
          "uv": [
            9.5,
            8,
            9,
            7.5
          ],
          "texture": "#texture",
          "cullface": "down"
        },
        "up": {
          "uv": [
            9,
            7.5,
            9.5,
            8
          ],
          "texture": "#texture",
          "cullface": "down"
        },
        "north": {
          "uv": [
            9,
            7,
            9.5,
            8.5
          ],
          "texture": "#texture",
          "cullface": "down"
        },
        "south": {
          "uv": [
            9,
            7,
            9.5,
            8.5
          ],
          "texture": "#texture",
          "cullface": "down"
        },
        "west": {
          "uv": [
            9,
            7.5,
            10.5,
            8
          ],
          "texture": "#texture",
          "cullface": "down"
        }
      }
    },
    {
      "from": [
        8,
        -10,
        10
      ],
      "to": [
        8.5,
        -8.5,
        10.5
      ],
      "faces": {
        "down": {
          "uv": [
            10,
            8,
            9.5,
            7.5
          ],
          "texture": "#texture",
          "cullface": "down"
        },
        "up": {
          "uv": [
            11.5,
            11.5,
            12,
            12
          ],
          "texture": "#texture",
          "cullface": "down"
        },
        "north": {
          "uv": [
            10,
            7,
            10.5,
            8.5
          ],
          "texture": "#texture",
          "cullface": "down"
        },
        "south": {
          "uv": [
            15,
            10,
            15.5,
            11.5
          ],
          "texture": "#texture",
          "cullface": "down"
        },
        "east": {
          "uv": [
            15,
            10,
            15.5,
            11.5
          ],
          "texture": "#texture",
          "cullface": "down"
        }
      }
    },
    {
      "from": [
        8,
        -10.5,
        9
      ],
      "to": [
        8.5,
        -9,
        9.5
      ],
      "faces": {
        "down": {
          "uv": [
            8.5,
            8,
            8,
            7.5
          ],
          "texture": "#texture",
          "cullface": "down"
        },
        "up": {
          "uv": [
            8.5,
            7.5,
            9,
            8
          ],
          "texture": "#texture",
          "cullface": "down"
        },
        "north": {
          "uv": [
            9,
            7,
            9.5,
            8.5
          ],
          "texture": "#texture",
          "cullface": "down"
        },
        "south": {
          "uv": [
            9,
            6.5,
            9.5,
            8
          ],
          "texture": "#texture",
          "cullface": "down"
        },
        "east": {
          "uv": [
            8,
            7.5,
            8.5,
            9
          ],
          "texture": "#texture",
          "cullface": "down"
        }
      }
    },
    {
      "from": [
        7.5,
        -4.5,
        9
      ],
      "to": [
        8,
        1.5,
        10.5
      ],
      "faces": {
        "down": {
          "uv": [
            9.5,
            8.5,
            9,
            7
          ],
          "texture": "#texture",
          "cullface": "down"
        },
        "north": {
          "uv": [
            13,
            0,
            13.5,
            6
          ],
          "texture": "#texture",
          "cullface": "down"
        },
        "south": {
          "uv": [
            14.5,
            0,
            15,
            6
          ],
          "texture": "#texture",
          "cullface": "down"
        },
        "west": {
          "uv": [
            13.5,
            0,
            15,
            6
          ],
          "texture": "#texture",
          "cullface": "down"
        },
        "east": {
          "uv": [
            13,
            0,
            14.5,
            6
          ],
          "texture": "#texture",
          "cullface": "down"
        }
      }
    },
    {
      "from": [
        8,
        -4,
        9
      ],
      "to": [
        8.5,
        -2.5,
        9.5
      ],
      "faces": {
        "down": {
          "uv": [
            9,
            8,
            8.5,
            7.5
          ],
          "texture": "#texture",
          "cullface": "down"
        },
        "up": {
          "uv": [
            9,
            8,
            9.5,
            8.5
          ],
          "texture": "#texture",
          "cullface": "down"
        },
        "north": {
          "uv": [
            9,
            8,
            9.5,
            9.5
          ],
          "texture": "#texture",
          "cullface": "down"
        },
        "south": {
          "uv": [
            8.5,
            11,
            9,
            12.5
          ],
          "texture": "#texture",
          "cullface": "down"
        },
        "east": {
          "uv": [
            8,
            8,
            8.5,
            9.5
          ],
          "texture": "#texture",
          "cullface": "down"
        }
      }
    },
    {
      "from": [
        8,
        -3.5,
        10
      ],
      "to": [
        8.5,
        -2,
        10.5
      ],
      "faces": {
        "down": {
          "uv": [
            9.5,
            9.5,
            9,
            9
          ],
          "texture": "#texture",
          "cullface": "down"
        },
        "up": {
          "uv": [
            8.5,
            9,
            9,
            9.5
          ],
          "texture": "#texture",
          "cullface": "down"
        },
        "north": {
          "uv": [
            8.5,
            11,
            9,
            12.5
          ],
          "texture": "#texture",
          "cullface": "down"
        },
        "south": {
          "uv": [
            9,
            12,
            9.5,
            13.5
          ],
          "texture": "#texture",
          "cullface": "down"
        },
        "east": {
          "uv": [
            8,
            7,
            8.5,
            8.5
          ],
          "texture": "#texture",
          "cullface": "down"
        }
      }
    },
    {
      "from": [
        8,
        1,
        9
      ],
      "to": [
        8.5,
        3.5,
        9.5
      ],
      "faces": {
        "down": {
          "uv": [
            9,
            7.5,
            8.5,
            7
          ],
          "texture": "#texture"
        },
        "up": {
          "uv": [
            8.5,
            7,
            9,
            7.5
          ],
          "texture": "#texture"
        },
        "north": {
          "uv": [
            9,
            8,
            9.5,
            10.5
          ],
          "texture": "#texture"
        },
        "south": {
          "uv": [
            9,
            13,
            9.5,
            15.5
          ],
          "texture": "#texture"
        },
        "west": {
          "uv": [
            9,
            13,
            9.5,
            15.5
          ],
          "texture": "#texture"
        },
        "east": {
          "uv": [
            9,
            7,
            9.5,
            9.5
          ],
          "texture": "#texture"
        }
      }
    },
    {
      "from": [
        8,
        0,
        10
      ],
      "to": [
        8.5,
        2.5,
        10.5
      ],
      "faces": {
        "down": {
          "uv": [
            9,
            8,
            8.5,
            7.5
          ],
          "texture": "#texture",
          "cullface": "down"
        },
        "up": {
          "uv": [
            9.5,
            6.5,
            10,
            7
          ],
          "texture": "#texture"
        },
        "north": {
          "uv": [
            14,
            8.5,
            14.5,
            11
          ],
          "texture": "#texture"
        },
        "south": {
          "uv": [
            13,
            4.5,
            13.5,
            7
          ],
          "texture": "#texture"
        },
        "west": {
          "uv": [
            9,
            7,
            9.5,
            9.5
          ],
          "texture": "#texture"
        },
        "east": {
          "uv": [
            8.5,
            8,
            9,
            10.5
          ],
          "texture": "#texture"
        }
      }
    },
    {
      "from": [
        7,
        0.5,
        9
      ],
      "to": [
        7.5,
        1.5,
        9.5
      ],
      "faces": {
        "down": {
          "uv": [
            8.5,
            12,
            8,
            11.5
          ],
          "texture": "#texture"
        },
        "up": {
          "uv": [
            9,
            9,
            9.5,
            9.5
          ],
          "texture": "#texture"
        },
        "north": {
          "uv": [
            8.5,
            8.5,
            9,
            10
          ],
          "texture": "#texture"
        },
        "south": {
          "uv": [
            8.5,
            8.5,
            9,
            10
          ],
          "texture": "#texture"
        },
        "west": {
          "uv": [
            10,
            7,
            10.5,
            8.5
          ],
          "texture": "#texture"
        }
      }
    },
    {
      "from": [
        7,
        0.5,
        10
      ],
      "to": [
        7.5,
        2,
        10.5
      ],
      "faces": {
        "down": {
          "uv": [
            10.5,
            9,
            10,
            8.5
          ],
          "texture": "#texture"
        },
        "up": {
          "uv": [
            9.5,
            6,
            10,
            6.5
          ],
          "texture": "#texture"
        },
        "north": {
          "uv": [
            9,
            8.5,
            9.5,
            10
          ],
          "texture": "#texture"
        },
        "south": {
          "uv": [
            9.5,
            6.5,
            10,
            8
          ],
          "texture": "#texture"
        },
        "west": {
          "uv": [
            10,
            6.5,
            10.5,
            8
          ],
          "texture": "#texture"
        },
        "east": {
          "uv": [
            10,
            6.5,
            10.5,
            8
          ],
          "texture": "#texture"
        }
      }
    },
    {
      "from": [
        7,
        9,
        9
      ],
      "to": [
        7.5,
        10.5,
        9.5
      ],
      "faces": {
        "down": {
          "uv": [
            9,
            7.5,
            8.5,
            7
          ],
          "texture": "#texture"
        },
        "up": {
          "uv": [
            9,
            7.5,
            9.5,
            8
          ],
          "texture": "#texture"
        },
        "north": {
          "uv": [
            9,
            7,
            9.5,
            9
          ],
          "texture": "#texture"
        },
        "south": {
          "uv": [
            9,
            7,
            9.5,
            9
          ],
          "texture": "#texture"
        },
        "west": {
          "uv": [
            9,
            7,
            9.5,
            9
          ],
          "texture": "#texture"
        }
      }
    },
    {
      "from": [
        7.5,
        1.5,
        9
      ],
      "to": [
        8,
        5,
        10.5
      ],
      "faces": {
        "up": {
          "uv": [
            9,
            7,
            9.5,
            8.5
          ],
          "texture": "#texture"
        },
        "north": {
          "uv": [
            9,
            6,
            9.5,
            10
          ],
          "texture": "#texture"
        },
        "south": {
          "uv": [
            9,
            6.5,
            9.5,
            10.5
          ],
          "texture": "#texture"
        },
        "west": {
          "uv": [
            9.5,
            6,
            11,
            10
          ],
          "texture": "#texture"
        },
        "east": {
          "uv": [
            9,
            6,
            10.5,
            10
          ],
          "texture": "#texture"
        }
      }
    },
    {
      "from": [
        7.5,
        6.5,
        9
      ],
      "to": [
        8,
        11.5,
        10.5
      ],
      "faces": {
        "down": {
          "uv": [
            9.5,
            8,
            9,
            6.5
          ],
          "texture": "#texture"
        },
        "north": {
          "uv": [
            9,
            6,
            9.5,
            11
          ],
          "texture": "#texture"
        },
        "south": {
          "uv": [
            9,
            6,
            9.5,
            11
          ],
          "texture": "#texture"
        },
        "west": {
          "uv": [
            8.5,
            10.5,
            10,
            6
          ],
          "texture": "#texture"
        },
        "east": {
          "uv": [
            10,
            6,
            11.5,
            11
          ],
          "texture": "#texture"
        }
      }
    },
    {
      "from": [
        8,
        6.5,
        9
      ],
      "to": [
        8.5,
        7,
        10.5
      ],
      "faces": {
        "down": {
          "uv": [
            9.5,
            8.5,
            9,
            7
          ],
          "texture": "#texture"
        },
        "up": {
          "uv": [
            9,
            7,
            9.5,
            8.5
          ],
          "texture": "#texture"
        },
        "north": {
          "uv": [
            8.5,
            10.5,
            9,
            11
          ],
          "texture": "#texture"
        },
        "south": {
          "uv": [
            8.5,
            10.5,
            9,
            11
          ],
          "texture": "#texture"
        },
        "east": {
          "uv": [
            8,
            7.5,
            9.5,
            8
          ],
          "texture": "#texture"
        }
      }
    },
    {
      "from": [
        7,
        9.5,
        10
      ],
      "to": [
        7.5,
        11,
        10.5
      ],
      "faces": {
        "down": {
          "uv": [
            8.5,
            7.5,
            8,
            8
          ],
          "texture": "#texture"
        },
        "up": {
          "uv": [
            8,
            6,
            8.5,
            6.5
          ],
          "texture": "#texture"
        },
        "north": {
          "uv": [
            9,
            7.5,
            9.5,
            9
          ],
          "texture": "#texture"
        },
        "south": {
          "uv": [
            9.5,
            6.5,
            10,
            8
          ],
          "texture": "#texture"
        },
        "west": {
          "uv": [
            9.5,
            6.5,
            10,
            8
          ],
          "texture": "#texture"
        }
      }
    },
    {
      "from": [
        8,
        7.5,
        9
      ],
      "to": [
        8.5,
        9,
        10.5
      ],
      "faces": {
        "down": {
          "uv": [
            9,
            9,
            8.5,
            7.5
          ],
          "texture": "#texture"
        },
        "up": {
          "uv": [
            8.5,
            6,
            9,
            7.5
          ],
          "texture": "#texture"
        },
        "north": {
          "uv": [
            9,
            6.5,
            9.5,
            8
          ],
          "texture": "#texture"
        },
        "south": {
          "uv": [
            8.5,
            8.5,
            9,
            10
          ],
          "texture": "#texture"
        },
        "east": {
          "uv": [
            9.5,
            6.5,
            11,
            8
          ],
          "texture": "#texture"
        }
      }
    },
    {
      "from": [
        7,
        11.5,
        9
      ],
      "to": [
        9,
        12.5,
        10.5
      ],
      "faces": {
        "down": {
          "uv": [
            11,
            9.5,
            9,
            8
          ],
          "texture": "#texture"
        },
        "north": {
          "uv": [
            12,
            5,
            10,
            6
          ],
          "texture": "#texture"
        },
        "south": {
          "uv": [
            10,
            5,
            12,
            6
          ],
          "texture": "#texture"
        },
        "west": {
          "uv": [
            11,
            7.5,
            12.5,
            8.5
          ],
          "texture": "#texture"
        },
        "east": {
          "uv": [
            11.5,
            9,
            13,
            10
          ],
          "texture": "#texture"
        }
      }
    },
    {
      "from": [
        8,
        12,
        8.75
      ],
      "to": [
        8.5,
        12.5,
        10.75
      ],
      "faces": {
        "down": {
          "uv": [
            9,
            8,
            8.5,
            6
          ],
          "texture": "#texture"
        },
        "north": {
          "uv": [
            8.5,
            6.5,
            9,
            7
          ],
          "texture": "#texture"
        },
        "south": {
          "uv": [
            8.5,
            6.5,
            9,
            7
          ],
          "texture": "#texture"
        },
        "west": {
          "uv": [
            9,
            7.5,
            11,
            8
          ],
          "texture": "#texture"
        },
        "east": {
          "uv": [
            9,
            7.5,
            11,
            8
          ],
          "texture": "#texture"
        }
      }
    },
    {
      "from": [
        6.5,
        12.5,
        9
      ],
      "to": [
        9.5,
        13.5,
        10.5
      ],
      "faces": {
        "down": {
          "uv": [
            15.5,
            7.5,
            12.5,
            6
          ],
          "texture": "#texture"
        },
        "up": {
          "uv": [
            12.5,
            6,
            15.5,
            7.5
          ],
          "texture": "#texture"
        },
        "north": {
          "uv": [
            8.5,
            0,
            11.5,
            1
          ],
          "texture": "#texture"
        },
        "south": {
          "uv": [
            8.5,
            0,
            11.5,
            1
          ],
          "texture": "#texture"
        },
        "west": {
          "uv": [
            8,
            0,
            9.5,
            1
          ],
          "texture": "#texture"
        },
        "east": {
          "uv": [
            10.5,
            0,
            12,
            1
          ],
          "texture": "#texture"
        }
      }
    },
    {
      "from": [
        7,
        12.5,
        8.75
      ],
      "to": [
        9,
        13.5,
        10.75
      ],
      "faces": {
        "down": {
          "uv": [
            15,
            7.5,
            13,
            6
          ],
          "texture": "#texture"
        },
        "up": {
          "uv": [
            13,
            6,
            15,
            7.5
          ],
          "texture": "#texture"
        },
        "north": {
          "uv": [
            9,
            0,
            11,
            1
          ],
          "texture": "#texture"
        },
        "south": {
          "uv": [
            9,
            0,
            11,
            1
          ],
          "texture": "#texture"
        },
        "west": {
          "uv": [
            9,
            0,
            11,
            0.5
          ],
          "texture": "#texture"
        },
        "east": {
          "uv": [
            9,
            0,
            11,
            0.5
          ],
          "texture": "#texture"
        }
      }
    },
    {
      "from": [
        7.5,
        13.5,
        9
      ],
      "to": [
        8.5,
        15.5,
        10.5
      ],
      "faces": {
        "up": {
          "uv": [
            1.5,
            6,
            2.5,
            7.5
          ],
          "texture": "#texture"
        },
        "north": {
          "uv": [
            6.5,
            2,
            7.5,
            4
          ],
          "texture": "#texture"
        },
        "south": {
          "uv": [
            7.5,
            2,
            6.5,
            4
          ],
          "texture": "#texture"
        },
        "west": {
          "uv": [
            3.5,
            4,
            5,
            6
          ],
          "texture": "#texture"
        },
        "east": {
          "uv": [
            5,
            4,
            3.5,
            6
          ],
          "texture": "#texture"
        }
      }
    },
    {
      "from": [
        7.5,
        16.5,
        9.25
      ],
      "to": [
        8,
        22.5,
        10.25
      ],
      "faces": {
        "down": {
          "uv": [
            4.5,
            8.5,
            4,
            7.5
          ],
          "texture": "#texture",
          "cullface": "up"
        },
        "up": {
          "uv": [
            4,
            7.5,
            4.5,
            8.5
          ],
          "texture": "#texture",
          "cullface": "up"
        },
        "north": {
          "uv": [
            4,
            9.5,
            4.5,
            16
          ],
          "texture": "#texture",
          "cullface": "up"
        },
        "south": {
          "uv": [
            4,
            9.5,
            4.5,
            16
          ],
          "texture": "#texture",
          "cullface": "up"
        },
        "west": {
          "uv": [
            1,
            12,
            1.5,
            16
          ],
          "texture": "#texture",
          "cullface": "up"
        },
        "east": {
          "uv": [
            1,
            9.5,
            2,
            16
          ],
          "texture": "#texture",
          "cullface": "up"
        }
      }
    },
    {
      "from": [
        8.5,
        17,
        9.25
      ],
      "to": [
        9,
        26.5,
        10.25
      ],
      "faces": {
        "up": {
          "uv": [
            4.5,
            5,
            5,
            6
          ],
          "texture": "#texture",
          "cullface": "up"
        },
        "north": {
          "uv": [
            5,
            6,
            5.5,
            16
          ],
          "texture": "#texture",
          "cullface": "up"
        },
        "south": {
          "uv": [
            5,
            6,
            5.5,
            16
          ],
          "texture": "#texture",
          "cullface": "up"
        },
        "west": {
          "uv": [
            5,
            4.5,
            6,
            16
          ],
          "texture": "#texture",
          "cullface": "up"
        },
        "east": {
          "uv": [
            5,
            4.5,
            6,
            16
          ],
          "texture": "#texture",
          "cullface": "up"
        }
      }
    },
    {
      "from": [
        9,
        17,
        9.25
      ],
      "to": [
        9.5,
        25.5,
        10.25
      ],
      "faces": {
        "down": {
          "uv": [
            5.5,
            7.5,
            5,
            6.5
          ],
          "texture": "#texture",
          "cullface": "up"
        },
        "up": {
          "uv": [
            5,
            6.5,
            5.5,
            7.5
          ],
          "texture": "#texture",
          "cullface": "up"
        },
        "north": {
          "uv": [
            5.5,
            7.5,
            6,
            16
          ],
          "texture": "#texture",
          "cullface": "up"
        },
        "south": {
          "uv": [
            5.5,
            7.5,
            6,
            16
          ],
          "texture": "#texture",
          "cullface": "up"
        },
        "east": {
          "uv": [
            6,
            7.5,
            5,
            16
          ],
          "texture": "#texture",
          "cullface": "up"
        }
      }
    },
    {
      "from": [
        8,
        25.5,
        9.25
      ],
      "to": [
        8.5,
        28,
        10.25
      ],
      "faces": {
        "down": {
          "uv": [
            5,
            7.5,
            4.5,
            6.5
          ],
          "texture": "#texture",
          "cullface": "up"
        },
        "up": {
          "uv": [
            4.5,
            6.5,
            5,
            7.5
          ],
          "texture": "#texture",
          "cullface": "up"
        },
        "north": {
          "uv": [
            4.5,
            5,
            5,
            7.5
          ],
          "texture": "#texture",
          "cullface": "up"
        },
        "south": {
          "uv": [
            4.5,
            5,
            5,
            7.5
          ],
          "texture": "#texture",
          "cullface": "up"
        },
        "west": {
          "uv": [
            6,
            6.5,
            7,
            9
          ],
          "texture": "#texture",
          "cullface": "up"
        },
        "east": {
          "uv": [
            5,
            7.5,
            6,
            10
          ],
          "texture": "#texture",
          "cullface": "up"
        }
      }
    },
    {
      "from": [
        9.5,
        20,
        9.25
      ],
      "to": [
        10,
        23.5,
        10.25
      ],
      "faces": {
        "down": {
          "uv": [
            6.5,
            13,
            6,
            12
          ],
          "texture": "#texture",
          "cullface": "up"
        },
        "up": {
          "uv": [
            6,
            12,
            6.5,
            13
          ],
          "texture": "#texture",
          "cullface": "up"
        },
        "north": {
          "uv": [
            6,
            9,
            6.5,
            12.5
          ],
          "texture": "#texture",
          "cullface": "up"
        },
        "south": {
          "uv": [
            6,
            9,
            6.5,
            12.5
          ],
          "texture": "#texture",
          "cullface": "up"
        },
        "east": {
          "uv": [
            1,
            2.5,
            2,
            6
          ],
          "texture": "#texture",
          "cullface": "up"
        }
      }
    },
    {
      "from": [
        8.5,
        16,
        9.25
      ],
      "to": [
        9,
        17,
        10.25
      ],
      "faces": {
        "north": {
          "uv": [
            5,
            15,
            5.5,
            16
          ],
          "texture": "#texture",
          "cullface": "up"
        },
        "south": {
          "uv": [
            5,
            15,
            5.5,
            16
          ],
          "texture": "#texture",
          "cullface": "up"
        },
        "west": {
          "uv": [
            5,
            15,
            6,
            16
          ],
          "texture": "#texture",
          "cullface": "up"
        },
        "east": {
          "uv": [
            5,
            15,
            6,
            16
          ],
          "texture": "#texture",
          "cullface": "up"
        }
      }
    },
    {
      "from": [
        7.5,
        27,
        9.25
      ],
      "to": [
        8,
        29,
        10.25
      ],
      "faces": {
        "down": {
          "uv": [
            5,
            7.5,
            4.5,
            6.5
          ],
          "texture": "#texture",
          "cullface": "up"
        },
        "up": {
          "uv": [
            4.5,
            6.5,
            5,
            7.5
          ],
          "texture": "#texture",
          "cullface": "up"
        },
        "north": {
          "uv": [
            4.5,
            5,
            5,
            7.5
          ],
          "texture": "#texture",
          "cullface": "up"
        },
        "south": {
          "uv": [
            4.5,
            5,
            5,
            7.5
          ],
          "texture": "#texture",
          "cullface": "up"
        },
        "west": {
          "uv": [
            6,
            6.5,
            7,
            9
          ],
          "texture": "#texture",
          "cullface": "up"
        },
        "east": {
          "uv": [
            5,
            7.5,
            6,
            10
          ],
          "texture": "#texture",
          "cullface": "up"
        }
      }
    }
  ],
  "display": {
    "thirdperson_righthand": {
      "rotation": [
        0,
        90,
        0
      ],
      "translation": [
        -2.08,
        3.02,
        1.32
      ],
      "scale": [
        1,
        1,
        1
      ]
    },
    "firstperson_righthand": {
      "rotation": [
        -37,
        98,
        18
      ],
      "translation": [
        5.29,
        1.51,
        -5.48
      ],
      "scale": [
        1,
        1,
        1
      ]
    },
    "gui": {
      "rotation": [
        0,
        0,
        -45
      ],
      "translation": [
        0,
        0,
        0
      ],
      "scale": [
        0.4,
        0.4,
        0.4
      ]
    }
  }
}
