{
  "__comment": "designed_by_hypixel_minecraft_server_with_bdcraft_cubik_pro_0.87_beta_-_http://bdcraft.net",
  "textures": {
    "particle": "item/custom/warlords/golden_axe_unwrap",
    "texture": "item/custom/warlords/golden_axe_unwrap"
  },
  "elements": [
    {
      "from": [
        7,
        15,
        7
      ],
      "to": [
        8,
        16,
        7.5
      ],
      "faces": {
        "up": {
          "uv": [
            1,
            0,
            2,
            0.5
          ],
          "texture": "#texture",
          "cullface": "up"
        },
        "north": {
          "uv": [
            1,
            0,
            2,
            1
          ],
          "texture": "#texture"
        },
        "south": {
          "uv": [
            1,
            0,
            2,
            1
          ],
          "texture": "#texture"
        },
        "west": {
          "uv": [
            1,
            0,
            1.5,
            1
          ],
          "texture": "#texture"
        },
        "east": {
          "uv": [
            1.5,
            0,
            2,
            1
          ],
          "texture": "#texture"
        }
      }
    },
    {
      "from": [
        6.5,
        13.5,
        7
      ],
      "to": [
        8.5,
        15,
        7.5
      ],
      "faces": {
        "up": {
          "uv": [
            0.5,
            1,
            2.5,
            1.5
          ],
          "texture": "#texture"
        },
        "north": {
          "uv": [
            0.5,
            1,
            2.5,
            2.5
          ],
          "texture": "#texture"
        },
        "south": {
          "uv": [
            6.5,
            1,
            8.5,
            2.5
          ],
          "texture": "#texture"
        },
        "west": {
          "uv": [
            0.5,
            1,
            1,
            2.5
          ],
          "texture": "#texture"
        },
        "east": {
          "uv": [
            2,
            1,
            2.5,
            2.5
          ],
          "texture": "#texture"
        }
      }
    },
    {
      "from": [
        6,
        7,
        7
      ],
      "to": [
        9,
        13.5,
        7.5
      ],
      "faces": {
        "up": {
          "uv": [
            0,
            2.5,
            3,
            3
          ],
          "texture": "#texture"
        },
        "north": {
          "uv": [
            0,
            2.5,
            3,
            9
          ],
          "texture": "#texture"
        },
        "south": {
          "uv": [
            0,
            2.5,
            3,
            9
          ],
          "texture": "#texture"
        },
        "west": {
          "uv": [
            0,
            2.5,
            0.5,
            9
          ],
          "texture": "#texture"
        },
        "east": {
          "uv": [
            2.5,
            2.5,
            3,
            9
          ],
          "texture": "#texture"
        }
      }
    },
    {
      "from": [
        5.5,
        2,
        7
      ],
      "to": [
        9.5,
        7,
        7.5
      ],
      "faces": {
        "up": {
          "uv": [
            5,
            1,
            9,
            1.5
          ],
          "texture": "#texture"
        },
        "north": {
          "uv": [
            5,
            1,
            9,
            6
          ],
          "texture": "#texture"
        },
        "south": {
          "uv": [
            5,
            1,
            9,
            6
          ],
          "texture": "#texture"
        },
        "west": {
          "uv": [
            5,
            1,
            5.5,
            6
          ],
          "texture": "#texture"
        },
        "east": {
          "uv": [
            8.5,
            1,
            9,
            6
          ],
          "texture": "#texture"
        }
      }
    },
    {
      "from": [
        5,
        1.5,
        7
      ],
      "to": [
        10,
        2,
        7.5
      ],
      "faces": {
        "up": {
          "uv": [
            4.5,
            6,
            9.5,
            6.5
          ],
          "texture": "#texture"
        },
        "north": {
          "uv": [
            4.5,
            6,
            9.5,
            6.5
          ],
          "texture": "#texture"
        },
        "south": {
          "uv": [
            4.5,
            6,
            9.5,
            6.5
          ],
          "texture": "#texture"
        },
        "west": {
          "uv": [
            4.5,
            6,
            5,
            6.5
          ],
          "texture": "#texture"
        },
        "east": {
          "uv": [
            9,
            6,
            9.5,
            6.5
          ],
          "texture": "#texture"
        }
      }
    },
    {
      "from": [
        4,
        1,
        7
      ],
      "to": [
        11,
        1.5,
        7.5
      ],
      "faces": {
        "down": {
          "uv": [
            3.5,
            6.5,
            10.5,
            7
          ],
          "texture": "#texture"
        },
        "up": {
          "uv": [
            3.5,
            6.5,
            10.5,
            7
          ],
          "texture": "#texture"
        },
        "north": {
          "uv": [
            3.5,
            6.5,
            10.5,
            7
          ],
          "texture": "#texture"
        },
        "south": {
          "uv": [
            3.5,
            6.5,
            10.5,
            7
          ],
          "texture": "#texture"
        },
        "west": {
          "uv": [
            4.5,
            6,
            5,
            6.5
          ],
          "texture": "#texture"
        },
        "east": {
          "uv": [
            10,
            6.5,
            10.5,
            7
          ],
          "texture": "#texture"
        }
      }
    },
    {
      "from": [
        4.5,
        0.5,
        7
      ],
      "to": [
        10.5,
        1,
        7.5
      ],
      "faces": {
        "down": {
          "uv": [
            4,
            7,
            10,
            7.5
          ],
          "texture": "#texture"
        },
        "north": {
          "uv": [
            4,
            7,
            10,
            7.5
          ],
          "texture": "#texture"
        },
        "south": {
          "uv": [
            4,
            7,
            10,
            7.5
          ],
          "texture": "#texture"
        },
        "west": {
          "uv": [
            4,
            7,
            4.5,
            7.5
          ],
          "texture": "#texture"
        },
        "east": {
          "uv": [
            9.5,
            7,
            10,
            7.5
          ],
          "texture": "#texture"
        }
      }
    },
    {
      "from": [
        5,
        0,
        7
      ],
      "to": [
        10,
        0.5,
        7.5
      ],
      "faces": {
        "down": {
          "uv": [
            4.5,
            7.5,
            9.5,
            8
          ],
          "texture": "#texture",
          "cullface": "down"
        },
        "north": {
          "uv": [
            4.5,
            7.5,
            9.5,
            8
          ],
          "texture": "#texture"
        },
        "south": {
          "uv": [
            4.5,
            7.5,
            9.5,
            8
          ],
          "texture": "#texture"
        },
        "west": {
          "uv": [
            4.5,
            7.5,
            5,
            8
          ],
          "texture": "#texture"
        },
        "east": {
          "uv": [
            9,
            7.5,
            9.5,
            8
          ],
          "texture": "#texture"
        }
      }
    },
    {
      "from": [
        5.5,
        -1,
        7
      ],
      "to": [
        7.5,
        0,
        7.5
      ],
      "faces": {
        "north": {
          "uv": [
            5,
            8,
            7,
            9
          ],
          "texture": "#texture",
          "cullface": "down"
        },
        "south": {
          "uv": [
            5,
            8,
            7,
            9
          ],
          "texture": "#texture",
          "cullface": "down"
        },
        "west": {
          "uv": [
            5,
            8,
            5.5,
            8.5
          ],
          "texture": "#texture",
          "cullface": "down"
        },
        "east": {
          "uv": [
            5,
            8,
            5.5,
            8.5
          ],
          "texture": "#texture",
          "cullface": "down"
        }
      }
    },
    {
      "from": [
        5,
        -4.5,
        7
      ],
      "to": [
        7.5,
        -1,
        7.5
      ],
      "faces": {
        "up": {
          "uv": [
            0,
            9.5,
            2.5,
            10
          ],
          "texture": "#texture",
          "cullface": "down"
        },
        "north": {
          "uv": [
            2.5,
            9.5,
            0,
            13.5
          ],
          "texture": "#texture",
          "cullface": "down"
        },
        "south": {
          "uv": [
            0,
            9.5,
            2.5,
            13.5
          ],
          "texture": "#texture",
          "cullface": "down"
        },
        "west": {
          "uv": [
            0,
            9.5,
            0.5,
            13.5
          ],
          "texture": "#texture",
          "cullface": "down"
        },
        "east": {
          "uv": [
            2,
            9.5,
            2.5,
            13.5
          ],
          "texture": "#texture",
          "cullface": "down"
        }
      }
    },
    {
      "from": [
        6.5,
        -1,
        6.75
      ],
      "to": [
        8.5,
        6.5,
        7.75
      ],
      "faces": {
        "down": {
          "uv": [
            8,
            9,
            6,
            8
          ],
          "texture": "#texture",
          "cullface": "down"
        },
        "up": {
          "uv": [
            6,
            2.5,
            8,
            3.5
          ],
          "texture": "#texture",
          "cullface": "down"
        },
        "north": {
          "uv": [
            6,
            2.5,
            8,
            9
          ],
          "texture": "#texture",
          "cullface": "down"
        },
        "south": {
          "uv": [
            6,
            2.5,
            8,
            9
          ],
          "texture": "#texture",
          "cullface": "down"
        },
        "west": {
          "uv": [
            7.25,
            2.5,
            8.25,
            9
          ],
          "texture": "#texture",
          "cullface": "down"
        },
        "east": {
          "uv": [
            5.75,
            2.5,
            6.75,
            9
          ],
          "texture": "#texture",
          "cullface": "down"
        }
      }
    },
    {
      "from": [
        6.75,
        6.5,
        6.75
      ],
      "to": [
        8.25,
        12,
        7.75
      ],
      "faces": {
        "up": {
          "uv": [
            0.75,
            3.5,
            2.25,
            4.5
          ],
          "texture": "#texture"
        },
        "north": {
          "uv": [
            0.75,
            3.5,
            2.25,
            9
          ],
          "texture": "#texture"
        },
        "south": {
          "uv": [
            0.75,
            3.5,
            2.25,
            9
          ],
          "texture": "#texture"
        },
        "west": {
          "uv": [
            1.25,
            3.5,
            2.25,
            9
          ],
          "texture": "#texture"
        },
        "east": {
          "uv": [
            0.75,
            3.5,
            1.75,
            9
          ],
          "texture": "#texture"
        }
      }
    },
    {
      "from": [
        7,
        12,
        6.75
      ],
      "to": [
        8,
        14.25,
        7.75
      ],
      "faces": {
        "up": {
          "uv": [
            7,
            6.75,
            8,
            7.75
          ],
          "texture": "#texture"
        },
        "north": {
          "uv": [
            8,
            1.75,
            9,
            4
          ],
          "texture": "#texture"
        },
        "south": {
          "uv": [
            7,
            1.75,
            8,
            4
          ],
          "texture": "#texture"
        },
        "west": {
          "uv": [
            6.75,
            1.75,
            7.75,
            4
          ],
          "texture": "#texture"
        },
        "east": {
          "uv": [
            8.25,
            1.75,
            9.25,
            4
          ],
          "texture": "#texture"
        }
      }
    },
    {
      "from": [
        7.25,
        14.25,
        6.75
      ],
      "to": [
        7.75,
        15.25,
        7.75
      ],
      "faces": {
        "up": {
          "uv": [
            1.25,
            1.5,
            1.75,
            2
          ],
          "texture": "#texture"
        },
        "north": {
          "uv": [
            1.25,
            1,
            1.75,
            2
          ],
          "texture": "#texture"
        },
        "south": {
          "uv": [
            1.25,
            1,
            1.75,
            2
          ],
          "texture": "#texture"
        },
        "west": {
          "uv": [
            2,
            1,
            1.5,
            2
          ],
          "texture": "#texture"
        },
        "east": {
          "uv": [
            1.5,
            1,
            1,
            2
          ],
          "texture": "#texture"
        }
      }
    },
    {
      "from": [
        7.25,
        16,
        7
      ],
      "to": [
        7.75,
        17,
        7.5
      ],
      "faces": {
        "up": {
          "uv": [
            1.25,
            0,
            1.75,
            0.5
          ],
          "texture": "#texture",
          "cullface": "up"
        },
        "north": {
          "uv": [
            1.25,
            0,
            1.75,
            1
          ],
          "texture": "#texture",
          "cullface": "up"
        },
        "south": {
          "uv": [
            1.25,
            0,
            1.75,
            1
          ],
          "texture": "#texture",
          "cullface": "up"
        },
        "west": {
          "uv": [
            1,
            0,
            1.5,
            1
          ],
          "texture": "#texture",
          "cullface": "up"
        },
        "east": {
          "uv": [
            1.5,
            0,
            2,
            1
          ],
          "texture": "#texture",
          "cullface": "up"
        }
      }
    },
    {
      "from": [
        3.5,
        -7.5,
        6.5
      ],
      "to": [
        11.5,
        -6,
        8
      ],
      "faces": {
        "down": {
          "uv": [
            7,
            12.5,
            15,
            14
          ],
          "texture": "#texture",
          "cullface": "down"
        },
        "up": {
          "uv": [
            7,
            12.5,
            15,
            14
          ],
          "texture": "#texture",
          "cullface": "down"
        },
        "north": {
          "uv": [
            7,
            12.5,
            15,
            14
          ],
          "texture": "#texture",
          "cullface": "down"
        },
        "south": {
          "uv": [
            7,
            12.5,
            15,
            14
          ],
          "texture": "#texture",
          "cullface": "down"
        },
        "west": {
          "uv": [
            7,
            12.5,
            8.5,
            14
          ],
          "texture": "#texture",
          "cullface": "down"
        },
        "east": {
          "uv": [
            13.5,
            12.5,
            15,
            14
          ],
          "texture": "#texture",
          "cullface": "down"
        }
      }
    },
    {
      "from": [
        7,
        -1.5,
        6.75
      ],
      "to": [
        8,
        -1,
        7.75
      ],
      "faces": {
        "north": {
          "uv": [
            2,
            9.5,
            3,
            10
          ],
          "texture": "#texture",
          "cullface": "down"
        },
        "south": {
          "uv": [
            2,
            9.5,
            3,
            10
          ],
          "texture": "#texture",
          "cullface": "down"
        },
        "west": {
          "uv": [
            2,
            9.5,
            3,
            10
          ],
          "texture": "#texture",
          "cullface": "down"
        },
        "east": {
          "uv": [
            2,
            9.5,
            3,
            10
          ],
          "texture": "#texture",
          "cullface": "down"
        }
      }
    },
    {
      "from": [
        7,
        -2.5,
        6.5
      ],
      "to": [
        8,
        -1.5,
        8
      ],
      "faces": {
        "up": {
          "uv": [
            10.5,
            8,
            11.5,
            9.5
          ],
          "texture": "#texture",
          "cullface": "down"
        },
        "north": {
          "uv": [
            10.5,
            8,
            11.5,
            9
          ],
          "texture": "#texture",
          "cullface": "down"
        },
        "south": {
          "uv": [
            10.5,
            8,
            11.5,
            9
          ],
          "texture": "#texture",
          "cullface": "down"
        },
        "west": {
          "uv": [
            10.25,
            9,
            11.75,
            9.5
          ],
          "texture": "#texture",
          "cullface": "down"
        },
        "east": {
          "uv": [
            10.25,
            9,
            11.75,
            9.5
          ],
          "texture": "#texture",
          "cullface": "down"
        }
      }
    },
    {
      "from": [
        6.5,
        -3.5,
        6.5
      ],
      "to": [
        8.5,
        -2.5,
        8
      ],
      "faces": {
        "up": {
          "uv": [
            10,
            9,
            12,
            10
          ],
          "texture": "#texture",
          "cullface": "down"
        },
        "north": {
          "uv": [
            10,
            9,
            12,
            10
          ],
          "texture": "#texture",
          "cullface": "down"
        },
        "south": {
          "uv": [
            10,
            9,
            12,
            10
          ],
          "texture": "#texture",
          "cullface": "down"
        },
        "west": {
          "uv": [
            9.5,
            10,
            11,
            11
          ],
          "texture": "#texture",
          "cullface": "down"
        },
        "east": {
          "uv": [
            11,
            10,
            12.5,
            11
          ],
          "texture": "#texture",
          "cullface": "down"
        }
      }
    },
    {
      "from": [
        6,
        -4.5,
        6.5
      ],
      "to": [
        9,
        -3.5,
        8
      ],
      "faces": {
        "up": {
          "uv": [
            9.5,
            10,
            12.5,
            11.5
          ],
          "texture": "#texture",
          "cullface": "down"
        },
        "north": {
          "uv": [
            9.5,
            10,
            12.5,
            11
          ],
          "texture": "#texture",
          "cullface": "down"
        },
        "south": {
          "uv": [
            9.5,
            10,
            12.5,
            11
          ],
          "texture": "#texture",
          "cullface": "down"
        },
        "west": {
          "uv": [
            9.5,
            10,
            11,
            11
          ],
          "texture": "#texture",
          "cullface": "down"
        },
        "east": {
          "uv": [
            11,
            10,
            12.5,
            11
          ],
          "texture": "#texture",
          "cullface": "down"
        }
      }
    },
    {
      "from": [
        5,
        -6,
        6.5
      ],
      "to": [
        10,
        -4.5,
        8
      ],
      "faces": {
        "up": {
          "uv": [
            8.5,
            11,
            13.5,
            12.5
          ],
          "texture": "#texture",
          "cullface": "down"
        },
        "north": {
          "uv": [
            8.5,
            11,
            13.5,
            12.5
          ],
          "texture": "#texture",
          "cullface": "down"
        },
        "south": {
          "uv": [
            8.5,
            11,
            13.5,
            12.5
          ],
          "texture": "#texture",
          "cullface": "down"
        },
        "west": {
          "uv": [
            8.5,
            11,
            10.5,
            12.5
          ],
          "texture": "#texture",
          "cullface": "down"
        },
        "east": {
          "uv": [
            11.5,
            11,
            13.5,
            12.5
          ],
          "texture": "#texture",
          "cullface": "down"
        }
      }
    },
    {
      "from": [
        10,
        -6,
        6.75
      ],
      "to": [
        11.5,
        -5.5,
        7.75
      ],
      "faces": {
        "up": {
          "uv": [
            13.5,
            12,
            15,
            12.5
          ],
          "texture": "#texture",
          "cullface": "down"
        },
        "north": {
          "uv": [
            13.5,
            12,
            15,
            12.5
          ],
          "texture": "#texture",
          "cullface": "down"
        },
        "south": {
          "uv": [
            13.5,
            12,
            15,
            12.5
          ],
          "texture": "#texture",
          "cullface": "down"
        },
        "east": {
          "uv": [
            13.5,
            12,
            15,
            12.5
          ],
          "texture": "#texture",
          "cullface": "down"
        }
      }
    },
    {
      "from": [
        3.5,
        -6,
        6.75
      ],
      "to": [
        5,
        -5.5,
        7.75
      ],
      "faces": {
        "up": {
          "uv": [
            7,
            12,
            8.5,
            12.5
          ],
          "texture": "#texture",
          "cullface": "down"
        },
        "north": {
          "uv": [
            7,
            12,
            8.5,
            12.5
          ],
          "texture": "#texture",
          "cullface": "down"
        },
        "south": {
          "uv": [
            7,
            12,
            8.5,
            12.5
          ],
          "texture": "#texture",
          "cullface": "down"
        },
        "west": {
          "uv": [
            7,
            12,
            8.5,
            12.5
          ],
          "texture": "#texture",
          "cullface": "down"
        }
      }
    },
    {
      "from": [
        3,
        -9,
        6.75
      ],
      "to": [
        3.5,
        -6,
        7.75
      ],
      "faces": {
        "down": {
          "uv": [
            6.5,
            12.5,
            7,
            13.5
          ],
          "texture": "#texture",
          "cullface": "down"
        },
        "up": {
          "uv": [
            6.5,
            12.5,
            7,
            13.5
          ],
          "texture": "#texture",
          "cullface": "down"
        },
        "north": {
          "uv": [
            6.5,
            12.5,
            7,
            15.5
          ],
          "texture": "#texture",
          "cullface": "down"
        },
        "south": {
          "uv": [
            6.5,
            12.5,
            7,
            15.5
          ],
          "texture": "#texture",
          "cullface": "down"
        },
        "west": {
          "uv": [
            6.5,
            12.5,
            7,
            16
          ],
          "texture": "#texture",
          "cullface": "down"
        },
        "east": {
          "uv": [
            6.5,
            12.5,
            7,
            16
          ],
          "texture": "#texture",
          "cullface": "down"
        }
      }
    },
    {
      "from": [
        11.5,
        -9,
        6.75
      ],
      "to": [
        12,
        -6,
        7.75
      ],
      "faces": {
        "down": {
          "uv": [
            15.5,
            13.5,
            15,
            12.5
          ],
          "texture": "#texture",
          "cullface": "down"
        },
        "up": {
          "uv": [
            15.5,
            13.5,
            15,
            12.5
          ],
          "texture": "#texture",
          "cullface": "down"
        },
        "north": {
          "uv": [
            15,
            12.5,
            15.5,
            15.5
          ],
          "texture": "#texture",
          "cullface": "down"
        },
        "south": {
          "uv": [
            15,
            12.5,
            15.5,
            15.5
          ],
          "texture": "#texture",
          "cullface": "down"
        },
        "west": {
          "uv": [
            15,
            12.5,
            15.5,
            15.5
          ],
          "texture": "#texture",
          "cullface": "down"
        },
        "east": {
          "uv": [
            15,
            12.5,
            15.5,
            15.5
          ],
          "texture": "#texture",
          "cullface": "down"
        }
      }
    },
    {
      "from": [
        2.5,
        -8,
        7
      ],
      "to": [
        3,
        -6.5,
        7.5
      ],
      "faces": {
        "down": {
          "uv": [
            6,
            13,
            6.5,
            13.5
          ],
          "texture": "#texture",
          "cullface": "down"
        },
        "up": {
          "uv": [
            6,
            13,
            6.5,
            13.5
          ],
          "texture": "#texture",
          "cullface": "down"
        },
        "north": {
          "uv": [
            6,
            13,
            6.5,
            14.5
          ],
          "texture": "#texture",
          "cullface": "down"
        },
        "south": {
          "uv": [
            6,
            13,
            6.5,
            14.5
          ],
          "texture": "#texture",
          "cullface": "down"
        },
        "west": {
          "uv": [
            6,
            13,
            6.5,
            14.5
          ],
          "texture": "#texture",
          "cullface": "down"
        }
      }
    },
    {
      "from": [
        11,
        -8,
        7
      ],
      "to": [
        11.5,
        -7.5,
        7.5
      ],
      "faces": {
        "down": {
          "uv": [
            14.5,
            14,
            15,
            14.5
          ],
          "texture": "#texture",
          "cullface": "down"
        },
        "north": {
          "uv": [
            14.5,
            14,
            15,
            14.5
          ],
          "texture": "#texture",
          "cullface": "down"
        },
        "south": {
          "uv": [
            14.5,
            14,
            15,
            14.5
          ],
          "texture": "#texture",
          "cullface": "down"
        },
        "west": {
          "uv": [
            14.5,
            14,
            15,
            14.5
          ],
          "texture": "#texture",
          "cullface": "down"
        }
      }
    },
    {
      "from": [
        3.5,
        -8,
        7
      ],
      "to": [
        4,
        -7.5,
        7.5
      ],
      "faces": {
        "down": {
          "uv": [
            7,
            14,
            7.5,
            14.5
          ],
          "texture": "#texture",
          "cullface": "down"
        },
        "north": {
          "uv": [
            7,
            14,
            7.5,
            14.5
          ],
          "texture": "#texture",
          "cullface": "down"
        },
        "south": {
          "uv": [
            7,
            14,
            7.5,
            14.5
          ],
          "texture": "#texture",
          "cullface": "down"
        },
        "east": {
          "uv": [
            7,
            14,
            7.5,
            14.5
          ],
          "texture": "#texture",
          "cullface": "down"
        }
      }
    },
    {
      "from": [
        12,
        -8,
        7
      ],
      "to": [
        12.5,
        -6.5,
        7.5
      ],
      "faces": {
        "down": {
          "uv": [
            15.5,
            13,
            16,
            13.5
          ],
          "texture": "#texture",
          "cullface": "down"
        },
        "up": {
          "uv": [
            15.5,
            13,
            16,
            13.5
          ],
          "texture": "#texture",
          "cullface": "down"
        },
        "north": {
          "uv": [
            15.5,
            13,
            16,
            14.5
          ],
          "texture": "#texture",
          "cullface": "down"
        },
        "south": {
          "uv": [
            15.5,
            13,
            16,
            14.5
          ],
          "texture": "#texture",
          "cullface": "down"
        },
        "east": {
          "uv": [
            15.5,
            13,
            16,
            14.5
          ],
          "texture": "#texture",
          "cullface": "down"
        }
      }
    },
    {
      "from": [
        5,
        -7.5,
        6.25
      ],
      "to": [
        10,
        -6,
        8.25
      ],
      "faces": {
        "down": {
          "uv": [
            8.25,
            14,
            13.25,
            16
          ],
          "texture": "#texture",
          "cullface": "down"
        },
        "up": {
          "uv": [
            8.5,
            11,
            13.5,
            12.5
          ],
          "texture": "#texture",
          "cullface": "down"
        },
        "north": {
          "uv": [
            8.5,
            12.5,
            13.5,
            14
          ],
          "texture": "#texture",
          "cullface": "down"
        },
        "south": {
          "uv": [
            8.5,
            12.5,
            13.5,
            14
          ],
          "texture": "#texture",
          "cullface": "down"
        },
        "west": {
          "uv": [
            12,
            12.5,
            14,
            14
          ],
          "texture": "#texture",
          "cullface": "down"
        },
        "east": {
          "uv": [
            8,
            12.5,
            10,
            14
          ],
          "texture": "#texture",
          "cullface": "down"
        }
      }
    },
    {
      "from": [
        7,
        -14,
        6.5
      ],
      "to": [
        8,
        -7.5,
        8
      ],
      "faces": {
        "north": {
          "uv": [
            13.5,
            0,
            14.5,
            6.5
          ],
          "texture": "#texture",
          "cullface": "down"
        },
        "south": {
          "uv": [
            13.5,
            0,
            14.5,
            6.5
          ],
          "texture": "#texture",
          "cullface": "down"
        },
        "west": {
          "uv": [
            13.25,
            0,
            14.75,
            6.5
          ],
          "texture": "#texture",
          "cullface": "down"
        },
        "east": {
          "uv": [
            13.25,
            0,
            14.75,
            6.5
          ],
          "texture": "#texture",
          "cullface": "down"
        }
      }
    },
    {
      "from": [
        6.5,
        -14,
        6.75
      ],
      "to": [
        8.5,
        -7.5,
        7.75
      ],
      "faces": {
        "north": {
          "uv": [
            13,
            0,
            15,
            6.5
          ],
          "texture": "#texture",
          "cullface": "down"
        },
        "south": {
          "uv": [
            13,
            0,
            15,
            6.5
          ],
          "texture": "#texture",
          "cullface": "down"
        },
        "west": {
          "uv": [
            13,
            0,
            14,
            6.5
          ],
          "texture": "#texture",
          "cullface": "down"
        },
        "east": {
          "uv": [
            14,
            0,
            15,
            6.5
          ],
          "texture": "#texture",
          "cullface": "down"
        }
      }
    },
    {
      "from": [
        8.5,
        -11,
        7
      ],
      "to": [
        9,
        -10.5,
        7.5
      ],
      "faces": {
        "down": {
          "uv": [
            15,
            2.5,
            15.5,
            3
          ],
          "texture": "#texture",
          "cullface": "down"
        },
        "up": {
          "uv": [
            15,
            2.5,
            15.5,
            3
          ],
          "texture": "#texture",
          "cullface": "down"
        },
        "north": {
          "uv": [
            15,
            2.5,
            15.5,
            3
          ],
          "texture": "#texture",
          "cullface": "down"
        },
        "south": {
          "uv": [
            15,
            2.5,
            15.5,
            3
          ],
          "texture": "#texture",
          "cullface": "down"
        },
        "east": {
          "uv": [
            15,
            2.5,
            15.5,
            3
          ],
          "texture": "#texture",
          "cullface": "down"
        }
      }
    },
    {
      "from": [
        6,
        -11,
        7
      ],
      "to": [
        6.5,
        -10.5,
        7.5
      ],
      "faces": {
        "down": {
          "uv": [
            12.5,
            2.5,
            13,
            3
          ],
          "texture": "#texture",
          "cullface": "down"
        },
        "up": {
          "uv": [
            12.5,
            2.5,
            13,
            3
          ],
          "texture": "#texture",
          "cullface": "down"
        },
        "north": {
          "uv": [
            12.5,
            2.5,
            13,
            3
          ],
          "texture": "#texture",
          "cullface": "down"
        },
        "south": {
          "uv": [
            12.5,
            2.5,
            13,
            3
          ],
          "texture": "#texture",
          "cullface": "down"
        },
        "west": {
          "uv": [
            12.5,
            2.5,
            13,
            3
          ],
          "texture": "#texture",
          "cullface": "down"
        }
      }
    },
    {
      "from": [
        5.5,
        -15,
        6.25
      ],
      "to": [
        9.5,
        -14,
        8.25
      ],
      "faces": {
        "down": {
          "uv": [
            7,
            12,
            10,
            14
          ],
          "texture": "#texture",
          "cullface": "down"
        },
        "up": {
          "uv": [
            7,
            12,
            10,
            14
          ],
          "texture": "#texture",
          "cullface": "down"
        },
        "north": {
          "uv": [
            12,
            6.5,
            16,
            7.5
          ],
          "texture": "#texture",
          "cullface": "down"
        },
        "south": {
          "uv": [
            12,
            6.5,
            16,
            7.5
          ],
          "texture": "#texture",
          "cullface": "down"
        },
        "west": {
          "uv": [
            12,
            6.5,
            14,
            7.5
          ],
          "texture": "#texture",
          "cullface": "down"
        },
        "east": {
          "uv": [
            14,
            6.5,
            16,
            7.5
          ],
          "texture": "#texture",
          "cullface": "down"
        }
      }
    },
    {
      "from": [
        6,
        -15.5,
        6.5
      ],
      "to": [
        9,
        -15,
        8
      ],
      "faces": {
        "down": {
          "uv": [
            12,
            12.5,
            15,
            14
          ],
          "texture": "#texture",
          "cullface": "down"
        },
        "north": {
          "uv": [
            12.5,
            7.5,
            15.5,
            8
          ],
          "texture": "#texture",
          "cullface": "down"
        },
        "south": {
          "uv": [
            12.5,
            7.5,
            15.5,
            8
          ],
          "texture": "#texture",
          "cullface": "down"
        },
        "west": {
          "uv": [
            12.5,
            7.5,
            14,
            8
          ],
          "texture": "#texture",
          "cullface": "down"
        },
        "east": {
          "uv": [
            14,
            7.5,
            15.5,
            8
          ],
          "texture": "#texture",
          "cullface": "down"
        }
      }
    },
    {
      "from": [
        6.5,
        -16,
        6.75
      ],
      "to": [
        8.5,
        -15.5,
        7.75
      ],
      "faces": {
        "down": {
          "uv": [
            13,
            7.5,
            15,
            8.5
          ],
          "texture": "#texture",
          "cullface": "down"
        },
        "north": {
          "uv": [
            13,
            8,
            15,
            8.5
          ],
          "texture": "#texture",
          "cullface": "down"
        },
        "south": {
          "uv": [
            13,
            8,
            15,
            8.5
          ],
          "texture": "#texture",
          "cullface": "down"
        },
        "west": {
          "uv": [
            13,
            8,
            14,
            8.5
          ],
          "texture": "#texture",
          "cullface": "down"
        },
        "east": {
          "uv": [
            14,
            8,
            15,
            8.5
          ],
          "texture": "#texture",
          "cullface": "down"
        }
      }
    },
    {
      "from": [
        7.5,
        -4.5,
        7
      ],
      "to": [
        10,
        -1.5,
        7.5
      ],
      "faces": {
        "up": {
          "uv": [
            2.5,
            10,
            5,
            10.5
          ],
          "texture": "#texture",
          "cullface": "down"
        },
        "north": {
          "uv": [
            5,
            10,
            2.5,
            13.5
          ],
          "texture": "#texture",
          "cullface": "down"
        },
        "south": {
          "uv": [
            2.5,
            10,
            5,
            13.5
          ],
          "texture": "#texture",
          "cullface": "down"
        },
        "east": {
          "uv": [
            4.5,
            10,
            5,
            13.5
          ],
          "texture": "#texture",
          "cullface": "down"
        }
      }
    },
    {
      "from": [
        8,
        -1.5,
        7
      ],
      "to": [
        9.5,
        0,
        7.5
      ],
      "faces": {
        "north": {
          "uv": [
            7.5,
            7.5,
            9,
            9
          ],
          "texture": "#texture",
          "cullface": "down"
        },
        "south": {
          "uv": [
            7.5,
            7.5,
            9,
            9
          ],
          "texture": "#texture",
          "cullface": "down"
        },
        "west": {
          "uv": [
            7.5,
            7.5,
            8,
            9
          ],
          "texture": "#texture",
          "cullface": "down"
        },
        "east": {
          "uv": [
            8.5,
            7.5,
            9,
            9
          ],
          "texture": "#texture",
          "cullface": "down"
        }
      }
    },
    {
      "from": [
        7,
        -7.5,
        8.25
      ],
      "to": [
        8,
        -6,
        8.5
      ],
      "faces": {
        "down": {
          "uv": [
            10.5,
            12.5,
            11.5,
            13
          ],
          "texture": "#texture",
          "cullface": "down"
        },
        "up": {
          "uv": [
            10.5,
            12.5,
            11.5,
            13
          ],
          "texture": "#texture",
          "cullface": "down"
        },
        "south": {
          "uv": [
            10.5,
            12.5,
            11.5,
            14
          ],
          "texture": "#texture",
          "cullface": "down"
        },
        "west": {
          "uv": [
            10.5,
            12.5,
            11,
            14
          ],
          "texture": "#texture",
          "cullface": "down"
        },
        "east": {
          "uv": [
            11,
            12.5,
            11.5,
            14
          ],
          "texture": "#texture",
          "cullface": "down"
        }
      }
    },
    {
      "from": [
        8,
        -7,
        8.25
      ],
      "to": [
        8.5,
        -6.5,
        8.5
      ],
      "faces": {
        "down": {
          "uv": [
            11.5,
            13,
            12,
            13.5
          ],
          "texture": "#texture",
          "cullface": "down"
        },
        "up": {
          "uv": [
            11.5,
            13,
            12,
            13.5
          ],
          "texture": "#texture",
          "cullface": "down"
        },
        "south": {
          "uv": [
            11.5,
            13,
            12,
            13.5
          ],
          "texture": "#texture",
          "cullface": "down"
        },
        "east": {
          "uv": [
            11.5,
            13,
            12,
            13.5
          ],
          "texture": "#texture",
          "cullface": "down"
        }
      }
    },
    {
      "from": [
        6.5,
        -7,
        8.25
      ],
      "to": [
        7,
        -6.5,
        8.5
      ],
      "faces": {
        "down": {
          "uv": [
            10,
            13,
            10.5,
            13.5
          ],
          "texture": "#texture",
          "cullface": "down"
        },
        "up": {
          "uv": [
            10,
            13,
            10.5,
            13.5
          ],
          "texture": "#texture",
          "cullface": "down"
        },
        "south": {
          "uv": [
            10,
            13,
            10.5,
            13.5
          ],
          "texture": "#texture",
          "cullface": "down"
        },
        "west": {
          "uv": [
            10,
            13,
            10.5,
            13.5
          ],
          "texture": "#texture",
          "cullface": "down"
        }
      }
    },
    {
      "from": [
        6.5,
        -7,
        6
      ],
      "to": [
        7,
        -6.5,
        6.25
      ],
      "faces": {
        "down": {
          "uv": [
            10,
            13,
            10.5,
            13.5
          ],
          "texture": "#texture",
          "cullface": "down"
        },
        "up": {
          "uv": [
            10,
            13,
            10.5,
            13.5
          ],
          "texture": "#texture",
          "cullface": "down"
        },
        "north": {
          "uv": [
            10,
            13,
            10.5,
            13.5
          ],
          "texture": "#texture",
          "cullface": "down"
        },
        "west": {
          "uv": [
            10,
            13,
            10.5,
            13.5
          ],
          "texture": "#texture",
          "cullface": "down"
        }
      }
    },
    {
      "from": [
        7,
        -7.5,
        6
      ],
      "to": [
        8,
        -6,
        6.25
      ],
      "faces": {
        "down": {
          "uv": [
            10.5,
            12.5,
            11.5,
            13
          ],
          "texture": "#texture",
          "cullface": "down"
        },
        "up": {
          "uv": [
            10.5,
            12.5,
            11.5,
            13
          ],
          "texture": "#texture",
          "cullface": "down"
        },
        "north": {
          "uv": [
            10.5,
            12.5,
            11.5,
            14
          ],
          "texture": "#texture",
          "cullface": "down"
        },
        "west": {
          "uv": [
            10.5,
            12.5,
            11,
            14
          ],
          "texture": "#texture",
          "cullface": "down"
        },
        "east": {
          "uv": [
            11,
            12.5,
            11.5,
            14
          ],
          "texture": "#texture",
          "cullface": "down"
        }
      }
    },
    {
      "from": [
        8,
        -7,
        6
      ],
      "to": [
        8.5,
        -6.5,
        6.25
      ],
      "faces": {
        "down": {
          "uv": [
            11.5,
            13,
            12,
            13.5
          ],
          "texture": "#texture",
          "cullface": "down"
        },
        "up": {
          "uv": [
            11.5,
            13,
            12,
            13.5
          ],
          "texture": "#texture",
          "cullface": "down"
        },
        "north": {
          "uv": [
            11.5,
            13,
            12,
            13.5
          ],
          "texture": "#texture",
          "cullface": "down"
        },
        "east": {
          "uv": [
            11.5,
            13,
            12,
            13.5
          ],
          "texture": "#texture",
          "cullface": "down"
        }
      }
    }
  ],
  "display": {
    "thirdperson_righthand": {
      "rotation": [
        -6,
        71,
        9
      ],
      "translation": [
        0,
        16.25,
        1.89
      ],
      "scale": [
        1,
        1,
        1
      ]
    },
    "firstperson_righthand": {
      "rotation": [
        -31,
        -101,
        -30
      ],
      "translation": [
        4.16,
        11.53,
        -6.43
      ],
      "scale": [
        1,
        1,
        1
      ]
    },
    "gui": {
      "rotation": [
        0,
        0,
        -45
      ],
      "translation": [
        3.59,
        3.21,
        0
      ],
      "scale": [
        0.6,
        0.6,
        0.6
      ]
    }
  }
}
