{
	"__comment": "Designed by CreatorLabs with Cubik Studio - https://cubik.studio - Download 3D CreatorCraft at https://www.planetminecraft.com/texture_pack/3d-creatorcraft/",
	"textures": {
		"wood": "item/swords/wooden_sword_texture",
		"wood_dark": "item/swords/wooden_sword_texture_dark",
		"wood_v_dark": "item/swords/wood_texture",
		"iron_dark": "item/swords/iron_texture_very_dark"
	},
	"elements": [ 	 
		{
			"__comment": "base",
			"from": [ 6.375, 3.375, 7.625 ],
			"to": [ 9.875, 4.375, 9.25 ],
			"faces": {
				"down": { "uv": [ 5, 6.75, 8.5, 8.375 ], "texture": "#iron_dark" },
				"up": { "uv": [ 5, 7.625, 8.5, 9.25 ], "texture": "#iron_dark" },
				"north": { "uv": [ 7.5, 11.625, 11, 12.625 ], "texture": "#iron_dark" },
				"south": { "uv": [ 5, 11.625, 8.5, 12.625 ], "texture": "#iron_dark" },
				"west": { "uv": [ 7.625, 11.625, 9.25, 12.625 ], "texture": "#iron_dark" },
				"east": { "uv": [ 6.75, 11.625, 8.375, 12.625 ], "texture": "#iron_dark" }
			}
		},
		{
			"__comment": "base",
			"from": [ 7.25, 0.25, 7.625 ],
			"to": [ 8.875, 0.75, 9.25 ],
			"faces": {
				"down": { "uv": [ 5.9375, 6.75, 7.5625, 8.375 ], "texture": "#iron_dark" },
				"up": { "uv": [ 5.9375, 7.625, 7.5625, 9.25 ], "texture": "#iron_dark" },
				"north": { "uv": [ 8.4375, 14.125, 10.0625, 14.625 ], "texture": "#iron_dark" },
				"south": { "uv": [ 5.9375, 14.125, 7.5625, 14.625 ], "texture": "#iron_dark" },
				"west": { "uv": [ 7.625, 14.125, 9.25, 14.625 ], "texture": "#iron_dark" },
				"east": { "uv": [ 6.75, 14.125, 8.375, 14.625 ], "texture": "#iron_dark" }
			}
		},
		{
			"__comment": "dark_wood1",
			"from": [ 7.3125, 0.75, 8.1875 ],
			"to": [ 8.8125, 3.375, 8.6875 ],
			"faces": {
				"down": { "uv": [ 7.3125, 7.3125, 8.8125, 7.8125 ], "texture": "#wood_v_dark" },
				"up": { "uv": [ 7.3125, 8.1875, 8.8125, 8.6875 ], "texture": "#wood_v_dark" },
				"north": { "uv": [ 7.1875, 12.625, 8.6875, 15.25 ], "texture": "#wood_v_dark" },
				"south": { "uv": [ 7.3125, 12.625, 8.8125, 15.25 ], "texture": "#wood_v_dark" },
				"west": { "uv": [ 8.1875, 12.625, 8.6875, 15.25 ], "texture": "#wood_v_dark" },
				"east": { "uv": [ 7.3125, 12.625, 7.8125, 15.25 ], "texture": "#wood_v_dark" }
			}
		},
		{
			"__comment": "wood_light1",
			"from": [ 7.375, 4.375, 8.25 ],
			"to": [ 7.875, 13.375, 8.625 ],
			"faces": {
				"down": { "uv": [ 6, 7.375, 6.5, 7.75 ], "texture": "#wood" },
				"up": { "uv": [ 6, 8.25, 6.5, 8.625 ], "texture": "#wood" },
				"north": { "uv": [ 9.5, 2.625, 10, 11.625 ], "texture": "#wood" },
				"south": { "uv": [ 6, 2.625, 6.5, 11.625 ], "texture": "#wood" },
				"west": { "uv": [ 8.25, 2.625, 8.625, 11.625 ], "texture": "#wood" },
				"east": { "uv": [ 7.375, 2.625, 7.75, 11.625 ], "texture": "#wood" }
			}
		},
		{
			"__comment": "dark_wood",
			"from": [ 7.8125, 0.75, 7.6875 ],
			"to": [ 8.3125, 3.375, 8.1875 ],
			"faces": {
				"down": { "uv": [ 7.8125, 7.8125, 8.3125, 8.3125 ], "texture": "#wood_v_dark" },
				"up": { "uv": [ 7.8125, 7.6875, 8.3125, 8.1875 ], "texture": "#wood_v_dark" },
				"north": { "uv": [ 7.6875, 12.625, 8.1875, 15.25 ], "texture": "#wood_v_dark" },
				"south": { "uv": [ 7.8125, 12.625, 8.3125, 15.25 ], "texture": "#wood_v_dark" },
				"west": { "uv": [ 7.6875, 12.625, 8.1875, 15.25 ], "texture": "#wood_v_dark" },
				"east": { "uv": [ 7.8125, 12.625, 8.3125, 15.25 ], "texture": "#wood_v_dark" }
			}
		},
		{
			"__comment": "dark_wood2",
			"from": [ 7.8125, 0.75, 8.6875 ],
			"to": [ 8.3125, 3.375, 9.1875 ],
			"faces": {
				"down": { "uv": [ 7.8125, 6.8125, 8.3125, 7.3125 ], "texture": "#wood_v_dark" },
				"up": { "uv": [ 7.8125, 8.6875, 8.3125, 9.1875 ], "texture": "#wood_v_dark" },
				"north": { "uv": [ 7.6875, 12.625, 8.1875, 15.25 ], "texture": "#wood_v_dark" },
				"south": { "uv": [ 7.8125, 12.625, 8.3125, 15.25 ], "texture": "#wood_v_dark" },
				"west": { "uv": [ 8.6875, 12.625, 9.1875, 15.25 ], "texture": "#wood_v_dark" },
				"east": { "uv": [ 6.8125, 12.625, 7.3125, 15.25 ], "texture": "#wood_v_dark" }
			}
		},
		{
			"__comment": "wood_middle",
			"from": [ 7.875, 4.375, 8.19 ],
			"to": [ 8.375, 13.375, 8.69 ],
			"faces": {
				"down": { "uv": [ 6.5, 7.25, 7, 7.75 ], "texture": "#wood_dark" },
				"up": { "uv": [ 6.5, 8.25, 7, 8.75 ], "texture": "#wood_dark" },
				"north": { "uv": [ 9, 0, 9.5, 8.75 ], "texture": "#wood_dark" },
				"south": { "uv": [ 6.5, 0, 7, 8.75 ], "texture": "#wood_dark" },
				"west": { "uv": [ 8.25, 0, 8.75, 8.75 ], "texture": "#wood_dark" },
				"east": { "uv": [ 7.25, 0, 7.75, 8.75 ], "texture": "#wood_dark" }
			}
		},
		{
			"__comment": "wood_light2",
			"from": [ 7.875, 13.375, 8.25 ],
			"to": [ 8.375, 13.875, 8.625 ],
			"faces": {
				"down": { "uv": [ 6.5, 7.375, 7, 7.75 ], "texture": "#wood" },
				"up": { "uv": [ 6.5, 8.25, 7, 8.625 ], "texture": "#wood" },
				"north": { "uv": [ 9, 2.125, 9.5, 2.625 ], "texture": "#wood" },
				"south": { "uv": [ 6.5, 2.125, 7, 2.625 ], "texture": "#wood" },
				"west": { "uv": [ 8.25, 2.125, 8.625, 2.625 ], "texture": "#wood" },
				"east": { "uv": [ 7.375, 2.125, 7.75, 2.625 ], "texture": "#wood" }
			}
		},
		{
			"__comment": "wood_light",
			"from": [ 8.375, 4.375, 8.25 ],
			"to": [ 8.875, 13.375, 8.625 ],
			"faces": {
				"down": { "uv": [ 7, 7.375, 7.5, 7.75 ], "texture": "#wood" },
				"up": { "uv": [ 7, 8.25, 7.5, 8.625 ], "texture": "#wood" },
				"north": { "uv": [ 8.5, 0.5, 9, 9.5 ], "texture": "#wood" },
				"south": { "uv": [ 7, 0.5, 7.5, 9.5 ], "texture": "#wood" },
				"west": { "uv": [ 8.25, 0.5, 8.625, 9.5 ], "texture": "#wood" },
				"east": { "uv": [ 7.375, 0.5, 7.75, 9.5 ], "texture": "#wood" }
			}
		}
	],
	"display": {
		"thirdperson_righthand": {
			"rotation":  [ 0, 90, 0 ],
			"translation":  [ 0, 5.3913, 1.3912 ]
		},
		"thirdperson_lefthand": {
			"rotation":  [ 0, 90, 0 ],
			"translation":  [ 0, 5.3913, 1.3912 ]
		},
		"firstperson_righthand": {
			"rotation":  [ 5, -91, 0 ],
			"translation":  [ 0.6956, 6.2608, 0 ],
			"scale":  [ 1.2, 1.2, 1.2 ]
		},
		"firstperson_lefthand": {
			"rotation":  [ 5, -91, 0 ],
			"translation":  [ 0.6956, 6.2608, 0 ],
			"scale":  [ 1.2, 1.2, 1.2 ]
		},
		"gui": {
			"rotation":  [ 30, 10, -45 ],
			"translation":  [ 0.6956, 1.3913, 0 ],
			"scale":  [ 1.3129, 1.3129, 1.3129 ]
		},
		"ground": {
			"translation":  [ 0, 4.8695, 0 ],
			"scale":  [ 0.6, 0.6, 0.6 ]
		},
		"fixed": {
			"translation":  [ 0, 0.6956, 0 ]
		}
	}
}